<?xml version="1.0" encoding="UTF-8"?>
<includes>
	<include name="VideoListView">
		<control type="group"><!-- Listview focus image -->
			<visible>Control.IsVisible(50)</visible>
			<control type="image">
				<left>996</left>
				<top>438</top>
				<width>840</width>
				<height>96</height>
				<texture border="9">button-default-focus.png</texture>
				<aspectratio>stretch</aspectratio>
			</control>
			<animation condition="!Control.HasFocus(50)" effect="fade" start="100" end="60" reversible="true">Conditional</animation>
			<animation condition="Container.Position(0)" effect="slide" start="0,0" end="0,-288" time="200" tween="cubic" easing="inout" reversible="true">Conditional</animation>
			<animation condition="Container.Position(1)" effect="slide" start="0,0" end="0,-192" time="200" tween="cubic" easing="inout" reversible="true">Conditional</animation>
			<animation condition="Container.Position(2)" effect="slide" start="0,0" end="0,-96" time="200" tween="cubic" easing="inout" reversible="true">Conditional</animation>
			<animation condition="Container.Position(3)" effect="slide" start="0,0" end="0,0" time="200" tween="cubic" easing="inout" reversible="true">Conditional</animation>
			<animation condition="Container.Position(4)" effect="slide" start="0,0" end="0,96" time="200" tween="cubic" easing="inout" reversible="true">Conditional</animation>
			<animation condition="Container.Position(6)" effect="slide" start="0,0" end="0,192" time="200" tween="cubic" easing="inout" reversible="true">Conditional</animation>
			<animation condition="Container.Position(7)" effect="slide" start="0,0" end="0,288" time="200" tween="cubic" easing="inout" reversible="true">Conditional</animation>
			<animation condition="Container.Position(8)" effect="slide" start="0,0" end="0,384" time="200" tween="cubic" easing="inout" reversible="true">Conditional</animation>
		</control>
		<control type="fixedlist" id="50">
			<viewtype label="31941">list</viewtype>
			<left>996</left>
			<top>150</top>
			<width>840</width>
			<height>864</height>
			<scrolltime>0</scrolltime>
			<focusposition>2</focusposition>
			<movement>2</movement>
			<onleft>$VAR[ListScrollNavSets]</onleft>
			<onright>$VAR[ListScrollNavVideo]</onright>
			<onup>50</onup>
			<ondown>50</ondown>
			<preloaditems>4</preloaditems>
			<pagecontrol>1250</pagecontrol>
			<itemlayout height="96">
				<control type="image">
					<left>0</left>
					<top>0</top>
					<width>840</width>
					<height>96</height>
					<texture border="9">button-default.png</texture>
					<aspectratio>stretch</aspectratio>
					<animation condition="!Control.HasFocus(50)" effect="fade" start="100" end="60" reversible="true">Conditional</animation>
				</control>
				<control type="image">
					<left>3</left>
					<top>24</top>
					<width>48</width>
					<height>48</height>
					<texture>$VAR[Overlay]</texture>
					<visible>$EXP[isContentMovies] | $EXP[isContentTvshows] | $EXP[isContentSeasons] | $EXP[isContentEpisodes] | $EXP[isContentMusicvideos] | $EXP[isContentSets]</visible>
				</control>
				<control type="label">
					<left>48</left>
					<top>12</top>
					<width>720</width>
					<height>34</height>
					<font>apptv22</font>
					<label>$INFO[ListItem.Label]</label>
					<include condition="Skin.HasSetting(text-autoscroll)">scrolltext</include>
					<animation condition="![[Container.Content(files) + !ListItem.IsFolder] |Container.Content(addons) | Container.Content(movies) 	
							| Container.Content(musicvideos) | [[Container.Content(tvshows) | Container.Content(seasons)] + !String.IsEmpty(ListItem.PlotOutline)] 
							| Container.Content(episodes) | !String.IsEmpty(ListItem.Label2)]" effect="slide" start="0,0" end="0,16" time="0">Conditonal</animation>
				</control>
				<control type="label">
					<left>48</left>
					<top>48</top>
					<width>720</width>
					<height>34</height>
					<font>apptv22</font>
					<textcolor>disabled-text</textcolor>
					<label>$VAR[VideoListViewLine2]</label>
					<include condition="Skin.HasSetting(text-autoscroll)">scrolltext</include>
				</control>
				<control type="image">
					<left>787</left>
					<top>18</top>
					<width>24</width>
					<height>24</height>
					<texture>overlayvideoextras.png</texture>
					<visible>!String.IsEmpty(Listitem.Art(sflogo))</visible>
				</control>
				<control type="image">
					<left>776</left>
					<top>48</top>
					<width>48</width>
					<height>48</height>
					<texture>$VAR[ListItemFlags]</texture>
				</control>
			</itemlayout>
			<focusedlayout height="96">
				<control type="image">
					<left>3</left>
					<top>24</top>
					<width>48</width>
					<height>48</height>
					<texture>$VAR[Overlay]</texture>
					<visible>$EXP[isContentMovies] | $EXP[isContentTvshows] | $EXP[isContentSeasons] | $EXP[isContentEpisodes] | $EXP[isContentMusicvideos] | $EXP[isContentSets]</visible>
				</control>
				<control type="label">
					<left>48</left>
					<top>12</top>
					<width>720</width>
					<height>34</height>
					<font>apptv22</font>
					<label>$INFO[ListItem.Label]</label>
					<include condition="Skin.HasSetting(text-autoscroll)">scrolltext</include>
					<animation condition="![[Container.Content(files) + !ListItem.IsFolder] | Container.Content(addons) | Container.Content(movies) 
							| Container.Content(musicvideos) | [[Container.Content(tvshows) | Container.Content(seasons)] + !String.IsEmpty(ListItem.PlotOutline)] 
							| Container.Content(episodes) | !String.IsEmpty(ListItem.Label2)]" effect="slide" start="0,0" end="0,16" time="0">Conditonal</animation>
				</control>
				<control type="label">
					<left>48</left>
					<top>48</top>
					<width>720</width>
					<height>34</height>
					<font>apptv22</font>
					<textcolor>disabled-text</textcolor>
					<label>$VAR[VideoListViewLine2]</label>
					<include condition="Skin.HasSetting(text-autoscroll)">scrolltext</include>
				</control>
				<control type="image">
					<left>787</left>
					<top>18</top>
					<width>24</width>
					<height>24</height>
					<texture>overlayvideoextras.png</texture>
					<visible>!String.IsEmpty(Listitem.Art(sflogo))</visible>
				</control>
				<control type="image">
					<left>776</left>
					<top>48</top>
					<width>48</width>
					<height>48</height>
					<texture>$VAR[ListItemFlags]</texture>
				</control>
			</focusedlayout>
		</control>
		<control type="group" id="945">
			<visible>Control.IsVisible(50) + !System.ScreenSaverActive + [$EXP[isContentMovies] | $EXP[isContentTvshows]]  + [[System.IdleTime(60) + [String.IsEqual(Skin.String(listview-idleanim),60) | String.IsEmpty(Skin.String(listview-idleanim))]] | [System.IdleTime(90) + String.IsEqual(Skin.String(listview-idleanim),90)] | [System.IdleTime(120) + String.IsEqual(Skin.String(listview-idleanim),120)]]</visible>
			<animation effect="fade" start="0" end="100" time="1000">Visible</animation>
			<control type="wraplist" id="950">
				<left>-15</left>
				<top>-15</top>
				<width>15</width>
				<height>15</height>
				<autoscroll>true</autoscroll>
				<scrolltime>4000</scrolltime>
				<orientation>horizontal</orientation>
				<itemlayout height="15" width="15"/>
				<focusedlayout height="15" width="15"/>
				<content target="video" limit="12">$VAR[ListDynamicContent]</content>
			</control>
			<control type="group" id="951">
				<visible>Control.IsVisible(950)</visible>
				<control type="image">
					<left>-132</left>
					<top>285</top>
					<width>132</width>
					<height>93</height>
					<texture background="true" diffuse="mask-rect-side.png">$INFO[Container(950).Listitem(2).Art(thumb)]</texture>
					<aspectratio scalediffuse="true" aligny="bottom">keep</aspectratio>
					<colordiffuse>LongDistance</colordiffuse>
					<animation type="TYPE" condition="!Container(950).OnNext" reversible="false">
						<effect type="slide" start="0,0" end="222,15" time="5000" tween="cubic" easing="out" />
					</animation>
				</control>
				<control type="image">
					<left>90</left>
					<top>300</top>
					<width>132</width>
					<height>93</height>
					<texture background="true" diffuse="mask-rect-side.png">$INFO[Container(950).Listitem(1).Art(thumb)]</texture>
					<aspectratio scalediffuse="true" aligny="bottom">keep</aspectratio>
					<colordiffuse>MiddleDistance</colordiffuse>
					<animation type="TYPE" condition="!Container(950).OnNext" reversible="false">
						<effect type="zoom" start="90,300,132,93" end="270,315,172,122" time="5000" tween="cubic" easing="out" />
						<effect type="fade" start="50" end="70" time="4000" tween="cubic" easing="out" />
					</animation>
				</control>
				<control type="image">
					<left>270</left>
					<top>315</top>
					<width>172</width>
					<height>122</height>
					<texture background="true" diffuse="mask-rect-side.png">$INFO[Container(950).Listitem(0).Art(thumb)]</texture>
					<aspectratio scalediffuse="true" aligny="bottom">keep</aspectratio>
					<animation type="TYPE" condition="!Container(950).OnNext" reversible="false">
						<effect type="zoom" start="270,315,172,122" end="375,345,610,430" time="5000" tween="quadratic" easing="out" />
						<effect type="fade" start="58" end="100" time="4000" tween="quadratic" easing="out" />
					</animation>
				</control>
				<control type="image">
					<left>364</left>
					<top>344</top>
					<width>610</width>
					<height>430</height>
					<texture background="true" diffuse="mask-rect-side.png">$INFO[Container(950).Listitem(-1).Art(thumb)]</texture>
					<aspectratio scalediffuse="true" aligny="bottom">keep</aspectratio>
					<animation condition="!Container(950).OnNext" effect="fade" start="100" end="0" time="2400" reversible="false">Conditional</animation>
				</control>
			</control>
		</control>
		<control type="group">
			<visible>Control.IsVisible(50) + !Control.IsVisible(945)</visible>
			<control type="image">
				<left>471</left>
				<top>174</top>
				<width>504</width>
				<height>504</height>
				<texture>DefaultFolderBack.png</texture>
				<aspectratio align="right" aligny="top">keep</aspectratio>
				<visible>$EXP[isParentFolder]</visible>
			</control>
			<control type="group">
				<visible>$EXP[isnotParentFolder]</visible>
				<control type="image">
					<left>462</left>
					<top>166</top>
					<width>512</width>
					<height>512</height>
					<texture background="true" diffuse="mask-rect.png">$VAR[IconPoster]</texture>
					<aspectratio scalediffuse="true" align="right" aligny="top">keep</aspectratio>
				</control>
				<control type="group">
					<visible>[$EXP[isContentTvshows] | $EXP[isContentSeasons]]</visible>
					<include content="listitem-count">
						<param name="left" value="888" />
						<param name="top" value="634" />
						<param name="count" value="ListItem.Property(UnwatchedEpisodes)" />
						<param name="size" value="100" />
					</include>
				</control>
			</control>
			<control type="group">
				<visible>$EXP[isnotParentFolder]</visible>
				<control type="image">
					<left>36</left>
					<top>305</top>
					<width>165</width>
					<height>33</height>
					<texture>$VAR[MediaRating]</texture>
					<aspectratio>keep</aspectratio>
				</control>
				<control type="label">
					<left>36</left>
					<top>353</top>
					<width>300</width>
					<height>46</height>
					<font>apptv22</font>
					<label>$VAR[ListitemDuration]</label>
					<visible>![$EXP[isTvshow]] + ![$EXP[isSeason]] + !Container.Scrolling</visible>
				</control>
				<control type="label"><!-- Number of movies in set -->
					<left>36</left>
					<top>353</top>
					<width>300</width>
					<height>46</height>
					<font>apptv22</font>
					<label>$INFO[Container(5050).NumItems,, $LOCALIZE[342]]</label>
					<visible>ListItem.IsCollection + String.IsEmpty(ListItem.PlotOutline) + String.IsEmpty(ListItem.Plot)</visible>
				</control>
				<control type="image"><!-- Classification Rating (quick way) -->
					<left>36</left>
					<top>414</top>
					<width>64</width>
					<height>64</height>
					<aligny>bottom</aligny>
					<texture fallback="resource://resource.images.classificationicons.colour/Check Classification.png">$VAR[MPAARatingIcons]</texture>
					<aspectratio>keep</aspectratio>
					<visible>$EXP[isnotEmptyDBID] + [$EXP[isMovie] | $EXP[isTvshow] | $EXP[isSeason] | $EXP[isEpisode] | $EXP[isMusicvideo]]</visible>
				</control>
				<control type="image">
					<left>36</left>
					<top>528</top>
					<width>387</width>
					<height>150</height>
					<texture>$VAR[ListViewVideoLogo]</texture>
					<aligny>bottom</aligny>
					<aspectratio align="left">keep</aspectratio>
				</control>
				<control type="textbox">
					<left>36</left>
					<top>684</top>
					<width>944</width>
					<height>318</height>
					<font>apptv20</font>
					<label>$VAR[VideoPlot]</label>
					<align>justify</align>
					<aligny>top</aligny>
					<visible>!Container.Scrolling</visible>
				</control>
				<control type="group">
					<visible>ListItem.IsCollection + String.IsEmpty(ListItem.PlotOutline) + String.IsEmpty(ListItem.Plot)</visible>
					<!-- Markers for off screen menu items -->
					<include content="page-offscreen-vertical">
						<param name="indicator1left" value="491"/>
						<param name="indicator1top" value="700"/>
						<param name="indicator2left" value="491"/>
						<param name="indicator2top" value="998"/>
						<param name="indicatorsize" value="24"/>
						<param name="indicatorcontainer" value="5050"/>
					</include>
					<control type="panel" id="5050"><!-- Show list of movies in Set if in Set node -->
						<left>36</left>
						<top>722</top>
						<width>944</width>
						<height>276</height>
						<orientation>vertical</orientation>
						<onleft condition="Skin.HasSetting(lock-screensettings)">4501</onleft>
						<onleft condition="!Skin.HasSetting(lock-screensettings)">9000</onleft>
						<onright>50</onright>
						<onup>4501</onup>
						<ondown>4501</ondown>
						<itemlayout height="46">
							<control type="label">
								<left>10</left>
								<height>46</height>
								<width>924</width>
								<aligny>center</aligny>
								<label>$INFO[ListItem.Year,[COLOR disabled-text],[/COLOR]  -  ]$INFO[ListItem.Label]</label>
								<font>apptv20</font>
							</control>
						</itemlayout>
						<focusedlayout height="46">
							<control type="image">
								<left>0</left>
								<top>0</top>
								<width>944</width>
								<height>46</height>
								<texture border="9">button-default-focus.png</texture>
								<aspectratio>stretch</aspectratio>
							</control>
							<control type="label">
								<left>10</left>
								<height>46</height>
								<width>924</width>
								<aligny>center</aligny>
								<label>$INFO[ListItem.Year,[COLOR disabled-text],[/COLOR]  -  ]$INFO[ListItem.Label]</label>
								<font>apptv20</font>
							</control>
						</focusedlayout>
						<content sortby="year" sortorder="descending">$INFO[ListItem.FolderPath]</content>
					</control>
				</control>
			</control>
		</control>
		<include>sortletternotification</include>
		<include content="letterbar-vertical">
			<param name="searchleft" value="1848"/>
			<param name="searchtop" value="132"/>
			<param name="letterbarleft" value="1850"/>
			<param name="letterbartop" value="165"/>
			<param name="searchid" value="1240"/>
			<param name="letterbarid" value="1260"/>
			<param name="scrollbarid" value="1250"/>
			<param name="listitemid" value="50"/>
			<param name="illegalexitsearch" value="4503"/>
			<param name="illegalexitbar" value="4505"/>
			<param name="letterbarvisible" value="Control.IsVisible(50)+Skin.HasSetting(show-letterbar)+[$EXP[isContentSets]|$EXP[isContentMovies]|$EXP[isContentTvshows]|$EXP[isContentMusicvideos]]"/>
		</include>
		<control type="scrollbar" id="1250">
			<left>1872</left>
			<top>165</top>
			<width>18</width>
			<height>864</height>
			<onright>4504</onright>
			<onleft condition="Skin.HasSetting(show-letterbar) + [$EXP[isContentSets] | $EXP[isContentMovies] | $EXP[isContentTvshows] | $EXP[isContentMusicvideos]]">1260</onleft>
			<onleft condition="!Skin.HasSetting(show-letterbar) | ![$EXP[isContentSets] | $EXP[isContentMovies] | $EXP[isContentTvshows] | $EXP[isContentMusicvideos]]">50</onleft>
			<animation condition="!Control.HasFocus(1250) + !Container.Scrolling + $EXP[isnotAlwaysScrollbar]" effect="fade" start="100" end="0" time="200" reversible="true">Conditional</animation>
			<animation condition="Skin.HasSetting(show-letterbar) + [$EXP[isContentSets] | $EXP[isContentMovies] | $EXP[isContentTvshows] | $EXP[isContentMusicvideos]]" effect="slide" end="15,0" reversible="true">Conditional</animation>
			<visible>Control.IsVisible(50) + $EXP[isEnabledScrollbar]</visible>
		</control>
		<!-- Play bump sound if user tries leaving sets list by undefined direction -->
		<include content="illegal-action">
			<param name="controlid" value="4501" />
			<param name="returnid" value="5050" />
		</include>
		<!-- Play bump sound if user tries leaving item list by undefined direction -->
		<include content="illegal-action">
			<param name="controlid" value="4502" />
			<param name="returnid" value="50" />
		</include>
		<!-- Play bump sound if user tries leaving search button by undefined direction -->
		<include content="illegal-action">
			<param name="controlid" value="4503" />
			<param name="returnid" value="1240" />
		</include>
		<!-- Play bump sound if user tries leaving scrollbar by undefined direction -->
		<include content="illegal-action">
			<param name="controlid" value="4504" />
			<param name="returnid" value="1250" />
		</include>
		<!-- Play bump sound if user tries leaving letterbar by undefined direction -->
		<include content="illegal-action">
			<param name="controlid" value="4505" />
			<param name="returnid" value="1260" />
		</include>
	</include>
</includes>