<?xml version="1.0" encoding="UTF-8"?>
<window id="1115" type="dialog">
	<defaultcontrol always="true">90200</defaultcontrol>
	<coordinates>
		<system>1</system>
		<left>199</left>
		<top>210</top>
	</coordinates>
	<include>DialogOpenCloseAnimation</include>
	<controls>
		<control type="group">
			<animation effect="slide" end="0,-160" condition="Window.IsVisible(fullscreeninfo)">Conditional</animation>
			<control type="image">
				<width>1522</width>
				<height>660</height>
				<texture colordiffuse="$VAR[ThemePanelBgColor]" border="40">dialogs/default/bg.png</texture>
			</control>
			<control type="label" id="2">
				<left>30</left>
				<top>32</top>
				<width>1462</width>
				<height>40</height>
				<font>font15_title</font>
				<label>19181</label>
				<align>center</align>
				<textcolor>dialogheader</textcolor>
			</control>
			<control type="grouplist" id="90200">
				<left>33</left>
				<top>88</top>
				<width>1452</width>
				<height>540</height>
				<pagecontrol>6</pagecontrol>
				<onup>90200</onup>
				<ondown>90200</ondown>
				<onleft>6</onleft>
				<onright>6</onright>
				<control type="radiobutton" id="90201">
					<width>1452</width>
					<radioposx>1350</radioposx>
					<label>$LOCALIZE[31508]</label>
					<onclick>Skin.ToggleSetting(VideoOSDOnTop)</onclick>
					<selected>Skin.HasSetting(VideoOSDOnTop)</selected>
				</control>
				<control type="radiobutton" id="90202">
					<width>1452</width>
					<radioposx>1350</radioposx>
					<label>$LOCALIZE[31606]</label>
					<onclick>Skin.ToggleSetting(Disable.FullscreenInfoLogo)</onclick>
					<selected>!Skin.HasSetting(Disable.FullscreenInfoLogo)</selected>
					<visible>![Window.IsVisible(seekbar) + VideoPlayer.Content(LiveTV)]</visible>
				</control>
				<control type="radiobutton" id="90203">
					<width>1452</width>
					<radioposx>1350</radioposx>
					<label>$LOCALIZE[20021]</label>
					<onclick>Skin.ToggleSetting(Disable.FullscreenPoster)</onclick>
					<selected>!Skin.HasSetting(Disable.FullscreenPoster)</selected>
					<visible>![Window.IsVisible(seekbar) + VideoPlayer.Content(LiveTV)]</visible>
				</control>
				<control type="radiobutton" id="90204">
					<width>1452</width>
					<radioposx>1350</radioposx>
					<label>- $LOCALIZE[31609]</label>
					<onclick>Skin.ToggleSetting(Disable.FullscreenDiscart)</onclick>
					<selected>!Skin.HasSetting(Disable.FullscreenDiscart)</selected>
					<visible>!Skin.HasSetting(Disable.FullscreenPoster)</visible>
					<visible>![Window.IsVisible(seekbar) + VideoPlayer.Content(LiveTV)]</visible>
				</control>
				<control type="radiobutton" id="90205">
					<width>1452</width>
					<radioposx>1350</radioposx>
					<label>$LOCALIZE[31605]</label>
					<onclick>Skin.ToggleSetting(SwapFullscreenInfo)</onclick>
					<selected>Skin.HasSetting(SwapFullscreenInfo)</selected>
					<visible>Skin.HasSetting(Disable.FullscreenPoster)</visible>
					<visible>![Window.IsVisible(seekbar) + VideoPlayer.Content(LiveTV)]</visible>
				</control>
				<control type="radiobutton" id="90206">
					<width>1452</width>
					<radioposx>1350</radioposx>
					<label>$LOCALIZE[31437]</label>
					<onclick>Skin.ToggleSetting(PausedLabel)</onclick>
					<selected>Skin.HasSetting(PausedLabel)</selected>
				</control>
				<control type="radiobutton" id="90207">
					<width>1452</width>
					<radioposx>1350</radioposx>
					<label>$LOCALIZE[31351]</label>
					<onclick>Skin.ToggleSetting(Disable.Netflix.Pause)</onclick>
					<selected>!Skin.HasSetting(Disable.Netflix.Pause)</selected>
					<visible>![Window.IsVisible(seekbar) + VideoPlayer.Content(LiveTV)]</visible>
				</control>
				<control type="button" id="90208">
					<width>1452</width>
					<label>$LOCALIZE[31224]</label>
					<label2>[COLOR $VAR[ThemeLabelColor]]$VAR[OSDRightLabelOnClickLabelVar][/COLOR]</label2>
					<onclick>$VAR[OSDRightLabelOnClickVar]</onclick>
					<visible>![Window.IsVisible(seekbar) + VideoPlayer.Content(LiveTV)]</visible>
				</control>
				<control type="radiobutton" id="90209">
					<width>1452</width>
					<radioposx>1350</radioposx>
					<label>$LOCALIZE[31266]</label>
					<onclick>Skin.ToggleSetting(Disable.PlayerControlButtons)</onclick>
					<selected>Skin.HasSetting(Disable.PlayerControlButtons)</selected>
				</control>
				<control type="radiobutton" id="90210">
					<width>1452</width>
					<radioposx>1350</radioposx>
					<label>$LOCALIZE[31513]</label>
					<onclick>Skin.ToggleSetting(Enable.AddonInfo)</onclick>
					<selected>Skin.HasSetting(Enable.AddonInfo)</selected>
				</control>
				<control type="label" id="201">
					<width>1452</width>
					<radioposx>1350</radioposx>
					<height>60</height>
					<textoffsetx>15</textoffsetx>
					<font>font13_title</font>
					<label>$LOCALIZE[31135]</label>
					<textcolor>$VAR[ThemeLabelColor]</textcolor>
					<visible>VideoPlayer.Content(livetv)</visible>
				</control>
				<control type="radiobutton" id="90211">
					<label>$LOCALIZE[31512]</label>
					<onclick>Skin.ToggleSetting(Enable.RecordingInfo)</onclick>
					<selected>Skin.HasSetting(Enable.RecordingInfo)</selected>
					<width>1452</width>
					<radioposx>1350</radioposx>
					<visible>VideoPlayer.Content(livetv)</visible>
				</control>
				<control type="button" id="90212">
					<description>Infobar types</description>
					<width>1452</width>
					<radioposx>1350</radioposx>
					<label>$LOCALIZE[31136]</label>
					<label2>[COLOR $VAR[ThemeLabelColor]]$VAR[LiveTvInfobarTypeOptionsLabelVar][/COLOR]</label2>
					<onclick>$VAR[LiveTvInfobarTypeOptionsClickVar]</onclick>
					<visible>VideoPlayer.Content(livetv)</visible>
				</control>
				<control type="radiobutton" id="90213">
					<label>$LOCALIZE[31137]</label>
					<onclick>Skin.ToggleSetting(infobar_hidetencrypt)</onclick>
					<selected>Skin.HasSetting(infobar_hidetencrypt)</selected>
					<width>1452</width>
					<radioposx>1350</radioposx>
					<visible>!String.IsEqual(Skin.String(LiveTV.InfobarType),1) + VideoPlayer.Content(livetv)</visible>
				</control>
				<control type="radiobutton" id="90214">
					<label>$LOCALIZE[31138]</label>
					<onclick>Skin.ToggleSetting(infobar_hidetuners)</onclick>
					<selected>Skin.HasSetting(infobar_hidetuners)</selected>
					<width>1452</width>
					<radioposx>1350</radioposx>
					<visible>!String.IsEqual(Skin.String(LiveTV.InfobarType),1) + VideoPlayer.Content(livetv)</visible>
				</control>
				<control type="radiobutton" id="90215">
					<label>$LOCALIZE[31139]</label>
					<onclick>Skin.ToggleSetting(infobar_hidesignalinfo)</onclick>
					<selected>Skin.HasSetting(infobar_hidesignalinfo)</selected>
					<width>1452</width>
					<radioposx>1350</radioposx>
					<visible>!String.IsEqual(Skin.String(LiveTV.InfobarType),1) + VideoPlayer.Content(livetv)</visible>
				</control>
				<control type="radiobutton" id="90216">
					<label>Disable / Enable ArtMask</label>
					<onclick>Skin.ToggleSetting(PosterMask)</onclick>
					<selected>!Skin.HasSetting(PosterMask)</selected>
					<width>1452</width>
					<radioposx>1350</radioposx>
					<visible>VideoPlayer.Content(livetv)</visible>
				</control>
				<control type="radiobutton" id="90217">
					<label>Disable / Enable DiscArt</label>
					<onclick>Skin.ToggleSetting(DisablePalyerDiscArt)</onclick>
					<selected>Skin.HasSetting(DisablePalyerDiscArt)</selected>
					<width>1452</width>
					<radioposx>1350</radioposx>
					<visible>VideoPlayer.Content(livetv)</visible>
				</control>
				<control type="radiobutton" id="90218">
					<label>$LOCALIZE[32007]</label>
					<onclick>RunScript(script.skin.helper.colorpicker,skinstring=ThemePanelAudioVideoColor)</onclick>
					<param name="ColorStringVar">$VAR[ThemePanelAudioVideoColor]</param>
					<include content="CustomColorAudioVideoButton">
						<param name="ColorStringVar">$VAR[ThemePanelAudioVideoColor]</param>
					</include>
					<onclick>Dialog.Close(1115)</onclick>
				</control>
				<control type="radiobutton" id="90219">
					<label>$LOCALIZE[32033]</label>
					<onclick>RunScript(script.skin.helper.colorpicker,skinstring=AVButtonColorNoFo)</onclick>
					<param name="ColorStringVar">$VAR[ThemePanelAudioVideoColor]</param>
					<include content="CustomColorAudioVideoButton">
						<param name="ColorStringVar">$VAR[AVButtonColorNoFo]</param>
					</include>
					<onclick>Dialog.Close(1115)</onclick>
				</control>
				<control type="radiobutton" id="90220">
					<label>$LOCALIZE[32034]</label>
					<onclick>RunScript(script.skin.helper.colorpicker,skinstring=AVButtonColorFo)</onclick>
					<param name="ColorStringVar">$VAR[AVButtonColorFo]</param>
					<include content="CustomColorAudioVideoButton">
						<param name="ColorStringVar">$VAR[AVButtonColorFo]</param>
					</include>
					<onclick>Dialog.Close(1115)</onclick>
				</control>
			</control>
			<control type="scrollbar" id="6">
				<left>1480</left>
				<top>88</top>
				<width>8</width>
				<height>540</height>
				<texturesliderbackground/>
				<texturesliderbar colordiffuse="80FFFFFF" border="1">scrollbar/texturesliderbar2.png</texturesliderbar>
				<texturesliderbarfocus border="1">scrollbar/texturesliderbar2.png</texturesliderbarfocus>
				<onleft>90200</onleft>
				<onright>90200</onright>
				<showonepage>false</showonepage>
			</control>
		</control>
	</controls>
</window>
