<?xml version="1.0" encoding="UTF-8"?>
<window>
	<defaultcontrol>5001</defaultcontrol>
	<onload condition="!System.HasAddon(script.amlogic.displayinfo)">RunScript(script.amlogic.displayinfo)</onload>
	<controls>
		<control type="button" id="5001">
			<visible allowhiddenfocus="true">false</visible>
			<onleft>Close</onleft>
			<onright>Close</onright>
			<onup>Close</onup>
			<ondown>Close</ondown>
		</control>
		<control type="group">
			<description>Player Process Information</description>
			<visible>![Window.IsActive(OSDVideoSettings) | Window.IsActive(OSDAudioSettings) | Window.IsActive(VideoBookmarks) | Window.IsVisible(PVROSDChannels) | Window.IsVisible(pvrchannelguide) | Window.IsActive(subtitlesearch) | Window.IsActive(osdcmssettings)]</visible>
			<depth>0.40</depth>
			<animation effect="fade" start="0" end="100" time="0">VisibleChange</animation>
			<animation effect="fade" start="0" end="100" time="0">WindowOpen</animation>
			<animation effect="fade" start="100" end="0" time="0">WindowClose</animation>
			<left>25</left>
			<top>10</top>
			<control type="image">
				<width>1870</width>
				<height>260</height>
				<colordiffuse>CCFFFFFF</colordiffuse>
				<texture border="50">listpanel_back.png</texture>
			</control>
			<control type="grouplist">
				<top>20</top>
				<left>27</left>
				<orientation>vertical</orientation>
				<control type="label">
					<description>Video Label</description>
					<width>450</width>
					<height>30</height>
					<font>Font_Bold24</font>
					<textcolor>ff1573d4</textcolor>
					<shadowcolor>ff000000</shadowcolor>
					<label>[UPPERCASE]$LOCALIZE[291][/UPPERCASE]</label>
				</control>
				<control type="group">
					<height>30</height>
					<control type="label">
						<width>248</width>
						<font>Font_Bold24</font>
						<textcolor>ff7993b0</textcolor>
						<shadowcolor>ff000000</shadowcolor>
						<label>DECODER:</label>
					</control>
					<control type="label">
						<left>255</left>
						<width>600</width>
						<font>Font_Bold24</font>
						<textcolor>ffcecece</textcolor>
						<shadowcolor>ff000000</shadowcolor>
						<label fallback="31001">[UPPERCASE]$INFO[Player.Process(videodecoder)][/UPPERCASE]</label>
					</control>
				</control>
				<control type="group">
					<height>30</height>
					<control type="label">
						<width>248</width>
						<font>Font_Bold24</font>
						<textcolor>ff7993b0</textcolor>
						<shadowcolor>ff000000</shadowcolor>
						<label>[UPPERCASE]$LOCALIZE[169]:[/UPPERCASE]</label>
					</control>
					<control type="label">
						<left>255</left>
						<width>600</width>
						<font>Font_Bold24</font>
						<textcolor>ffcecece</textcolor>
						<shadowcolor>ff000000</shadowcolor>
						<label>$INFO[Player.Process(videowidth)]$INFO[Player.Process(videoheight),x,p] $INFO[Player.Process(videodar), (,)]</label>
					</control>
				</control>
				<control type="group">
					<height>30</height>
					<control type="label">
						<width>248</width>
						<font>Font_Bold24</font>
						<textcolor>ff7993b0</textcolor>
						<shadowcolor>ff000000</shadowcolor>
						<label>FRAMERATE:</label>
					</control>
					<control type="label">
						<left>255</left>
						<width>600</width>
						<font>Font_Bold24</font>
						<textcolor>ffcecece</textcolor>
						<shadowcolor>ff000000</shadowcolor>
						<label fallback="31001">$INFO[Player.Process(videofps),, FPS] • $INFO[System.FPS]</label>
					</control>
				</control>
				<control type="group">
					<height>30</height>
					<control type="label">
						<width>248</width>
						<font>Font_Bold24</font>
						<textcolor>ff7993b0</textcolor>
						<shadowcolor>ff000000</shadowcolor>
						<label>PIXEL FORMAT:</label>
					</control>
					<control type="label">
						<left>255</left>
						<width>600</width>
						<font>Font_Bold24</font>
						<textcolor>ffcecece</textcolor>
						<shadowcolor>ff000000</shadowcolor>
						<label fallback="31001">[UPPERCASE]$INFO[Player.Process(pixformat)][/UPPERCASE]</label>
						<visible>String.IsEmpty(Player.Process(amlogic.pixformat))</visible>
					</control>
					<control type="label">
						<left>255</left>
						<width>600</width>
						<font>Font_Bold24</font>
						<textcolor>ffcecece</textcolor>
						<shadowcolor>ff000000</shadowcolor>
						<label>[UPPERCASE]$INFO[Player.Process(amlogic.pixformat),[COLOR white],[/COLOR]][/UPPERCASE]</label>
						<visible>!String.IsEmpty(Player.Process(amlogic.pixformat))</visible>
					</control>
				</control>
				<control type="group">
					<height>30</height>
					<control type="label">
						<width>248</width>
						<font>Font_Bold24</font>
						<textcolor>ff7993b0</textcolor>
						<shadowcolor>ff000000</shadowcolor>
						<label>DEINTERLACE METHOD:</label>
						<visible>!String.IsEqual(Player.Process(deintmethod), none)</visible>
					</control>
					<control type="label">
						<left>255</left>
						<width>600</width>
						<font>Font_Bold24</font>
						<textcolor>ffcecece</textcolor>
						<shadowcolor>ff000000</shadowcolor>
						<label fallback="31001">[UPPERCASE]$INFO[Player.Process(deintmethod)][/UPPERCASE]</label>
						<visible>!String.IsEqual(Player.Process(deintmethod), none)</visible>
					</control>
				</control>
				<control type="group">
					<height>30</height>
					<control type="label">
						<width>248</width>
						<font>Font_Bold24</font>
						<textcolor>ff7993b0</textcolor>
						<shadowcolor>ff000000</shadowcolor>
						<label>SOC. TEMPERATURE:</label>
					</control>
					<control type="label">
						<left>255</left>
						<width>600</width>
						<font>Font_Bold24</font>
						<textcolor>ffcecece</textcolor>
						<shadowcolor>ff000000</shadowcolor>
						<label>[UPPERCASE]$INFO[System.CPUTemperature][/UPPERCASE]</label>
					</control>
				</control>
				<control type="group">
					<height>30</height>
					<control type="label">
						<width>248</width>
						<font>Font_Bold24</font>
						<textcolor>ff7993b0</textcolor>
						<shadowcolor>ff000000</shadowcolor>
						<label>COLOUR DEPTH:</label>
					</control>
					<control type="label">
						<left>255</left>
						<width>600</width>
						<font>Font_Bold24</font>
						<textcolor>ffcecece</textcolor>
						<shadowcolor>ff000000</shadowcolor>
						<label>$INFO[Player.Process(amlogic.eoft_gamut),[COLOR white],[/COLOR]]</label>
					</control>
					<visible>!String.IsEmpty(Player.Process(amlogic.eoft_gamut))</visible>
				</control>
			</control>
			<control type="grouplist">
				<top>20</top>
				<left>891</left>
				<orientation>vertical</orientation>
				<control type="label">
					<description>Audio Label</description>
					<width>450</width>
					<height>30</height>
					<font>Font_Bold24</font>
					<textcolor>ff1573d4</textcolor>
					<shadowcolor>ff000000</shadowcolor>
					<label>[UPPERCASE]$LOCALIZE[292][/UPPERCASE]</label>
				</control>
				<control type="group">
					<height>30</height>
					<control type="label">
						<width>248</width>
						<font>Font_Bold24</font>
						<textcolor>ff7993b0</textcolor>
						<shadowcolor>ff000000</shadowcolor>
						<label>DECODER:</label>
					</control>
					<control type="label">
						<left>255</left>
						<width>600</width>
						<font>Font_Bold24</font>
						<textcolor>ffcecece</textcolor>
						<shadowcolor>ff000000</shadowcolor>
						<label fallback="31001">[UPPERCASE]$INFO[Player.Process(audiodecoder)][/UPPERCASE]</label>
					</control>
				</control>
				<control type="group">
					<height>30</height>
					<control type="label">
						<width>248</width>
						<font>Font_Bold24</font>
						<textcolor>ff7993b0</textcolor>
						<shadowcolor>ff000000</shadowcolor>
						<label>AUDIO CHANNELS:</label>
					</control>
					<control type="label">
						<left>255</left>
						<width>600</width>
						<font>Font_Bold24</font>
						<textcolor>ffcecece</textcolor>
						<shadowcolor>ff000000</shadowcolor>
						<label fallback="31001">$INFO[Player.Process(audiochannels)]</label>
					</control>
				</control>
				<control type="group">
					<height>30</height>
					<control type="label">
						<width>248</width>
						<font>Font_Bold24</font>
						<textcolor>ff7993b0</textcolor>
						<shadowcolor>ff000000</shadowcolor>
						<label>SAMPLERATE:</label>
					</control>
					<control type="label">
						<left>255</left>
						<width>600</width>
						<font>Font_Bold24</font>
						<textcolor>ffcecece</textcolor>
						<shadowcolor>ff000000</shadowcolor>
						<label fallback="31001">$INFO[Player.Process(audiosamplerate),, Hz] ,$INFO[VideoPlayer.AudioBitrate, , kb/s]</label>
					</control>
				</control>
				<control type="group">
					<height>30</height>
					<control type="label">
						<width>248</width>
						<font>Font_Bold24</font>
						<textcolor>ff7993b0</textcolor>
						<shadowcolor>ff000000</shadowcolor>
						<label>BITS PER SAMPLE:</label>
					</control>
					<control type="label">
						<left>255</left>
						<width>600</width>
						<font>Font_Bold24</font>
						<textcolor>ffcecece</textcolor>
						<shadowcolor>ff000000</shadowcolor>
						<label>$INFO[Player.Process(audiobitspersample),, Bit]</label>
					</control>
				</control>
				<control type="group">
					<height>30</height>
					<control type="label">
						<width>248</width>
						<font>Font_Bold24</font>
						<textcolor>ff7993b0</textcolor>
						<shadowcolor>ff000000</shadowcolor>
						<label>LANGUAGE:</label>
					</control>
					<control type="label">
						<left>255</left>
						<width>600</width>
						<font>Font_Bold24</font>
						<textcolor>ffcecece</textcolor>
						<shadowcolor>ff000000</shadowcolor>
						<label>[UPPERCASE]$INFO[VideoPlayer.AudioLanguage][/UPPERCASE]</label>
					</control>
					<control type="image">
					    <top>5</top>
						<left>295</left>
						<width>35</width>
						<height>25</height>
						<texture>$INFO[VideoPlayer.AudioLanguage,flags/language/default/,.png]</texture>
						<aspect>keep</aspect>
					</control>
				</control>
				<control type="group">
					<height>30</height>
					<control type="label">
						<width>248</width>
						<font>Font_Bold24</font>
						<textcolor>ff7993b0</textcolor>
						<shadowcolor>ff000000</shadowcolor>
						<label>PLAYER VOLUME:</label>
					</control>
					<control type="label">
						<left>255</left>
						<width>600</width>
						<font>Font_Bold24</font>
						<textcolor>ffcecece</textcolor>
						<shadowcolor>ff000000</shadowcolor>
						<label>[UPPERCASE]$INFO[Player.Volume][/UPPERCASE]</label>
					</control>
				</control>
			</control>
			<control type="grouplist">
				<top>20</top>
				<left>1350</left>
				<orientation>vertical</orientation>
				<control type="label">
					<description>System Label</description>
					<width>450</width>
					<height>30</height>
					<font>Font_Bold24</font>
					<textcolor>ff1573d4</textcolor>
					<shadowcolor>ff000000</shadowcolor>
					<label>SYSTEM</label>
				</control>
				<control type="group">
					<height>30</height>
					<control type="label">
						<width>218</width>
						<font>Font_Bold24</font>
						<textcolor>ff7993b0</textcolor>
						<shadowcolor>ff000000</shadowcolor>
						<label>DECODER:</label>
					</control>
					<control type="label">
						<description>Hardware Decoding</description>
						<visible>Player.Process(videohwdecoder)</visible>
						<left>303</left>
						<width>150</width>
						<align>right</align>
						<font>Font_Bold24</font>
						<textcolor>ff00ff00</textcolor>
						<shadowcolor>ff000000</shadowcolor>
						<label>HARDWARE</label>
					</control>
					<control type="label">
						<description>Hardware Decoding</description>
						<visible>!Player.Process(videohwdecoder)</visible>
						<left>155</left>
						<width>150</width>
						<align>right</align>
						<font>Font_Bold24</font>
						<textcolor>ffff0000</textcolor>
						<shadowcolor>ff000000</shadowcolor>
						<label>SOFTWARE</label>
					</control>
				</control>
				<control type="group">
					<height>30</height>
					<control type="label">
						<width>218</width>
						<font>Font_Bold24</font>
						<textcolor>ff7993b0</textcolor>
						<shadowcolor>ff000000</shadowcolor>
						<label>[UPPERCASE]$LOCALIZE[13271][/UPPERCASE]</label>
					</control>
					<control type="label">
						<left>351</left>
						<width>150</width>
						<align>right</align>
						<font>Font_Bold24</font>
						<textcolor>ffcecece</textcolor>
						<shadowcolor>ff000000</shadowcolor>
						<info>System.CpuFrequency</info>
					</control>
					<control type="progress">
						<left>200</left>
						<width>200</width>
						<height>17</height>
						<top>7</top>
						<align>right</align>
						<texturebg colordiffuse="grey" border="2">media/texturebg_border_white.png</texturebg>
						<lefttexture border="0">media/</lefttexture>
						<midtexture colordiffuse="blue" border="3">media/processinfo.png</midtexture>
						<righttexture colordiffuse="red" border="0">media/</righttexture>
						<info>System.CpuUsage</info>
					</control>
				</control>
				<control type="group">
					<height>30</height>
					<control type="label">
						<width>218</width>
						<font>Font_Bold24</font>
						<textcolor>ff7993b0</textcolor>
						<shadowcolor>ff000000</shadowcolor>
						<label>[UPPERCASE]$LOCALIZE[31309]:[/UPPERCASE]</label>
					</control>
					<control type="label">
						<left>303</left>
						<width>150</width>
						<align>right</align>
						<font>Font_Bold24</font>
						<textcolor>ffcecece</textcolor>
						<shadowcolor>ff000000</shadowcolor>
						<label fallback="31001">$INFO[System.Memory(used.percent)]</label>
					</control>
					<control type="progress">
						<left>200</left>
						<width>200</width>
						<height>17</height>
						<top>8</top>
						<align>right</align>
						<texturebg colordiffuse="grey" border="2">media/texturebg_border_white.png</texturebg>
						<lefttexture border="0">media/</lefttexture>
						<midtexture colordiffuse="-" border="3">media/processinfo.png</midtexture>
						<righttexture colordiffuse="red" border="0">media/</righttexture>
						<info>system.memory(used)</info>
					</control>
					<control type="label">
						<width>200</width>
						<height>17</height>
						<top>94</top>
						<font>Font_Bold24</font>
						<textcolor>ff7993b0</textcolor>
						<shadowcolor>ff000000</shadowcolor>
						<label>[UPPERCASE]$LOCALIZE[13271][/UPPERCASE]</label>
						<visible>!System.Platform.Android</visible>
					</control>
				</control>
				<control type="group">
					<height>30</height>
					<control type="label">
						<width>218</width>
						<font>Font_Bold24</font>
						<textcolor>ff7993b0</textcolor>
						<shadowcolor>ff000000</shadowcolor>
						<label>CACHE LEVEL:</label>
					</control>
					<control type="label">
						<left>303</left>
						<width>150</width>
						<align>right</align>
						<font>Font_Bold24</font>
						<textcolor>ffcecece</textcolor>
						<shadowcolor>ff000000</shadowcolor>
						<label fallback="31001">$INFO[Player.CacheLevel,,%]</label>
					</control>
					<control type="progress">
						<!-- PROGRESS PVR -->
						<left>200</left>
						<width>200</width>
						<height>17</height>
						<top>9</top>
						<align>right</align>
						<texturebg colordiffuse="grey" border="2">media/texturebg_border_white.png</texturebg>
						<lefttexture border="0">media/</lefttexture>
						<midtexture colordiffuse="blue" border="3">media/processinfo.png</midtexture>
						<righttexture colordiffuse="red" border="0">media/</righttexture>
						<info>Player.CacheLevel</info>
					</control>
					<control type="label">
						<left>303</left>
						<width>150</width>
						<align>right</align>
						<font>Font_Bold24</font>
						<textcolor>ffcecece</textcolor>
						<shadowcolor>ff000000</shadowcolor>
						<label>$INFO[Player.CacheLevel,,%]</label>
					</control>
				</control>
			</control>
			<control type="grouplist">
				<visible>!System.Platform.Android</visible>
				<top>180</top>
				<left>1550</left>
				<itemgap>10</itemgap>
				<control type="image">
					<include content="CPUANIMATION">
						<param name="Core" value="0"/>
					</include>
					<width>200</width>
					<height>10</height>
					<texture background="true">media/processinfo.png</texture>
					<include>System.CoreUsage(0)</include>
				</control>
				<control type="image">
					<include content="CPUANIMATION">
						<param name="Core" value="1"/>
					</include>
					<width>200</width>
					<height>10</height>
					<texture background="true">media/processinfo.png</texture>
				</control>
				<control type="image">
					<include content="CPUANIMATION">
						<param name="Core" value="2"/>
					</include>
					<width>200</width>
					<height>10</height>
					<texture background="true">media/processinfo.png</texture>
				</control>
				<control type="image">
					<include content="CPUANIMATION">
						<param name="Core" value="3"/>
					</include>
					<width>200</width>
					<height>10</height>
					<texture background="true">media/processinfo.png</texture>
				</control>
			</control>
			<control type="grouplist">
				<visible>!System.Platform.Android</visible>
				<top>178</top>
				<left>1550</left>
				<itemgap>8.5</itemgap>
				<control type="image">
					<width>200</width>
					<height>12</height>
					<texture background="true" colordiffuse="grey" border="3">media/texturebg_border_white.png</texture>
				</control>
				<control type="image">
					<width>200</width>
					<height>12</height>
					<texture background="true" colordiffuse="grey" border="3">media/texturebg_border_white.png</texture>
				</control>
				<control type="image">
					<width>200</width>
					<height>12</height>
					<texture background="true" colordiffuse="grey" border="3">media/texturebg_border_white.png</texture>
				</control>
				<control type="image">
					<width>200</width>
					<height>12</height>
					<texture background="true" colordiffuse="grey" border="3">media/texturebg_border_white.png</texture>
				</control>
			</control>
			<control type="grouplist">
				<visible>!System.Platform.Android</visible>
				<top>173</top>
				<left>1762</left>
				<itemgap>1</itemgap>
				<control type="label">
					<width>400</width>
					<height>20</height>
					<font>font10_cpu</font>
					<label>(0)  $INFO[System.CoreUsage(0)]%</label>
				</control>
				<control type="label">
					<width>400</width>
					<height>20</height>
					<font>font10_cpu</font>
					<label>(1)  $INFO[System.CoreUsage(1)]%</label>
				</control>
				<control type="label">
					<width>400</width>
					<height>20</height>
					<font>font10_cpu</font>
					<label>(2)  $INFO[System.CoreUsage(2)]%</label>
				</control>
				<control type="label">
					<width>400</width>
					<height>20</height>
					<font>font10_cpu</font>
					<label>(3)  $INFO[System.CoreUsage(3)]%</label>
				</control>
			</control>
		</control>
		<control type="group">
			<visible>[[Pvr.IsPlayingTv + Window.IsActive(FullscreenVideo)]  | [Pvr.IsPlayingRadio | Window.IsActive(visualisation)]] + system.getbool(pvrplayback.signalquality) + ![Player.ShowInfo | Window.IsActive(OSDVideoSettings) | Window.IsActive(OSDAudioSettings) | Window.IsActive(VideoBookmarks) | Window.IsVisible(PVROSDChannels) | Window.IsVisible(pvrchannelguide) | Window.IsActive(subtitlesearch) | Window.IsActive(osdcmssettings)]</visible>
			<left>25</left>
			<top>270</top>
			<control type="image">
				<width>1870</width>
				<height>370</height>
				<colordiffuse>CCFFFFFF</colordiffuse>
				<texture border="50">listpanel_back.png</texture>
			</control>
			<control type="label">
				<description>Header</description>
				<left>25</left>
				<top>-730</top>
				<width>1188</width>
				<font>Font</font>
				<textcolor>ff1573d4</textcolor>
				<shadowcolor>ff000000</shadowcolor>
				<label>[UPPERCASE]$LOCALIZE[19005][/UPPERCASE]</label>
			</control>
			<control type="grouplist">
				<top>50</top>
				<left>27</left>
				<orientation>vertical</orientation>
				<control type="group">
					<height>30</height>
					<top>300</top>
					<left>45</left>
					<control type="label">
						<description>Backend</description>
						<top>14</top>
						<width>245</width>
						<font>Font_Bold24</font>
						<textcolor>ff7993b0</textcolor>
						<shadowcolor>ff000000</shadowcolor>
						<label>[UPPERCASE]PVR INFO:[/UPPERCASE]</label>
					</control>
					<control type="label">
						<top>14</top>
						<left>255</left>
						<width>1018</width>
						<font>Font_Bold24</font>
						<textcolor>ffcecece</textcolor>
						<shadowcolor>ff000000</shadowcolor>
						<label>[UPPERCASE]$LOCALIZE[19019]:  $INFO[Pvr.BackendChannels]  [COLOR ff1573d4]|[/COLOR]  $LOCALIZE[19163]:  $INFO[Pvr.BackendRecordings] [/UPPERCASE]</label>
					</control>
					<control type="label">
						<description>Backend</description>
						<top>50</top>
						<width>245</width>
						<font>Font_Bold24</font>
						<textcolor>ff7993b0</textcolor>
						<shadowcolor>ff000000</shadowcolor>
						<label>[UPPERCASE]$LOCALIZE[19012]:[/UPPERCASE]</label>
					</control>
					<control type="label">
						<description>Backend value</description>
						<top>50</top>
						<left>255</left>
						<width>1018</width>
						<font>Font_Bold24</font>
						<textcolor>ffcecece</textcolor>
						<shadowcolor>ff000000</shadowcolor>
						<label>[UPPERCASE]$INFO[PVR.ActStreamClient][/UPPERCASE]</label>
					</control>
					<control type="label">
						<description>Device</description>
						<top>80</top>
						<width>245</width>
						<font>Font_Bold24</font>
						<textcolor>ff7993b0</textcolor>
						<shadowcolor>ff000000</shadowcolor>
						<label>[UPPERCASE]$LOCALIZE[19006]:[/UPPERCASE]</label>
					</control>
					<control type="label">
						<description>Device value</description>
						<top>80</top>
						<left>255</left>
						<width>1018</width>
						<font>Font_Bold24</font>
						<textcolor>ffcecece</textcolor>
						<shadowcolor>ff000000</shadowcolor>
						<label>[UPPERCASE]$INFO[PVR.ActStreamDevice][/UPPERCASE]</label>
					</control>
					<control type="label">
						<description>Status</description>
						<top>110</top>
						<width>245</width>
						<font>Font_Bold24</font>
						<textcolor>ff7993b0</textcolor>
						<shadowcolor>ff000000</shadowcolor>
						<label>[UPPERCASE]$LOCALIZE[19007]:[/UPPERCASE]</label>
					</control>
					<control type="label">
						<description>Status value</description>
						<top>110</top>
						<left>255</left>
						<width>1018</width>
						<font>Font_Bold24</font>
						<textcolor>ffcecece</textcolor>
						<shadowcolor>ff000000</shadowcolor>
						<label>[UPPERCASE]$INFO[PVR.ActStreamStatus][/UPPERCASE]</label>
					</control>
					<control type="label">
						<description>Signal</description>
						<top>140</top>
						<width>245</width>
						<font>Font_Bold24</font>
						<textcolor>ff7993b0</textcolor>
						<shadowcolor>ff000000</shadowcolor>
						<label>[UPPERCASE]$LOCALIZE[19008]:[/UPPERCASE]</label>
					</control>
					<control type="progress">
						<description>Progressbar</description>
						<left>255</left>
						<top>135</top>
						<width>960</width>
						<height>17</height>
						<texturebg colordiffuse="grey" border="2">media/texturebg_border_white.png</texturebg>
						<lefttexture border="0">media/</lefttexture>
						<midtexture colordiffuse="blue" border="3">media/processinfo.png</midtexture>
						<righttexture colordiffuse="red" border="0">media/</righttexture>
						<info>PVR.ActStreamProgrSignal</info>
					</control>
					<control type="label">
						<description>Signal value</description>
						<top>140</top>
						<left>1230</left>
						<width>100</width>
						<font>Font_Bold24</font>
						<textcolor>ffcecece</textcolor>
						<shadowcolor>ff000000</shadowcolor>
						<label>[UPPERCASE]$INFO[PVR.ActStreamSignal][/UPPERCASE]</label>
					</control>
					<control type="label">
						<description>SNR</description>
						<top>170</top>
						<width>245</width>
						<font>Font_Bold24</font>
						<textcolor>ff7993b0</textcolor>
						<shadowcolor>ff000000</shadowcolor>
						<label>[UPPERCASE]$LOCALIZE[19009]:[/UPPERCASE]</label>
					</control>
					<control type="progress">
						<description>Progressbar</description>
						<left>255</left>
						<top>165</top>
						<width>960</width>
						<height>17</height>
						<texturebg colordiffuse="grey" border="2">media/texturebg_border_white.png</texturebg>
						<lefttexture border="0">media/</lefttexture>
						<midtexture colordiffuse="blue" border="3">media/processinfo.png</midtexture>
						<righttexture colordiffuse="red" border="0">media/</righttexture>
						<info>PVR.ActStreamProgrSNR</info>
					</control>
					<control type="label">
						<description>SNR value</description>
						<top>170</top>
						<left>1230</left>
						<width>100</width>
						<font>Font_Bold24</font>
						<textcolor>ffcecece</textcolor>
						<shadowcolor>ff000000</shadowcolor>
						<label>[UPPERCASE]$INFO[PVR.ActStreamSNR][/UPPERCASE]</label>
					</control>
					<control type="progress">
						<description>Progressbar</description>
						<left>255</left>
						<top>250</top>
						<width>960</width>
						<height>17</height>
						<texturebg colordiffuse="grey" border="2">media/texturebg_border_white.png</texturebg>
						<lefttexture border="0">media/</lefttexture>
						<midtexture colordiffuse="-" border="3">media/ram.png</midtexture>
						<righttexture colordiffuse="red" border="0">media/</righttexture>
						<info>Player.CacheLevel</info>
					</control>
					<control type="grouplist">
						<top>200</top>
						<orientation>horizontal</orientation>
						<itemgap>5</itemgap>
						<control type="label">
							<description>BER</description>
							<width>250</width>
							<font>Font_Bold24</font>
							<textcolor>ff7993b0</textcolor>
							<shadowcolor>ff000000</shadowcolor>
							<label>[UPPERCASE]$LOCALIZE[19010]:[/UPPERCASE]</label>
						</control>
						<control type="label">
							<description>BER value</description>
							<width>222</width>
							<font>Font_Bold24</font>
							<textcolor>ffcecece</textcolor>
							<shadowcolor>ff000000</shadowcolor>
							<label>[UPPERCASE]$INFO[PVR.ActStreamBER][/UPPERCASE]</label>
						</control>
						<control type="label">
							<description>UNC</description>
							<width>165</width>
							<font>Font_Bold24</font>
							<textcolor>ff7993b0</textcolor>
							<shadowcolor>ff000000</shadowcolor>
							<label>[UPPERCASE]$LOCALIZE[19011]:[/UPPERCASE]</label>
						</control>
						<control type="label">
							<description>UNC value</description>
							<width>222</width>
							<font>Font_Bold24</font>
							<textcolor>ffcecece</textcolor>
							<shadowcolor>ff000000</shadowcolor>
							<label>[UPPERCASE]$INFO[PVR.ActStreamUNC][/UPPERCASE]</label>
						</control>
						<control type="label">
							<description>Service</description>
							<width>165</width>
							<font>Font_Bold24</font>
							<textcolor>ff7993b0</textcolor>
							<shadowcolor>ff000000</shadowcolor>
							<label>[UPPERCASE]$LOCALIZE[19099]:[/UPPERCASE]</label>
						</control>
						<control type="label">
							<description>Service value</description>
							<width>222</width>
							<font>Font_Bold24</font>
							<textcolor>ffcecece</textcolor>
							<shadowcolor>ff000000</shadowcolor>
							<label>[UPPERCASE]$INFO[PVR.ActStreamServiceName][/UPPERCASE]</label>
						</control>
					</control>
					<control type="label">
						<left>0</left>
						<top>248</top>
						<width>960</width>
						<height>17</height>
						<font>Font_Bold24</font>
						<textcolor>FF2891dc</textcolor>
						<label>[UPPERCASE]Cache Level:[/UPPERCASE]</label>
					</control>
					<control type="label">
						<left>1230</left>
						<top>248</top>
						<width>960</width>
						<height>17</height>
						<font>Font_Bold24</font>
						<textcolor>white</textcolor>
						<label>[B]$INFO[Player.CacheLevel]%[/B]</label>
					</control>
					<control type="grouplist">
						<top>230</top>
						<orientation>horizontal</orientation>
						<itemgap>5</itemgap>
						<control type="label">
							<description>Encryption</description>
							<width>250</width>
							<font>Font_Bold24</font>
							<textcolor>ff7993b0</textcolor>
							<shadowcolor>ff000000</shadowcolor>
							<label>[UPPERCASE]$LOCALIZE[19015]:[/UPPERCASE]</label>
						</control>
						<control type="label">
							<description>Encryption value</description>
							<width>222</width>
							<font>Font_Bold24</font>
							<textcolor>ffcecece</textcolor>
							<shadowcolor>ff000000</shadowcolor>
							<label>[UPPERCASE]$INFO[PVR.ActStreamEncryptionName][/UPPERCASE]</label>
						</control>
						<control type="label">
							<description>Provider</description>
							<width>165</width>
							<font>Font_Bold24</font>
							<textcolor>ff7993b0</textcolor>
							<shadowcolor>ff000000</shadowcolor>
							<label>[UPPERCASE]$LOCALIZE[19101]:[/UPPERCASE]</label>
						</control>
						<control type="label">
							<description>Provider value</description>
							<width>222</width>
							<font>Font_Bold24</font>
							<textcolor>ffcecece</textcolor>
							<shadowcolor>ff000000</shadowcolor>
							<label>[UPPERCASE]$INFO[PVR.ActStreamProviderName][/UPPERCASE]</label>
						</control>
						<control type="label">
							<description>Mux</description>
							<width>165</width>
							<font>Font_Bold24</font>
							<textcolor>ff7993b0</textcolor>
							<shadowcolor>ff000000</shadowcolor>
							<label>[UPPERCASE]$LOCALIZE[19100]:[/UPPERCASE]</label>
						</control>
						<control type="label">
							<description>Mux value</description>
							<width>222</width>
							<font>Font_Bold24</font>
							<textcolor>ffcecece</textcolor>
							<shadowcolor>ff000000</shadowcolor>
							<label>[UPPERCASE]$INFO[PVR.ActStreamMux][/UPPERCASE]</label>
						</control>
					</control>
				</control>
			</control>
			<!--    <control type="label">
                    <top>-450</top>
                    <left>1350</left>
                    <width>250</width>
                    <font>Font_Bold24</font>
                    <textcolor>ff00ff00</textcolor>
                    <shadowcolor>ff000000</shadowcolor>
                    <label>• C.0 - $INFO[System.CoreUsage(0)]% [CR][CR]• C.1 - $INFO[System.CoreUsage(1)]% [CR][CR]• C.2 - $INFO[System.CoreUsage(2)]% [CR][CR]• C.3 $INFO[System.CoreUsage(3)]%[CR][CR]• C.4 $INFO[System.CoreUsage(4)]% [CR][CR]• C.5 $INFO[System.CoreUsage(5)]% [CR][CR]• C.6 $INFO[System.CoreUsage(6)]% [CR][CR]• C.7 $INFO[System.CoreUsage(7)]%</label>
                </control>
                <control type="progress">
                    <top>1325</top>
                    <left>-358</left>
                    <width>335</width>
                    <height>17</height>
                    <texturebg colordiffuse="grey" border="2">media/texturebg_border_white.png</texturebg>
                    <lefttexture border="0">media/</lefttexture>
                    <midtexture colordiffuse="blue" border="3">media/processinfo.png</midtexture>
                    <righttexture colordiffuse="red" border="0">media/</righttexture>
                    <info>System.CpuUsage</info>
                    <animation effect="rotate" end="450" condition="true">Conditional</animation>
                </control> -->
			<control type="image">
				<visible>!Skin.HasSetting(Enable.DefaulLogo)</visible>
				<left>1300</left>
				<top>24</top>
				<width>560</width>
				<height>330</height>
				<texture colordiffuse="80F0F8FF" background="true" diffuse="image11.png" border="22">$INFO[VideoPlayer.Cover]</texture>
			</control>
			<control type="image">
				<visible>Skin.HasSetting(Enable.DefaulLogo)</visible>
				<left>1300</left>
				<top>24</top>
				<width>560</width>
				<height>330</height>
				<texture colordiffuse="80F0F8FF" background="true" diffuse="image11.png" border="22">$INFO[VideoPlayer.ChannelName,resource://resource.images.polishtv.default/,.png]</texture>
			</control>
		</control>
	</controls>
</window>