<?xml version="1.0" encoding="UTF-8"?>
<window>
	<defaultcontrol always="true">7</defaultcontrol>
	<animation effect="zoom" start="-120" end="100" time="0" center="860" condition="">WindowOpen</animation>
	<animation effect="zoom" start="100" end="0" time="0" condition="">WindowClose</animation>
	<controls>
		<control type="group">
			<top>540</top>
			<control type="group">
				<control type="image">
					<top>-640</top>
					<left>-52</left>
					<width>2000</width>
					<height>1200</height>
					<texture colordiffuse="black">pvr_info.jpg</texture>
				</control>
				<!--<control type="image"> ikona kanalu
                    <visible>!Skin.HasSetting(Enable.DefaulLogo)</visible>
                    <left>9</left>
                    <top>450</top>
                    <width>170</width>
                    <height>80</height>
                    <texture background="true" fallback="homewidgets/DefaultMovies_landscape.png">$INFO[ListItem.Icon]</texture>
                    <visable>String.IsEmty(ListItem.Icon)</visable>
                </control>-->
				<control type="image">
					<centertop>-254</centertop>
					<left>0</left>
					<width>1000</width>
					<height>570</height>
					<texture background="true" diffuse="custom\fanart_diffuse_left.png">$VAR[PVRPosterVar]</texture>
					<visible>!Skin.HasSetting(Enable.PVRThumbs)</visible>
				</control>
				<control type="image">
					<centertop>-254</centertop>
					<left>0</left>
					<width>1000</width>
					<height>570</height>
					<texture background="true" diffuse="custom\fanart_diffuse_left.png">$VAR[NoPlayerPVRThumbVar]</texture>
					<aspectratio scalediffuse="false" align="center" aligny="top">stretch</aspectratio>
					<visible>Skin.HasSetting(Enable.PVRThumbs)</visible>
				</control>
				<!--    <control type="image">
                    <left>1</left>
                    <top>-100%</top>
                    <width>1920</width>
                    <height>1080</height>
                    <texture colordiffuse="40999999">$VAR[PVRFanartVar]</texture>
                    <visible>Skin.HasSetting(Enable.PVRThumbs)</visible>
                </control> -->
				<control type="image">
					<top>-120</top>
					<left>615</left>
					<width>400</width>
					<height>200</height>
					<aspectratio>keep</aspectratio>
					<texture>$VAR[PVRNoPlayerClearArtVar]</texture>
					<visible>Skin.HasSetting(Enable.PVRThumbs)</visible>
					<!--<visible>Skin.HasSetting(Disable.PVRCases)</visible>-->
				</control>
				<control type="group" id="429001">
					<top>86</top>
					<left>1560</left>
					<control type="image">
						<top>50</top>
						<left>-171</left>
						<width>315</width>
						<height>328</height>
						<texture>$VAR[PVRNoPlayerDiscartVar]</texture>
						<visible>Skin.HasSetting(Enable.PVRCases)</visible>
						<include>SlideLeftSpinningDiscAnimationPvr</include>
					</control>
					<control type="image">
						<top>-19</top>
						<left>18</left>
						<width>320</width>
						<height>460</height>
						<texture diffuse="panel.png">$INFO[ListItem.Icon]</texture>
						<visible>!Is.Empty(PVRPosterpvrinfoVar)</visible>
					</control>
					<control type="image">
						<top>-19</top>
						<left>18</left>
						<width>320</width>
						<height>460</height>
						<texture>$VAR[PVRPosterVar]</texture>
						<visible>Skin.HasSetting(Enable.PVRThumbs)</visible>
					</control>
					<control type="image">
						<!-- okladka -->
						<top>-60</top>
						<left>-38</left>
						<width>400</width>
						<height>525</height>
						<texture background="true">$VAR[CaseTypePathVar]$VAR[GlobalCaseVar]</texture>
						<visible>Skin.HasSetting(Enable.PVRCases)</visible>
					</control>
				</control>
				<control type="image">
					<top>-80</top>
					<left>1595</left>
					<width>300</width>
					<height>140</height>
					<aspectratio>keep</aspectratio>
					<texture>$VAR[PVRNoPlayerClearLogoVar]</texture>
					<visible>Skin.HasSetting(Enable.PVRThumbs)</visible>
				</control>
			</control>
			<control type="group">
				<top>-5</top>
				<left>-410</left>
				<!--    <control type="label">
                    <width>1915</width>
                    <height>60</height>
                    <font>Lirabiefont_Rg34</font>
                    <scroll>true</scroll>
                    <align>center</align>
                    <top>-512</top>
                    <textcolor>$VAR[ThemeLabelColor]</textcolor>
                    <label>[B]$INFO[ListItem.EpisodeName][/B] $VAR[SeasonLabel] $VAR[EpisodeLabel]</label>
                </control> -->
				<control type="label">
					<width>1000</width>
					<height>60</height>
					<left>430</left>
					<top>30</top>
					<font>FontSized</font>
					<scroll>true</scroll>
					<textcolor>blue</textcolor>
					<label>$INFO[ListItem.Title]</label>
					<!--<label>$INFO[ListItem.ChannelName] • $INFO[ListItem.Title] • $INFO[ListItem.Year,,]</label> -->
					<shadowcolor>white</shadowcolor>
				</control>
				<control type="label">
					<width>1000</width>
					<left>430</left>
					<height>160</height>
					<font>Font_Rg</font>
					<scroll>true</scroll>
					<top>75</top>
					<textcolor>FFBEBEBE</textcolor>
					<label>$INFO[ListItem.Director,[COLOR blue]$LOCALIZE[20339]:[/COLOR] ,]</label>
					<shadowcolor/>
				</control>
				<control type="label">
					<left>430</left>
					<width>1000</width>
					<height>160</height>
					<font>Font_Rg</font>
					<top>40</top>
					<textcolor>FFBEBEBE</textcolor>
					<label>$INFO[ListItem.Genre,[COLOR blue]$LOCALIZE[515]:[/COLOR] ,]</label>
				</control>
				<control type="label">
					<left>430</left>
					<width>1000</width>
					<height>160</height>
					<font>Font_Rg</font>
					<scroll>true</scroll>
					<top>200</top>
					<textcolor>FFBEBEBE</textcolor>
					<label>$INFO[ListItem.NextTitle,$LOCALIZE[19031]: [COLOR grey2],[/COLOR]][CR]$LOCALIZE[32000]: $INFO[ListItem.NextStartTime] $LOCALIZE[32001]: $INFO[ListItem.NextEndTime]  $LOCALIZE[31009]: $INFO[Listitem.NextDuration]</label>
				</control>
				<control type="label">
					<left>430</left>
					<width>1000</width>
					<height>160</height>
					<font>Font_Rg</font>
					<scroll>true</scroll>
					<top>255</top>
					<textcolor>FFBEBEBE</textcolor>
					<label>$INFO[Pvr.BackendChannels,[COLOR grey]$LOCALIZE[19019]:[/COLOR] ]$INFO[Pvr.BackendRecordings,[COLOR grey]  |  $LOCALIZE[19163]:[/COLOR] ]</label>
				</control>
				<control type="image">
					<width>350</width>
					<height>35</height>
					<left>424</left>
					<top>190</top>
					<texture colordiffuse="FFD3D3D3">$INFO[ListItem.Rating,flags/rating/3d/,.png]</texture>
				</control>
				<control type="image" id="142099">
					<width>1350</width>
					<height>1135</height>
					<left>424</left>
					<top>190</top>
					<bordersize>2</bordersize>
					<texture>$INFO[ListItem.Studio,resource://resource.images.studios.white/,.png</texture>
				</control>
			</control>
			<!--   <control type="label">
                    <width>1915</width>
                    <height>60</height>
                    <font>Lirabiefont_Rg29</font>
                    <align>center</align>
                    <top>176</top>
                    <textcolor>FF888888</textcolor>
                    <label>[B]$LOCALIZE[32000] $INFO[ListItem.StartTime] $LOCALIZE[32001] $INFO[ListItem.EndTime]  $LOCALIZE[31009]: $INFO[ListItem.Duration][/B]</label>
                    <shadowcolor>white</shadowcolor>
                </control> -->
			<control type="group">
				<top>10</top>
				<control type="image">
					<left>0</left>
					<top>477</top>
					<width>1920</width>
					<height>57</height>
					<align>center</align>
					<texture border="3" colordiffuse="66909090">back.png</texture>
				</control>
				<control type="grouplist" id="9000">
					<top>480</top>
					<width>1888</width>
					<height>290</height>
					<onleft>9000</onleft>
					<onright>9000</onright>
					<onup>300</onup>
					<ondown>9001</ondown>
					<align>center</align>
					<orientation>horizontal</orientation>
					<control type="button" id="7">
						<description>OK</description>
						<label>186</label>
						<width>240</width>
						<height>50</height>
						<align>center</align>
						<textcolor>grey2</textcolor>
						<focusedcolor>ffff8000</focusedcolor>
						<autoscroll>true</autoscroll>
						<texturefocus border="2" colordiffuse="white">pvrinfo.png</texturefocus>
						<texturenofocus border="2" colordiffuse="FF909090">pvrinfo.png</texturenofocus>
					</control>
					<control type="button" id="5">
						<description>Switch to Channel</description>
						<label>19165</label>
						<width>240</width>
						<height>50</height>
						<align>center</align>
						<textcolor>grey2</textcolor>
						<focusedcolor>ffff8000</focusedcolor>
						<autoscroll>true</autoscroll>
						<texturefocus border="2" colordiffuse="white">pvrinfo.png</texturefocus>
						<texturenofocus border="2" colordiffuse="FF909090">pvrinfo.png</texturenofocus>
					</control>
					<control type="button" id="10">
						<description>Play Archive</description>
						<label>Play Archive</label>
						<width>240</width>
						<height>50</height>
						<align>center</align>
						<textcolor>grey2</textcolor>
						<focusedcolor>ffff8000</focusedcolor>
						<autoscroll>true</autoscroll>
						<texturefocus border="2" colordiffuse="white">pvrinfo.png</texturefocus>
						<texturenofocus border="2" colordiffuse="FF909090">pvrinfo.png</texturenofocus>
						<!--<include>Window.IsActive(PVRGuideInfo)</include> -->
					</control>
					<control type="button" id="122">
						<label>Embuary TV</label>
						<align>center</align>
						<width>240</width>
						<height>50</height>
						<textcolor>grey2</textcolor>
						<focusedcolor>ffff8000</focusedcolor>
						<autoscroll>true</autoscroll>
						<texturefocus border="2" colordiffuse="white">pvrinfo.png</texturefocus>
						<texturenofocus border="2" colordiffuse="FF909090">pvrinfo.png</texturenofocus>
						<onclick>Action(Close)</onclick>
						<onclick>RunScript(script.embuary.info,call=tv,query=$INFO[ListItem.Title])</onclick>
						<visible>System.HasAddon(script.embuary.info)</visible>
					</control>
					<control type="button" id="123">
						<label>Embuary Movie</label>
						<align>center</align>
						<width>240</width>
						<height>50</height>
						<textcolor>grey2</textcolor>
						<focusedcolor>ffff8000</focusedcolor>
						<autoscroll>true</autoscroll>
						<texturefocus border="2" colordiffuse="white">pvrinfo.png</texturefocus>
						<texturenofocus border="2" colordiffuse="FF909090">pvrinfo.png</texturenofocus>
						<onclick>Action(Close)</onclick>
						<onclick>RunScript(script.embuary.info,call=movie,query=$INFO[ListItem.Title])</onclick>
						<visible>System.HasAddon(script.embuary.info)</visible>
					</control>
					<control type="button" id="4">
						<description>Similar</description>
						<label>Similar</label>
						<width>240</width>
						<height>50</height>
						<align>center</align>
						<textcolor>grey2</textcolor>
						<focusedcolor>ffff8000</focusedcolor>
						<autoscroll>true</autoscroll>
						<texturefocus border="2" colordiffuse="white">pvrinfo.png</texturefocus>
						<texturenofocus border="2" colordiffuse="FF909090">pvrinfo.png</texturenofocus>
					</control>
					<control type="button" id="6">
						<description>Record</description>
						<width>240</width>
						<height>50</height>
						<align>center</align>
						<textcolor>grey2</textcolor>
						<focusedcolor>ffff8000</focusedcolor>
						<autoscroll>true</autoscroll>
						<texturefocus border="2" colordiffuse="white">pvrinfo.png</texturefocus>
						<texturenofocus border="2" colordiffuse="FF909090">pvrinfo.png</texturenofocus>
					</control>
					<control type="button" id="9">
						<description>Timer</description>
						<label>19061</label>
						<width>240</width>
						<height>50</height>
						<align>center</align>
						<textcolor>grey2</textcolor>
						<focusedcolor>ffff8000</focusedcolor>
						<autoscroll>true</autoscroll>
						<texturefocus border="2" colordiffuse="white">pvrinfo.png</texturefocus>
						<texturenofocus border="2" colordiffuse="FF909090">pvrinfo.png</texturenofocus>
					</control>
					<control type="button" id="8">
						<description>Play Record.</description>
						<label>19687</label>
						<width>240</width>
						<height>50</height>
						<align>center</align>
						<textcolor>grey2</textcolor>
						<focusedcolor>ffff8000</focusedcolor>
						<autoscroll>true</autoscroll>
						<texturefocus border="2" colordiffuse="white">pvrinfo.png</texturefocus>
						<texturenofocus border="2" colordiffuse="FF909090">pvrinfo.png</texturenofocus>
					</control>
					<!--<control type="button" id="667">
                        <align>center</align>
                        <label>Record</label>
                        <width>240</width>
                        <height>50</height>
                        <textcolor>grey2</textcolor>
                        <focusedcolor>ffff8000</focusedcolor>
                        <autoscroll>true</autoscroll>
                        <label>IPTV Recorder</label>
                        <texturefocus border="2" colordiffuse="white">pvrinfo.png</texturefocus>
                        <texturenofocus border="2" colordiffuse="FF909090">pvrinfo.png</texturenofocus>
                        <onclick>Action(close)</onclick>
                        <onclick condition="System.hasAddon(plugin.video.iptv.recorder)">RunScript(plugin.video.iptv.recorder,$ESCINFO[ListItem.ChannelName],$ESCINFO[ListItem.Title],$ESCINFO[ListItem.Date],$ESCINFO[ListItem.Duration],$ESCINFO[ListItem.Plot])</onclick>
                        <visible>System.HasAddon(plugin.video.iptv.recorder)</visible>
                    </control>
                    <control type="button" id="668">
                        <align>center</align>
                        <label>19687</label>
                        <width>240</width>
                        <height>50</height>
                        <textcolor>grey2</textcolor>
                        <focusedcolor>ffff8000</focusedcolor>
                        <autoscroll>true</autoscroll>
                        <texturefocus border="2" colordiffuse="white">pvrinfo.png</texturefocus>
                        <texturenofocus border="2" colordiffuse="FF909090">pvrinfo.png</texturenofocus>
                        <onclick>Action(close)</onclick>
                        <onclick>ActivateWindow(10025,&quot;plugin://plugin.video.iptv.recorder/recordings&quot;,return)</onclick>
                        <visible>System.HasAddon(plugin.video.iptv.recorder)</visible>
                    </control>
                    <control type="button" id="440">
                        <align>center</align>
                        <label>You Tube</label>
                        <width>240</width>
                        <height>50</height>
                        <textcolor>grey2</textcolor>
                        <focusedcolor>ffff8000</focusedcolor>
                        <autoscroll>true</autoscroll>
                        <texturefocus border="2" colordiffuse="white">pvrinfo.png</texturefocus>
                        <texturenofocus border="2" colordiffuse="FF909090">pvrinfo.png</texturenofocus>
                        <onclick>Action(close)</onclick>
                        <onclick>RunScript(script.extendedinfo,info=youtubebrowser,id=$INFO[ListItem.Title])</onclick>
                        <visible>System.hasAddon(script.extendedinfo)</visible>
                    </control>-->
					<control type="button" id="11">
						<align>center</align>
						<label>$LOCALIZE[826]</label>
						<width>240</width>
						<height>50</height>
						<textcolor>grey2</textcolor>
						<focusedcolor>ffff8000</focusedcolor>
						<autoscroll>true</autoscroll>
						<texturefocus border="2" colordiffuse="white">pvrinfo.png</texturefocus>
						<texturenofocus border="2" colordiffuse="FF909090">pvrinfo.png</texturenofocus>
						<visible>Window.IsActive(PVRGuideInfo)</visible>
					</control>
					<!--   <control type="button" id="441">
                        <align>center</align>
                        <label>$ADDON[service.kn.switchtimer 30040]</label>
                        <width>240</width>
                        <height>50</height>
                        <textcolor>grey2</textcolor>
                        <focusedcolor>ffff8000</focusedcolor>
                        <autoscroll>true</autoscroll>
                        <label>dgddg</label>
                        <texturefocus border="2" colordiffuse="white">pvrinfo.png</texturefocus>
                        <texturenofocus border="2" colordiffuse="FF909090">pvrinfo.png</texturenofocus>
                        <onclick>Action(close)</onclick>
                        <onclick>RunScript(service.kn.switchtimer,action=add,channel=$INFO[ListItem.ChannelName],icon=$INFO[ListItem.Icon],date=$INFO[ListItem.Date],title=$INFO[ListItem.Title])</onclick>
                        <visible>System.HasAddon(service.kn.switchtimer) + Window.IsVisible(tvguide)</visible>
                    </control> -->
				</control>
			</control>
			<control type="group" id="90017">
				<top>-480</top>
				<onup>9000</onup>
				<ondown/>
				<control type="textbox" id="4">
					<width>980</width>
					<height>424</height>
					<centerleft>74.5%</centerleft>
					<description>Plot</description>
					<pagecontrol/>
					<font>font14</font>
					<textcolor>grey</textcolor>
					<align>center</align>
					<label>$INFO[ListItem.Plot][CR][CR]$INFO[ListItem.Cast,[COLOR blue][B]$LOCALIZE[206]:[/B] [/COLOR][CR][CR][COLOR FFFF8C00],[/COLOR]]</label>
					<autoscroll time="2333" delay="6000" repeat="6000">!Skin.HasSetting(Enable.AutoScroll) + !Control.HasFocus(900171)</autoscroll>
					<animation effect="fade" start="1000" end="100" time="3000" tween="sine" easing="inout">VisibleChange</animation>
				</control>
			</control>
		</control>
		<control type="image">
			<top>71.5%</top>
			<width>101%</width>
			<height>312</height>
			<texture flipy="true">bottom_shadow.png</texture>
		</control>
		<control type="image">
			<width>101%</width>
			<height>312</height>
			<texture>bottom_shadow.png</texture>
		</control>
		<control type="image">
			<top>1300</top>
			<width>28%</width>
			<height>12</height>
			<centerleft>-20.4%</centerleft>
			<texture colordiffuse="grey">separator4.png</texture>
			<animation effect="rotate" end="450" condition="true">Conditional</animation>
		</control>
	</controls>
</window>