<?xml version="1.0" encoding="UTF-8"?>
<window>
	<onload condition="Control.IsVisible(50)">SetFocus(50)</onload>
	<onload condition="Control.IsVisible(51)">SetFocus(51)</onload>
	<onload condition="Control.IsVisible(52)">SetFocus(52)</onload>
	<onload>SetProperty(Window.HasSettings,True,Home)</onload>
	<onload>ClearProperty(MediaMenu,Home)</onload>
	<onunload>ClearProperty(MediaMenu,Home)</onunload>
	<onunload>ClearProperty(Window.HasSettings,Home)</onunload>
	<views>50,51,52</views>
	<menucontrol>9051</menucontrol>
	<controls>
		<include>CommonBackground</include>
		<control type="group">
			<include>WindowOpenCloseAnimation</include>
			<!-- view id = 50 -->
			<include>DefaultPVRChannels</include>
			<!-- view id = 51 -->
			<include condition="!Skin.HasSetting(Disable.WallPVRChannels)">WallPVRChannels</include>
			<!-- view id = 52 -->
			<include condition="!Skin.HasSetting(Disable.BigListPVRChannels)">BigListPVRChannels</include>
		</control>
		<include condition="!Skin.HasSetting(Disable.ScrollLabel)">ScrollOffsetLabel</include>
		<control type="image">
			<include>FullscreenDimensions</include>
			<texture>black-back.png</texture>
			<animation effect="fade" time="0">Visible</animation>
			<animation effect="fade" time="0">Hidden</animation>
			<visible>Window.IsActive(FileBrowser) | Window.IsActive(PVRGuideInfo) | Window.IsActive(PVRRecordingInfo) | Window.IsActive(PVRTimerSetting) | Window.IsActive(PVRGroupManager) | Window.IsActive(PVRGuideSearch)</visible>
		</control>
		<include>Topbar</include>
		<include>PVRMediaMenu</include>
		<control type="label">
			<left>60</left>
			<top>60</top>
			<width>915</width>
			<height>60</height>
			<label>$INFO[PVR.ChannelNumberInput]</label>
			<font>font_MainMenu</font>
			<shadowcolor>black</shadowcolor>
			<visible>!String.IsEmpty(PVR.ChannelNumberInput)</visible>
		</control>
	</controls>
</window>