<?xml version="1.0" encoding="UTF-8"?>
<window>
	<defaultcontrol>50</defaultcontrol>
	<onload>SetProperty(Window.HasSettings,True,Home)</onload>
	<onload>ClearProperty(MediaMenu,Home)</onload>
	<onunload>ClearProperty(MediaMenu,Home)</onunload>
	<onunload>ClearProperty(Window.HasSettings,Home)</onunload>
	<views>50</views>
	<controls>
		<include>CommonBackground</include>
		<control type="group">
			<description>Timers group</description>
			<visible>Control.IsVisible(50)</visible>
			<include>WindowOpenCloseAnimation</include>
			<include>ViewAnimation</include>
			<left>100</left>
			<top>-40</top>
			<control type="image">
				<left>-32</left>
				<top>148</top>
				<width>1204</width>
				<height>904</height>
				<texture colordiffuse="$VAR[ThemePanelColor]" border="40">listpanel_back.png</texture>
			</control>
			<control type="list" id="50">
				<top>180</top>
				<width>1140</width>
				<height>840</height>
				<onleft>SetProperty(MediaMenu,True,Home)</onleft>
				<onleft>SetFocus(9050)</onleft>
				<onright>72</onright>
				<onup>50</onup>
				<ondown>50</ondown>
				<viewtype label="535">list</viewtype>
				<pagecontrol>72</pagecontrol>
				<scrolltime tween="quadratic">0</scrolltime>
				<itemlayout height="120" width="1140">
					<control type="image">
						<left>15</left>
						<top>8</top>
						<width>105</width>
						<height>105</height>
						<aspectratio>keep</aspectratio>
						<colordiffuse>88FFFFFF</colordiffuse>
						<texture background="true">$INFO[ListItem.Icon]</texture>
					</control>
					<control type="label">
						<left>135</left>
						<width>950</width>
						<height>120</height>
						<font>font60</font>
						<label>$INFO[ListItem.Label]</label>
						<visible>String.IsEmpty(ListItem.Date)</visible>
					</control>
					<control type="label">
						<left>135</left>
						<width>950</width>
						<height>50</height>
						<font>font30</font>
						<textcolor>grey2</textcolor>
						<label>$INFO[ListItem.ChannelName]$INFO[ListItem.Label, - ]</label>
						<visible>!String.IsEmpty(ListItem.Date)</visible>
					</control>
					<control type="label">
						<left>174</left>
						<width>950</width>
						<height>50</height>
						<font>font12</font>
						<align>right</align>
						<textcolor>grey2</textcolor>
						<label>$INFO[ListItem.Timertype]</label>
					</control>
					<control type="label">
						<left>135</left>
						<top>70</top>
						<width>950</width>
						<height>50</height>
						<font>font15</font>
						<textcolor>grey3</textcolor>
						<label>$INFO[ListItem.Date]</label>
					</control>
					<control type="image">
						<left>1090</left>
						<top>40</top>
						<width>40</width>
						<height>40</height>
						<texture>$VAR[PVRTimerIcon]</texture>
					</control>
					<control type="label">
						<left>135</left>
						<top>40</top>
						<width>950</width>
						<height>45</height>
						<font>font12</font>
						<textcolor>grey3</textcolor>
						<label>$VAR[EpisodeCountVar,, - ]$INFO[ListItem.EpisodeName]</label>
					</control>
					<control type="label">
						<left>174</left>
						<top>70</top>
						<width>950</width>
						<height>50</height>
						<font>font12</font>
						<align>right</align>
						<textcolor>grey3</textcolor>
						<label>$INFO[ListItem.Comment]</label>
					</control>
				</itemlayout>
				<focusedlayout height="120" width="1140">
					<control type="image">
						<width>1140</width>
						<height>120</height>
						<texture colordiffuse="$VAR[HighlightBarColor]" border="4">listselect_fo.png</texture>
						<visible>Control.HasFocus(50)</visible>
						<!-- <include>VisibleFadeAnimation</include> -->
					</control>
					<control type="image">
						<left>15</left>
						<top>8</top>
						<width>105</width>
						<height>105</height>
						<aspectratio>keep</aspectratio>
						<texture background="true">$INFO[ListItem.Icon]</texture>
					</control>
					<control type="label">
						<left>135</left>
						<width>950</width>
						<height>120</height>
						<font>font60</font>
						<label>$INFO[ListItem.Label]</label>
						<visible>String.IsEmpty(ListItem.Date)</visible>
					</control>
					<control type="label">
						<left>135</left>
						<width>950</width>
						<height>50</height>
						<font>font30</font>
						<label>$INFO[ListItem.ChannelName]$INFO[ListItem.Label, - ]</label>
						<visible>!String.IsEmpty(ListItem.Date)</visible>
					</control>
					<control type="label">
						<left>174</left>
						<width>950</width>
						<height>50</height>
						<font>font12</font>
						<align>right</align>
						<label>$INFO[ListItem.Timertype]</label>
					</control>
					<control type="label">
						<left>135</left>
						<top>70</top>
						<width>950</width>
						<height>50</height>
						<font>font15</font>
						<textcolor>grey2</textcolor>
						<label>$INFO[ListItem.Date]</label>
					</control>
					<control type="image">
						<left>1090</left>
						<top>40</top>
						<width>40</width>
						<height>40</height>
						<texture>$VAR[PVRTimerIcon]</texture>
					</control>
					<control type="label">
						<left>135</left>
						<top>40</top>
						<width>950</width>
						<height>45</height>
						<font>font12</font>
						<textcolor>grey2</textcolor>
						<label>$VAR[EpisodeCountVar,, - ]$INFO[ListItem.EpisodeName]</label>
					</control>
					<control type="label">
						<left>174</left>
						<top>70</top>
						<width>950</width>
						<height>50</height>
						<font>font12</font>
						<align>right</align>
						<textcolor>grey2</textcolor>
						<label>$INFO[ListItem.Comment]</label>
					</control>
				</focusedlayout>
			</control>
			<control type="scrollbar" id="72">
				<left>1140</left>
				<top>180</top>
				<width>14</width>
				<height>840</height>
				<onleft>50</onleft>
				<onright>46</onright>
				<texturesliderbackground/>
				<texturesliderbar colordiffuse="80FFFFFF" border="1">scrollbar/texturesliderbar2.png</texturesliderbar>
				<texturesliderbarfocus border="1">scrollbar/texturesliderbar2.png</texturesliderbarfocus>
				<showonepage>false</showonepage>
			</control>
			<control type="group">
				<left>1196</left>
				<top>195</top>
				<control type="image">
					<left>100</left>
					<top>-100</top>
					<width>370</width>
					<height>535</height>
					<aspectratio align="center" aligny="top">keep</aspectratio>
					<texture background="true">$VAR[PVRNoPlayerClearLogoVar]</texture>
				</control>
				<control type="image">
					<width>570</width>
					<height>835</height>
					<aspectratio aligny="bottom">keep</aspectratio>
					<texture background="true">$INFO[Container(50).ListItem.Icon]</texture>
					<fadetime>0</fadetime>
					<bordertexture border="20">thumbs/thumb_shadow.png</bordertexture>
					<bordersize>20</bordersize>
					<visible>String.IsEmpty(NoPlayerPVRThumbVar)</visible>
				</control>
				<control type="image">
					<left>-36</left>
					<width>670</width>
					<height>835</height>
					<aspectratio aligny="bottom">keep</aspectratio>
					<texture background="true">$INFO[Window(Home).Property(SkinHelper.ListItem.Art.Thumb)]</texture>
					<fadetime>0</fadetime>
					<bordertexture border="0">new_pvr/overlay/OverlayDialogBackground.png</bordertexture>
					<bordersize>20</bordersize>
				</control>
				<control type="image">
					<top>795</top>
					<width>570</width>
					<height>835</height>
					<aspectratio aligny="top">keep</aspectratio>
					<fadetime>0</fadetime>
					<texture diffuse="thumbs/thumb_reflect.png" flipy="true" fallback="DefaultVideo.png" background="true">$INFO[Container(50).ListItem.Icon]</texture>
					<bordersize>20</bordersize>
				</control>
				<control type="group">
					<control type="textbox">
						<left>-23</left>
						<top>-20</top>
						<width>630</width>
						<height>377</height>
						<font>font15</font>
						<textcolor>grey2</textcolor>
						<align>center</align>
						<label>$INFO[ListItem.Plot]</label>
						<pagecontrol>46</pagecontrol>
						<autoscroll time="3333" delay="4000" repeat="5000">Skin.HasSetting(Enable.AutoScroll) + !Control.HasFocus(46)</autoscroll>
					</control>
					<control type="scrollbar" id="46">
						<left>610</left>
						<top>-5</top>
						<width>12</width>
						<height>338</height>
						<onleft>50</onleft>
						<showonepage>false</showonepage>
						<texturesliderbackground colordiffuse="1AFFFFFF">colors/white50.png</texturesliderbackground>
						<texturesliderbar colordiffuse="1AFFFFFF">colors/white.png</texturesliderbar>
						<texturesliderbarfocus colordiffuse="$VAR[ThemeLabelColor]">colors/white.png</texturesliderbarfocus>
					</control>
					<animation effect="slide" end="0,80" time="0" condition="![String.IsEmpty(Window(Home).Property(SkinHelper.ListItem.Art.ClearLogo)) + String.IsEmpty(Window(Home).Property(SkinHelper.ListItem.Art.tvshow.clearlogo))]">Conditional</animation>
				</control>
			</control>
		</control>
		<include condition="!Skin.HasSetting(Disable.ScrollLabel)">ScrollOffsetLabel</include>
		<control type="image">
			<width>100%</width>
			<height>1080</height>
			<texture>black-back.png</texture>
			<animation effect="fade" time="0">Visible</animation>
			<animation effect="fade" time="0">Hidden</animation>
			<visible>Window.IsActive(FileBrowser) | Window.IsActive(PVRGuideInfo) | Window.IsActive(PVRRecordingInfo) | Window.IsActive(PVRTimerSetting) | Window.IsActive(PVRGroupManager) | Window.IsActive(PVRGuideSearch)</visible>
		</control>
		<include>Topbar</include>
		<include>PVRMediaMenu</include>
	</controls>
</window>