<?xml version="1.0" encoding="UTF-8"?>
<window>
	<controls>
		<control type="image">
			<include>FullscreenDimensions</include>
			<texture>black.png</texture>
		</control>
		<control type="list" id="1">
			<width>1920</width>
			<height>1080</height>
			<orientation>horizontal</orientation>
			<scrolltime>0</scrolltime>
			<pagecontrol>2</pagecontrol>
			<itemlayout/>
			<focusedlayout width="1920" height="1080"/>
		</control>
		<control type="image">
			<width>1920</width>
			<height>1080</height>
			<aspectratio>keep</aspectratio>
			<texture>$INFO[Container(1).ListItem.Icon]</texture>
			<fadetime>IconCrossfadeTime</fadetime>
		</control>
		<control type="scrollbar" id="2">
			<bottom>0</bottom>
			<height>5</height>
			<width>1920</width>
			<orientation>horizontal</orientation>
			<showonepage>false</showonepage>
			<texturesliderbackground/>
			<texturesliderbar colordiffuse="40FFFFFF">colors/white.png</texturesliderbar>
			<texturesliderbarfocus colordiffuse="$VAR[ThemeLabelColor]">colors/white.png</texturesliderbarfocus>
			<animation effect="fade" time="0" start="100" end="0" condition="System.IdleTime(2)">Conditional</animation>
		</control>
	</controls>
</window>