<?xml version="1.0" encoding="UTF-8"?>
<window>
	<defaultcontrol always="true">95</defaultcontrol>
	<controls>
		<include>CommonBackground</include>
		<control type="group">
			<top>59</top>
			<include>WindowOpenCloseAnimation</include>
			<include>SystemPanel</include>
			<control type="grouplist" id="9000">
				<left>81</left>
				<top>32</top>
				<width>356</width>
				<height>810</height>
				<onup>9000</onup>
				<ondown>9000</ondown>
				<onright>60</onright>
				<control type="button" id="95">
					<description>Button Summary Values</description>
					<width>356</width>
					<height>90</height>
					<font>font15</font>
					<texturefocus colordiffuse="$VAR[HighlightBarColor]" border="3">listselect_fo.png</texturefocus>
					<label>20037</label>
				</control>
				<control type="button" id="94">
					<description>Button Storage</description>
					<width>356</width>
					<height>90</height>
					<font>font15</font>
					<texturefocus colordiffuse="$VAR[HighlightBarColor]" border="3">listselect_fo.png</texturefocus>
					<label>13277</label>
				</control>
				<control type="button" id="96">
					<description>Button Network</description>
					<width>356</width>
					<height>90</height>
					<font>font15</font>
					<texturefocus colordiffuse="$VAR[HighlightBarColor]" border="3">listselect_fo.png</texturefocus>
					<label>13279</label>
				</control>
				<control type="button" id="97">
					<description>Button Video</description>
					<width>356</width>
					<height>90</height>
					<font>font15</font>
					<texturefocus colordiffuse="$VAR[HighlightBarColor]" border="3">listselect_fo.png</texturefocus>
					<label>13280</label>
				</control>
				<control type="button" id="98">
					<description>Button Hardware</description>
					<width>356</width>
					<height>90</height>
					<font>font15</font>
					<texturefocus colordiffuse="$VAR[HighlightBarColor]" border="3">listselect_fo.png</texturefocus>
					<label>13281</label>
				</control>
				<control type="button" id="99">
					<description>Button PVR</description>
					<width>356</width>
					<height>90</height>
					<font>font15</font>
					<texturefocus colordiffuse="$VAR[HighlightBarColor]" border="3">listselect_fo.png</texturefocus>
					<label>19191</label>
				</control>
				<control type="button" id="91000">
					<description>Button Kodi Build Info</description>
					<width>356</width>
					<height>90</height>
					<font>font15</font>
					<texturefocus colordiffuse="$VAR[HighlightBarColor]" border="3">listselect_fo.png</texturefocus>
					<label>482</label>
				</control>
				<control type="button" id="101">
					<description>IP</description>
					<width>356</width>
					<height>90</height>
					<font>font15</font>
					<texturefocus colordiffuse="$VAR[HighlightBarColor]" border="3">listselect_fo.png</texturefocus>
					<label>Refresh IP</label>
					<onclick>RunScript(special://skin/resources/lib/publicip.py)</onclick>
				</control>
				<control type="button" id="100">
					<description>Button Kodi Privacy Policy</description>
					<width>356</width>
					<height>90</height>
					<font>font15</font>
					<texturefocus colordiffuse="$VAR[HighlightBarColor]" border="3">listselect_fo.png</texturefocus>
					<label>12389</label>
				</control>
			</control>
			<control type="grouplist" id="9001">
				<left>437</left>
				<top>29.5</top>
				<width>1401</width>
				<height>810</height>
				<onright condition="Control.IsVisible(30)">60</onright>
				<visible>!Control.IsVisible(30) | [Control.HasFocus(1001) | Control.HasFocus(1002)]</visible>
				<control type="button" id="2">
					<description>Label 1</description>
					<height>73</height>
					<include>SettingsButtonCommonValues</include>
					<visible>!String.IsEmpty(Control.GetLabel(2)) + !Control.HasFocus(91000) + ![Control.HasFocus(1001) | Control.HasFocus(1002)]</visible>
				</control>
				<control type="button" id="3">
					<description>Label 2</description>
					<height>73</height>
					<include>SettingsButtonCommonValues</include>
					<visible>!String.IsEmpty(Control.GetLabel(3)) + !Control.HasFocus(91000) + ![Control.HasFocus(1001) | Control.HasFocus(1002)]</visible>
				</control>
				<control type="button" id="4">
					<description>Label 3</description>
					<height>73</height>
					<include>SettingsButtonCommonValues</include>
					<visible>!String.IsEmpty(Control.GetLabel(4)) + !Control.HasFocus(91000) + ![Control.HasFocus(1001) | Control.HasFocus(1002)]</visible>
				</control>
				<control type="button" id="5">
					<description>Label 4</description>
					<height>73</height>
					<include>SettingsButtonCommonValues</include>
					<visible>!String.IsEmpty(Control.GetLabel(5)) + !Control.HasFocus(91000) + ![Control.HasFocus(1001) | Control.HasFocus(1002)]</visible>
				</control>
				<control type="button" id="6">
					<description>Label 5</description>
					<height>73</height>
					<include>SettingsButtonCommonValues</include>
					<visible>!String.IsEmpty(Control.GetLabel(6)) + !Control.HasFocus(91000) + ![Control.HasFocus(1001) | Control.HasFocus(1002)]</visible>
				</control>
				<control type="button" id="7">
					<description>Label 6</description>
					<height>73</height>
					<include>SettingsButtonCommonValues</include>
					<visible>!String.IsEmpty(Control.GetLabel(7)) + !Control.HasFocus(91000) + ![Control.HasFocus(1001) | Control.HasFocus(1002)]</visible>
				</control>
				<control type="button" id="8">
					<description>Label 7</description>
					<height>73</height>
					<include>SettingsButtonCommonValues</include>
					<visible>!String.IsEmpty(Control.GetLabel(8)) + !Control.HasFocus(91000) + ![Control.HasFocus(1001) | Control.HasFocus(1002)]</visible>
				</control>
				<control type="button" id="9">
					<description>Label 8</description>
					<height>73</height>
					<include>SettingsButtonCommonValues</include>
					<visible>!String.IsEmpty(Control.GetLabel(9)) + !Control.HasFocus(91000) + ![Control.HasFocus(1001) | Control.HasFocus(1002)]</visible>
				</control>
				<control type="button" id="10">
					<description>Label 9</description>
					<height>73</height>
					<include>SettingsButtonCommonValues</include>
					<visible>!String.IsEmpty(Control.GetLabel(10)) + !Control.HasFocus(91000) + ![Control.HasFocus(1001) | Control.HasFocus(1002)]</visible>
				</control>
				<control type="button" id="11">
					<description>Label 10</description>
					<height>73</height>
					<include>SettingsButtonCommonValues</include>
					<visible>!String.IsEmpty(Control.GetLabel(11)) + !Control.HasFocus(91000) + ![Control.HasFocus(1001) | Control.HasFocus(1002)]</visible>
				</control>
				<control type="button" id="12">
					<description>Label 11</description>
					<height>73</height>
					<include>SettingsButtonCommonValues</include>
					<visible>!String.IsEmpty(Control.GetLabel(12)) + !Control.HasFocus(91000) + ![Control.HasFocus(1001) | Control.HasFocus(1002)]</visible>
				</control>
				<control type="button" id="1001">
					<description>Version Label</description>
					<height>73</height>
					<include>SettingsButtonCommonValues</include>
					<label>$INFO[System.BuildVersion,$LOCALIZE[144] ]</label>
					<visible>Control.HasFocus(91000) | [Control.HasFocus(1001) | Control.HasFocus(1002)]</visible>
				</control>
				<control type="button" id="13">
					<description>Version Label</description>
					<height>73</height>
					<include>SettingsButtonCommonValues</include>
					<label>$INFO[System.BuildDate,$LOCALIZE[174] ]</label>
					<visible>Control.HasFocus(91000) | [Control.HasFocus(1001) | Control.HasFocus(1002)]</visible>
				</control>
			</control>
			<control type="group">
				<left>1035</left>
				<top>806</top>
				<control type="label">
					<!-- IP -->
					<width>780</width>
					<height>90</height>
					<align>right</align>
					<textcolor>red</textcolor>
					<label>[B][COLOR FF73FFDE]IP:[/COLOR] || $INFO[Window(Home).Property(publicnetworkformat)][/B]</label>
					<onclick>RunScript(special://skin/resources/lib/publicip.py)</onclick>
					<textoffsetx>-40</textoffsetx>
					<font>Lirabiefont_Rg</font>
					<shadowcolor>shadow</shadowcolor>
				</control>
			</control>
			<control type="textbox" id="30">
				<left>467</left>
				<top>62</top>
				<width>1341</width>
				<align>justify</align>
				<height>755</height>
				<textcolor>grey</textcolor>
				<pagecontrol>60</pagecontrol>
				<visible>!Control.HasFocus(91000) + !Control.HasFocus(1001) + !Control.HasFocus(1002)</visible>
			</control>
			<control type="scrollbar" id="60">
				<left>1836</left>
				<top>32</top>
				<width>14</width>
				<height>808</height>
				<onleft>9000</onleft>
				<onright>9000</onright>
				<ondown>60</ondown>
				<onup>60</onup>
				<showonepage>false</showonepage>
				<texturesliderbackground/>
				<texturesliderbar colordiffuse="80FFFFFF" border="1">scrollbar/texturesliderbar2.png</texturesliderbar>
				<texturesliderbarfocus border="1">scrollbar/texturesliderbar2.png</texturesliderbarfocus>
				<visible>Control.IsVisible(30)</visible>
			</control>
			<control type="group">
			    <visible>!System.Platform.Android</visible>
				<left>1600</left>
				<top>550</top>
				<control type="image">
					<left>-800</left>
					<top>340</top>
					<width>120</width>
					<height>120</height>
					<texture background="true" border="0" colordiffuse="E6262626">clock\single0.png</texture>
				</control>
				<control type="image">
					<left>-800</left>
					<top>340</top>
					<width>120</width>
					<height>120</height>
					<texture background="true" colordiffuse="E6FFFFFF">$VAR[CpuPerCorecircle0VAR]</texture>
				</control>
				<control type="label">
					<left>-766</left>
					<top>383</top>
					<width>100</width>
					<height>38</height>
					<font>Lirabiefont_Rg</font>
					<label colordiffuse="yellow">[B]CPU 0[/B][CR]$INFO[System.CoreUsage(0)]</label>
				</control>
				<control type="image">
					<left>-650</left>
					<top>340</top>
					<width>120</width>
					<height>120</height>
					<texture background="true" border="0" colordiffuse="E6262626">clock\single0.png</texture>
				</control>
				<control type="image">
					<left>-650</left>
					<top>340</top>
					<width>120</width>
					<height>120</height>
					<texture background="true" colordiffuse="E6FFFFFF">$VAR[CpuPerCorecircle1VAR]</texture>
				</control>
				<control type="label">
					<left>-615</left>
					<top>383</top>
					<width>100</width>
					<height>38</height>
					<font>Lirabiefont_Rg</font>
					<label colordiffuse="yellow">[B]CPU 1[/B][CR]$INFO[System.CoreUsage(1)]</label>
				</control>
				<control type="image">
					<left>-500</left>
					<top>340</top>
					<width>120</width>
					<height>120</height>
					<texture background="true" border="0" colordiffuse="E6262626">clock\single0.png</texture>
				</control>
				<control type="image">
					<left>-500</left>
					<top>340</top>
					<width>120</width>
					<height>120</height>
					<texture background="true" colordiffuse="E6FFFFFF">$VAR[CpuPerCorecircle2VAR]</texture>
				</control>
				<control type="label">
					<left>-466</left>
					<top>383</top>
					<width>100</width>
					<height>38</height>
					<font>Lirabiefont_Rg</font>
					<label colordiffuse="yellow">[B]CPU 2[/B][CR]$INFO[System.CoreUsage(2)]</label>
				</control>
				<control type="image">
					<left>-350</left>
					<top>340</top>
					<width>120</width>
					<height>120</height>
					<texture background="true" border="0" colordiffuse="E6262626">clock\single0.png</texture>
				</control>
				<control type="image">
					<left>-350</left>
					<top>340</top>
					<width>120</width>
					<height>120</height>
					<texture background="true" colordiffuse="E6FFFFFF">$VAR[CpuPerCorecircle3VAR]</texture>
				</control>
				<control type="label">
					<left>-316</left>
					<top>383</top>
					<width>100</width>
					<height>38</height>
					<font>Lirabiefont_Rg</font>
					<label colordiffuse="yellow">[B]CPU 3[/B][CR]$INFO[System.CoreUsage(3)]</label>
				</control>
				<control type="image">
					<left>-35</left>
					<top>335</top>
					<width>130</width>
					<height>130</height>
					<texture background="true" border="0" colordiffuse="E6FFFFFF" diffuse="clock/single100.png">resource://resource.images.cpuprogress/circle/percent/$INFO[system.memory(used.percent)].png</texture>
					<bordertexture colordiffuse="B3181818">clock/single1.png</bordertexture>
				</control>
				<control type="label">
					<left>-40</left>
					<top>373</top>
					<width>150</width>
					<height>58</height>
					<font>Lirabiefont_Rg</font>
					<align>center</align>
					<label>[B]Mem.[CR]Used[/B][CR]$INFO[system.memory(used.percent)]</label>
				</control>
				<control type="image">
					<left>-200</left>
					<top>335</top>
					<width>130</width>
					<height>130</height>
					<texture background="true" border="0" colordiffuse="E6FFFFFF" diffuse="clock/single100.png">resource://resource.images.cpuprogress/circle/percent/$INFO[system.memory(free.percent)].png</texture>
					<bordertexture colordiffuse="B3181818">clock/single1.png</bordertexture>
				</control>
				<control type="label">
					<left>-205</left>
					<top>373</top>
					<width>150</width>
					<height>58</height>
					<font>Lirabiefont_Rg</font>
					<align>center</align>
					<label>[B]Mem.[CR]Free[/B][CR]$INFO[system.memory(free.percent)]</label>
				</control>
			</control>
		</control>
		<include>Topbar</include>
	</controls>
</window>
