<?xml version="1.0" encoding="UTF-8" standalone="yes"?>
<addon id="script.libraryeditor" name="Library Editor Script" version="3.0.0" provider-name="phil65">
	<requires>
		<import addon="xbmc.python" version="3.0.0"/>
		<import addon="script.module.simplejson" version="3.3.0"/>
	</requires>
	<extension point="xbmc.python.library" library="default.py" />
	<extension point="xbmc.addon.metadata">
		<language/>
		<summary lang="en">Library Editor Script</summary>
		<description lang="en">Updated for Matrix by Latts.  This script makes it possible to edit Movie/TV Shows/Music details manually from within XBMC. It requires Skin support.</description>
		<platform>all</platform>
		<license>GNU GENERAL PUBLIC LICENSE Version 2, June 1991</license>
		<forum />
		<source />
		<email />
		<assets>
		  <icon>icon.png</icon>
		</assets>
	</extension>
</addon>
