<?xml version="1.0" encoding="UTF-8"?>
<addon id="skin.confluence.exended2" version="4.6.42" name="Confluence Exended 2.0" provider-name="SKINBASE,Jezz_X, Team Kodi">
	<requires>
		<import addon="xbmc.gui" version="5.15.0" />
		<import addon="script.skinshortcuts" version="1.0.10" />
		<import addon="script.image.resource.select" version="3.0.0"/>
	</requires>
	<extension point="xbmc.gui.skin" defaultthemename="Textures.xbt" debugging="false" effectslowdown="1.0">
		<res width="1280" height="720" aspect="16:9" default="true" folder="720p" />
	</extension>
	<extension point="xbmc.addon.metadata">
		<summary lang="en_GB">Confluence Extended skin by Jezz_X, Team XBMC, YLLOW_DRAGON, plood.</summary>
		<summary lang="ru_RU">Обложка Confluence Extended. Авторы: Jezz_X, Team XBMC, YLLOW_DRAGON, plood.</summary>
		<summary lang="uk_UA">Обкладинка Confluence Extended. Автори: Jezz_X, Team XBMC, YLLOW_DRAGON, plood.</summary>
		<description lang="en_GB">Confluence Extended is the modernized skin for KODI. It is a combination of concepts from many popular skins, and attempts to embrace and integrate their good ideas into a skin that should be easy for first time Kodi users to understand and use.</description>
		<description lang="ru_RU">Confluence Extended — это модернизированная обложка KODI. Она представляет собой сочетание концепций, взятых из многих популярных обложек, в попытке интегрировать их удачные идеи в обложке, которая была простой для использования и понимания новыми пользователями KODI.</description>
		<description lang="uk_UA">Confluence Extended — це модернізована обкладинка Kodi. Концепції багатьох популярних обкладинок поєднано у спробі використати та інтегрувати їхні вдалі ідеї в обкладинці, що стала б зрозумілою та простою в застосуванні для нових користувачів Kodi.</description>
		<platform>all</platform>
		<license>GNU General Public License version 2</license>
		<forum>http://forum.kodi.tv/forumdisplay.php?fid=125</forum>
		<website></website>
		<email>nkvoronov@gmail.com</email>
		<source>https://github.com/nkvoronov/skin.confluence-extended.git</source>
		<assets>
			<icon>resources/icon.png</icon>
			<fanart>resources/fanart.jpg</fanart>
			<screenshot>resources/screenshot-01.jpg</screenshot>
			<screenshot>resources/screenshot-02.jpg</screenshot>
			<screenshot>resources/screenshot-03.jpg</screenshot>
		</assets>
		<news>Added support for new episode spoilers feature.</news>
	</extension>
</addon>
