<addon id="skin.ellipsisui" version="2.5.2" name="EllipsisUI" provider-name="TeamUI">
	<requires>
		<import addon="xbmc.gui" version="5.15.0"/>
		<import addon="resource.images.studios.white" version="0.0.1"/>
		<import addon="resource.uisounds.ellipsisui" version="0.0.1"/>
	</requires>
	<extension point="xbmc.gui.skin" debugging="false" effectslowdown="1">
		<res width="1920" height="1080" aspect="16:9" default="true" folder="1080i"/>
	</extension>
	<extension point="xbmc.addon.metadata">
		<platform>all</platform>
		<license>Creative Commons Attribution-ShareAlike 3.0 Unported License</license>
		<source>https://github.com/manfeed/skin.EllipsisUI</source>
		<summary>EllipsisUI</summary>
		<news>Updated for Kodi v19 Matrix</news>
		<description>EllipsisUI is a skin Addon for Kodi media center and is in active development. Inspired by the work done on Ellipsis by Team Blackbolt, EllipsisUI is a forked project based off of Ellipsis. This Addon was created by TeamUI in dedication to Team Blackbolt.</description>
		<assets>
            <icon>resources/icon.png</icon>
            <fanart>resources/fanart.jpg</fanart>
            <screenshot>resources/screenshot-01.jpg</screenshot>
			<screenshot>resources/screenshot-02.jpg</screenshot>
			<screenshot>resources/screenshot-03.jpg</screenshot>
			<screenshot>resources/screenshot-04.jpg</screenshot>
			<screenshot>resources/screenshot-05.jpg</screenshot>
			<screenshot>resources/screenshot-06.jpg</screenshot>
			<screenshot>resources/screenshot-07.jpg</screenshot>
			<screenshot>resources/screenshot-08.jpg</screenshot>
			<screenshot>resources/screenshot-09.jpg</screenshot>
			<screenshot>resources/screenshot-10.jpg</screenshot>
        </assets>
	</extension>
</addon>
