<?xml version="1.0" encoding="UTF-8"?>
<colors>
	<!-- CONFLUENCE LITE COLORS -->
	<color name="white">FFFFFFFF</color>
	<color name="grey">FFB4B4B4</color>
	<color name="grey2">88FFFFFF</color>
	<color name="grey3">33FFFFFF</color>
	<color name="grey4">17FFFFFF</color>
	<color name="black">FF000000</color>
	<color name="blue">FFFF8C00</color>
	<color name="selected">FFFF8C00</color>
	<color name="themecolor">FFFF8C00</color>
	<color name="dialogheader">FFEB917</color>
	<color name="orange">FFD22B04</color>
	<!-- CONFLUENCE LITE MOD ADVANCED COLORS -->
	<color name="MenuFocus">FFD22B04</color><!--blue-->
	<color name="MenuNoFocus">FF505050</color><!--grey3-->
	<color name="SubMenu">FF999999</color><!--grey2-->
	<color name="CommonBtnFocus">FFFFFFFF</color><!--white-->
	<color name="CommonBtnNoFocus">FF999999</color><!--grey2-->
	<color name="HomeInfoOne">FFFFFFFF</color><!--white-->
	<color name="HomeInfoTwo">FFD22B04</color><!--blue-->
	<color name="HomeInfoThree">FF999999</color><!--grey2-->
	<color name="StatsName">FFD22B04</color><!--white-->
	<color name="StatsAmnt">FFEB9E17</color><!--white-->
	<!-- RSS FEED -->
	<color name="RSSText">FFFFFFFF</color><!--blue-->
	<color name="RSSTitle">FFEB9E17</color><!--blue-->
	<color name="RssHiLite">FFFFFFFF</color>
	<!--ADVANCED COLORS CLOCK -->
	<color name="HomeInfoDate">FFFFFFFF</color><!--white-->
	<color name="HomeInfoClock">FFFFFFFF</color><!--white-->
	<!--ADNVANCED COLORS HOME ALBUM INFO -->
	<color name="NowPlayAlbum">FFFFFFFF</color><!--white-->
	<color name="NowPlayTitle">FFEB8E17</color><!--white-->
	<color name="NowPlayTime">FFFFFFFF</color><!--white-->
</colors>
