<?xml version="1.0" encoding="UTF-8" standalone="yes"?>
<addon id="repository.skinbase.19" name="[COLOR orange]G[/COLOR]UIDO[COLOR orange]S[/COLOR] [COLOR orange]S[/COLOR]KINBAS[COLOR orange]E[/COLOR] Only Skins for 19" version="3.2.00" provider-name="[COLOR orange]GUIDO[/COLOR] | [COLOR skyblue]Kodiman[/COLOR] | [COLOR orange]HSK-DE[/COLOR]">
	<extension point="xbmc.addon.repository" name="GUIDOS SKINBASE REPO">
	<dir>
		<info compressed="false">https://raw.github.com/kaffepausse71/SKINBASE19/master/addons.xml</info>
		<checksum>https://raw.github.com/kaffepausse71/SKINBASE19/master/addons.xml.md5</checksum>
		<datadir zip="true">https://raw.github.com/kaffepausse71/SKINBASE19/master/</datadir>
	</dir>
	</extension>
	<extension point="xbmc.addon.metadata">
		<summary>[COLOR orange]G[/COLOR]uido[COLOR orange]s[/COLOR] [COLOR orange]S[/COLOR]KINBAS[COLOR orange]E[/COLOR] Repo</summary>
        <description lang="de_DE">In Guidos SKINBASE findet ihr Skins ab Kodi Version 16 aus aller Welt. Von den Standard Skins bis hin zu stark Modifizierten. Die Skins sind für die jeweiligen Kodi Versionen farblich markiert.  Viel Spass wünschen euch das SKINBASE TEAM.</description>
		<description lang="en_GB">In Guido's SKINBASE you will find skins from Kodi version 16 from all over the world. From the standard skins to heavily modified ones. The skins are color coded for the respective Kodi versions. The SKINBASE TEAM wish you a lot of fun.</description>
        <platform>all</platform>
        <platform>all</platform>
		<assets>
			<icon>resources/icon.png</icon>
			<fanart>resources/fanart.jpg</fanart>
			<screenshot>resources/screenshot-01.jpg</screenshot>
			<screenshot>resources/screenshot-02.jpg</screenshot>
			<screenshot>resources/screenshot-03.jpg</screenshot>
			<screenshot>resources/screenshot-04.jpg</screenshot>
		</assets>
	</extension>
</addon>

