<?xml version="1.0" encoding="UTF-8"?>
<includes>
	<!-- BannerWall -->
	<include name="BannerWall">
		<control type="group">
			<visible>Control.IsVisible(58) + !Window.IsActive(addoninformation)</visible>
			<include>ViewAnimation</include>
			<top>ViewBannerWallTop</top>
			<left>ViewBannerWallLeft</left>
			<control type="image">
				<description>background image</description>
				<left>90</left>
				<top>992</top>
				<width>BackPanelBannerWallWidth</width>
				<height>839</height>
				<texture border="40">panel_reflect.png</texture>
			</control>
			<control type="image">
				<description>background image</description>
				<left>90</left>
				<top>89</top>
				<width>BackPanelBannerWallWidth</width>
				<height>935</height>
				<texture border="40">listpanel_back.png</texture>
			</control>
			<control type="panel" id="58">
				<left>120</left>
				<top>120</top>
				<width>ViewBannerWallWidth</width>
				<height>880</height>
				<onleft>5860</onleft>
				<onright>noop</onright>
				<onup>58</onup>
				<ondown>58</ondown>
				<pagecontrol>5860</pagecontrol>
				<preloaditems>2</preloaditems>
				<viewtype label="31088">icon</viewtype>
				<scrolltime tween="quadratic" easing="out">300</scrolltime>
				<visible>Container.Content(tvshows) | Container.Content(movies)</visible>
				<itemlayout height="BannerWallHeight" width="BannerWallWidth" condition="!Skin.HasSetting(Banner.Wall)">
					<control type="image">
						<width>100%</width>
						<height>100%</height>
						<aspectratio>scale</aspectratio>
						<texture background="true">$VAR[BannerThumb]</texture>
						<bordertexture border="2">thumbs/panel_border3.png</bordertexture>
						<bordersize>4</bordersize>
						<visible>!String.IsEmpty(ListItem.Art(banner)) | String.IsEmpty(ListItem.Art(fanart))</visible>
					</control>
					<control type="group">
						<visible>String.IsEmpty(ListItem.Art(banner))</visible>
						<control type="image">
							<width>100%</width>
							<height>100%</height>
							<aspectratio>scale</aspectratio>
							<texture background="true">$INFO[ListItem.Art(fanart)]</texture>
							<bordertexture border="2">thumbs/panel_border3.png</bordertexture>
							<bordersize>4</bordersize>
						</control>
						<control type="image">
							<width>100%</width>
							<height>100%</height>
							<aspectratio>keep</aspectratio>
							<texture background="true">$INFO[ListItem.Art(clearlogo)]</texture>
							<bordersize>20</bordersize>
						</control>
					</control>
					<control type="image">
						<left>1000</left>
						<width>100</width>
						<height>100</height>
						<texture>$VAR[OverlayVar]</texture>
						<aspectratio align="center" aligny="top">keep</aspectratio>
						<bordersize>4</bordersize>
					</control>
					<control type="group">
						<left>20</left>
						<top>20</top>
						<include condition="Skin.HasSetting(Disable.UnwatchedIcon)">UnwatchedIcon</include>
					</control>
					<control type="image">
						<width>100%</width>
						<height>100%</height>
						<aspectratio>scale</aspectratio>
						<texture border="1" colordiffuse="55FFFFFF">black.png</texture>
						<bordersize>2</bordersize>
						<include>FocusFadeOutAnimation</include>
					</control>
				</itemlayout>
				<focusedlayout height="BannerWallHeight" width="BannerWallWidth" condition="!Skin.HasSetting(Banner.Wall)">
					<control type="image">
						<width>100%</width>
						<height>100%</height>
						<aspectratio>scale</aspectratio>
						<texture background="true">$VAR[BannerThumb]</texture>
						<bordertexture border="2">thumbs/panel_border3.png</bordertexture>
						<bordersize>4</bordersize>
						<visible>!String.IsEmpty(ListItem.Art(banner)) | String.IsEmpty(ListItem.Art(fanart))</visible>
					</control>
					<control type="group">
						<visible>String.IsEmpty(ListItem.Art(banner))</visible>
						<control type="image">
							<width>100%</width>
							<height>100%</height>
							<aspectratio>scale</aspectratio>
							<texture background="true">$INFO[ListItem.Art(fanart)]</texture>
							<bordertexture border="2">thumbs/panel_border3.png</bordertexture>
							<bordersize>4</bordersize>
						</control>
						<control type="image">
							<width>100%</width>
							<height>100%</height>
							<aspectratio>keep</aspectratio>
							<texture background="true">$INFO[ListItem.Art(clearlogo)]</texture>
							<bordersize>20</bordersize>
						</control>
					</control>
					<control type="image">
						<left>1000</left>
						<width>100</width>
						<height>100</height>
						<texture>$VAR[OverlayVar]</texture>
						<aspectratio align="center" aligny="top">keep</aspectratio>
						<bordersize>4</bordersize>
					</control>
					<control type="group">
						<left>20</left>
						<top>20</top>
						<include condition="Skin.HasSetting(Disable.UnwatchedIcon)">UnwatchedIcon</include>
					</control>
					<control type="image">
						<width>100%</width>
						<height>100%</height>
						<aspectratio>scale</aspectratio>
						<texture border="1" colordiffuse="55FFFFFF">black.png</texture>
						<bordersize>2</bordersize>
						<include>FocusFadeOutAnimation</include>
					</control>
					<control type="image">
						<width>100%</width>
						<height>100%</height>
						<texture border="10">thumbs/thumbnail_focused.png</texture>
						<include>FocusFadeInAnimation</include>
					</control>
				</focusedlayout>
				<itemlayout height="110" width="560" condition="Skin.HasSetting(Banner.Wall)">
					<control type="image">
						<width>560</width>
						<height>110</height>
						<aspectratio>scale</aspectratio>
						<texture background="true">$VAR[BannerThumb]</texture>
						<bordertexture border="2">thumbs/panel_border3.png</bordertexture>
						<bordersize>4</bordersize>
						<visible>!String.IsEmpty(ListItem.Art(banner)) | String.IsEmpty(ListItem.Art(fanart))</visible>
					</control>
					<control type="group">
						<visible>String.IsEmpty(ListItem.Art(banner))</visible>
						<control type="image">
							<width>560</width>
							<height>110</height>
							<aspectratio>scale</aspectratio>
							<texture colordiffuse="BAFFFFFF" background="true">$INFO[ListItem.Art(fanart)]</texture>
							<bordertexture border="2">thumbs/panel_border3.png</bordertexture>
							<bordersize>4</bordersize>
						</control>
						<control type="image">
							<top>5</top>
							<width>300</width>
							<height>100</height>
							<aspectratio>keep</aspectratio>
							<texture background="true">$INFO[ListItem.Art(clearlogo)]</texture>
							<bordersize>4</bordersize>
							<colordiffuse>BAffffff</colordiffuse>
						</control>
					</control>
					<control type="image">
						<left>490</left>
						<width>60</width>
						<height>60</height>
						<texture>$VAR[OverlayVar]</texture>
						<aspectratio align="center" aligny="top">keep</aspectratio>
						<bordersize>4</bordersize>
					</control>
					<control type="group">
						<left>10</left>
						<top>10</top>
						<include condition="Skin.HasSetting(Disable.UnwatchedIcon)">UnwatchedIcon</include>
					</control>
					<control type="image">
						<width>560</width>
						<height>110</height>
						<aspectratio>scale</aspectratio>
						<texture border="1" colordiffuse="44FFFFFF">black.png</texture>
						<bordersize>2</bordersize>
						<include>FocusFadeOutAnimation</include>
					</control>
				</itemlayout>
				<focusedlayout height="110" width="560" condition="Skin.HasSetting(Banner.Wall)">
					<control type="image">
						<width>560</width>
						<height>110</height>
						<aspectratio>scale</aspectratio>
						<texture background="true">$VAR[BannerThumb]</texture>
						<bordertexture border="2">thumbs/panel_border3.png</bordertexture>
						<bordersize>4</bordersize>
						<visible>!String.IsEmpty(ListItem.Art(banner)) | String.IsEmpty(ListItem.Art(fanart))</visible>
					</control>
					<control type="group">
						<visible>String.IsEmpty(ListItem.Art(banner))</visible>
						<control type="image">
							<width>560</width>
							<height>110</height>
							<aspectratio>scale</aspectratio>
							<texture colordiffuse="BAFFFFFF" background="true">$INFO[ListItem.Art(fanart)]</texture>
							<bordertexture border="2">thumbs/panel_border3.png</bordertexture>
							<bordersize>4</bordersize>
						</control>
						<control type="image">
							<top>5</top>
							<width>300</width>
							<height>100</height>
							<aspectratio>keep</aspectratio>
							<texture background="true">$INFO[ListItem.Art(clearlogo)]</texture>
							<bordersize>4</bordersize>
							<colordiffuse>BAffffff</colordiffuse>
						</control>
					</control>
					<control type="image">
						<left>490</left>
						<width>60</width>
						<height>60</height>
						<texture>$VAR[OverlayVar]</texture>
						<aspectratio align="center" aligny="top">keep</aspectratio>
						<bordersize>4</bordersize>
					</control>
					<control type="group">
						<left>10</left>
						<top>10</top>
						<include condition="Skin.HasSetting(Disable.UnwatchedIcon)">UnwatchedIcon</include>
					</control>
					<control type="image">
						<width>560</width>
						<height>110</height>
						<aspectratio>scale</aspectratio>
						<texture border="1" colordiffuse="44FFFFFF">black.png</texture>
						<bordersize>2</bordersize>
						<include>FocusFadeOutAnimation</include>
					</control>
					<control type="image">
						<width>560</width>
						<height>110</height>
						<texture border="10">thumbs/thumbnail_focused.png</texture>
						<include>FocusFadeInAnimation</include>
					</control>
				</focusedlayout>
			</control>
			<control type="scrollbar" id="5860">
				<left>104</left>
				<top>120</top>
				<width>14</width>
				<height>880</height>
				<onright>50</onright>
				<onleft>SetProperty(MediaMenu,True,home)</onleft>
				<onleft>SetFocus(9050)</onleft>
				<ondown>5860</ondown>
				<onup>5860</onup>
				<showonepage>false</showonepage>
				<texturesliderbackground />
				<texturesliderbar colordiffuse="55ffffff" border="1">scrollbar/texturesliderbar2.png</texturesliderbar>
				<texturesliderbarfocus border="1">scrollbar/texturesliderbar2.png</texturesliderbarfocus>
				<animation effect="fade" start="100" end="0" time="500" delay="500" condition="!Control.HasFocus(5860) + !Container.Scrolling">Conditional</animation>
			</control>
			<control type="group">
				<left>InfoPanelBannerWallLeft</left>
				<top>120</top>
				<control type="image">
					<width>560</width>
					<height>330</height>
					<aspectratio>scale</aspectratio>
					<texture background="true">$INFO[ListItem.Art(fanart)]</texture>
					<fadetime>300</fadetime>
					<bordertexture border="2">thumbs/panel_border3.png</bordertexture>
					<bordersize>2</bordersize>
				</control>
				<control type="label">
					<top>325</top>
					<width>560</width>
					<height>60</height>
					<font>font16_title_bold</font>
					<textcolor>grey</textcolor>
					<scroll>true</scroll>
					<label>[B]$VAR[FloorLabelVar][/B]</label>
					<textoffsetx>15</textoffsetx>
				</control>
				<control type="label">
					<top>376</top>
					<width>560</width>
					<height>40</height>
					<include>ShowCaseInfoPanelButtonsValues</include>
					<label>$INFO[ListItem.Genre]</label>
					<visible>!String.IsEmpty(ListItem.Genre)</visible>
				</control>
				<control type="grouplist">
					<top>420</top>
					<width>560</width>
					<height>270</height>
					<orientation>horizontal</orientation>
					<usecontrolcoords>true</usecontrolcoords>
					<control type="image">
						<left>16</left>
						<top>11</top>
						<width>42</width>
						<height>28</height>
						<aspectratio>keep</aspectratio>
						<texture>$VAR[UnFocusHDIndicator]</texture>
						<colordiffuse>grey</colordiffuse>
						<visible>!String.IsEmpty(ListItem.VideoResolution)</visible>
					</control>
					<control type="label">
						<label>$VAR[VideoSubLabelVar]</label>
						<width>680</width>
						<height>40</height>
						<include>ShowCaseInfoPanelButtonsValues</include>
					</control>
				</control>
				<control type="textbox">
					<label>$VAR[VideoPlotVar]</label>
					<left>15</left>
					<top>464</top>
					<width>530</width>
					<height>402</height>
					<font>font14_textbox</font>
					<autoscroll time="3000" delay="4000" repeat="5000">Skin.HasSetting(Enable.AutoScroll) + !Control.HasFocus(61)</autoscroll>
					<pagecontrol>61</pagecontrol>
					<include>ShowCaseInfoPanelButtonsValues</include>
				</control>
				<control type="image">
						<left>-20</left>
						<width>198</width>
						<top>850</top>
						<include>MediaFlagVars</include>
						<texture fallback="flags/studios/default-studio.png">$VAR[StudioFlagPathVar]$INFO[ListItem.Studio,,.png]</texture>
					</control>
				  <control type="image">
						<left>130</left>
						<top>850</top>
						<include>MediaFlagVars</include>
						<texture>$INFO[ListItem.VideoResolution,flags/resolution/,.png]</texture>
						<visible>!String.IsEmpty(ListItem.VideoResolution)</visible>
					</control>
					<control type="image">
						<left>260</left>
						<top>850</top>
						<include>MediaFlagVars</include>
						<texture>$INFO[ListItem.AudioCodec,flags/audio/,.png]</texture>
						<visible>!String.IsEmpty(ListItem.AudioCodec)</visible>
					</control>
					<control type="image">
							<left>390</left>
							<top>850</top>
							<colordiffuse>grey</colordiffuse>
							<include>MediaFlagVars</include>
							<texture>$INFO[ListItem.VideoAspect,flags/aspectratio/,.png]</texture>
					</control>
				     <control type="image">
						<left>510</left>
						<top>850</top>
						<include>MediaFlagVars</include>
						<texture>$VAR[SourceFlagVar,flags/video/,.png]</texture>
						<visible>!String.IsEmpty(ListItem.VideoCodec)</visible>
					</control>
					<control type="image">
					<top>850</top>
						<left>640</left>
						<height>90</height>
						<colordiffuse>grey</colordiffuse>
						<include>MediaFlagVars</include>
						<texture fallback="flags/mpaa/NR.png">$VAR[RatingFlagVar]</texture>
					</control>
				<control type="scrollbar" id="61">
					<left>557</left>
					<top>441</top>
					<width>14</width>
					<height>302</height>
					<onleft>50</onleft>
					<onright>noop</onright>
					<ondown>61</ondown>
					<onup>61</onup>
					<showonepage>false</showonepage>
					<texturesliderbackground />
					<texturesliderbar colordiffuse="55ffffff" border="1">scrollbar/texturesliderbar2.png</texturesliderbar>
					<texturesliderbarfocus border="1">scrollbar/texturesliderbar2.png</texturesliderbarfocus>
				</control>
			</control>
		</control>
	</include>
</includes>