<?xml version="1.0" encoding="UTF-8"?>
<includes>
	<include name="PosterWrapView">
		<control type="grouplist">
			<visible>Control.IsVisible(501)</visible>
			<left>60</left>
			<top>80</top>
			<width>1160</width>
			<height>460</height>
			<onup>9000</onup>
			<ondown>61</ondown>
			<usecontrolcoords>true</usecontrolcoords>
			<include>VisibleFadeEffect</include>
			
			<control type="fixedlist" id="501">
				<visible>Container.Content(Movies) | Container.Content(Seasons) | Container.Content(TVShows) | Container.Content(Sets)</visible>
				<visible>!Container.Content(LiveTV)</visible>
				<left>-183</left>
				<top>0</top>
				<width>1343</width>
				<height>390</height>
				<onleft>501</onleft>
				<onright>501</onright>
				<onup>2</onup>
				<ondown>60</ondown>
				<viewtype label="31028">bigwrap</viewtype>
				
				<pagecontrol>60</pagecontrol>
				<scrolltime>200</scrolltime>
				<focusposition>3</focusposition>
				<orientation>horizontal</orientation>
				<preloaditems>4</preloaditems>
				<itemlayout height="310" width="218">
					<control type="image">
						<left>2</left>
						<top>40</top>
						<width>214</width>
						<height>310</height>
						<aspectratio>stretch</aspectratio>
						<bordertexture border="5">button-nofocus.png</bordertexture>
						<bordersize>4</bordersize>
						<texture  diffuse="postermatteNF.png" background="true">$VAR[PosterThumb]</texture>
					</control>
				</itemlayout>
				<focusedlayout height="310" width="218">
				    <--!DiscArt-->
					<control type="image">
							 <width>240</width>
				           <height>240</height>
                           <left>122</left>
						   <top>90</top>
							<texture diffuse="cdart_diffuse.png" background="true">$INFO[ListItem.Art(discart)]</texture>
							<fadetime>FanartCrossFadeTime</fadetime>
							<aspectratio align="center" aligny="center">keep</aspectratio>
							<animation effect="rotate" start="0" end="-360" center="auto" time="40000" delay="1000" loop="true" reversible="false" condition="!Player.HasVideo">Conditional</animation>
							<include>Animation_ViewsCDart</include>
							<visible>!String.IsEmpty(ListItem.Art(discart))</visible>
							<visible>Skin.HasSetting(CdArtHome)</visible>
						</control>
						<control type="image">
							 <width>240</width>
				           <height>240</height>
                           <left>122</left>
						   <top>90</top>
							<texture diffuse="cdart_diffuse.png" background="true">$INFO[ListItem.Art(poster)]</texture>
							<fadetime>FanartCrossFadeTime</fadetime>
							<aspectratio scalediffuse="false" align="center" aligny="center">scale</aspectratio>
							<animation effect="rotate" start="0" end="-360" center="auto" time="40000" delay="1000" loop="true" reversible="false" condition="!Player.HasVideo">Conditional</animation>
							<include>Animation_ViewsCDart</include>
							<visible>String.IsEmpty(ListItem.Art(discart))</visible>
							<visible>Skin.HasSetting(CdArtHome)</visible>
						</control>
					<control type="image">
						<depth>DepthContentPopout</depth>
						<left>-2</left>
						<top>36</top>
						<width>222</width>
						<height>318</height>
						<aspectratio>stretch</aspectratio>
						<bordertexture border="8">ThumbBorder.png</bordertexture>
						<bordersize>8</bordersize>
						<texture  diffuse="postermatteNF.png" background="true">$VAR[PosterThumb]</texture>
						<animation reversible="false" effect="zoom" start="-2,36,222,318" end="-28,0,284,390" time="150">focus</animation>
						<animation reversible="false" effect="zoom" end="-2,36,222,318" start="-28,0,284,390" time="150">unfocus</animation>
					</control>
					<control type="image">
						<depth>DepthContentPopout</depth>
						<left>6</left>
						<top>44</top>
						<width>170</width>
						<height>180</height>
						<aspectratio>stretch</aspectratio>
						<texture>GlassOverlay.png</texture>
						<animation reversible="false" effect="zoom" start="6,44,170,180" end="-24,4,240,250" time="150">focus</animation>
						<animation reversible="false" effect="zoom" end="6,44,170,180" start="-24,4,240,250" time="150">unfocus</animation>
					</control>
					<control type="image">
						<depth>DepthContentPopout</depth>
						<left>185</left>
						<top>310</top>
						<width>35</width>
						<height>35</height>
						<aspectratio>keep</aspectratio>
						<texture>$INFO[ListItem.Overlay]</texture>
						<animation type="focus">
							<effect type="fade" start="0" end="100" time="150" />
							<effect type="slide" start="0,0" end="40,40" time="150" />
						</animation>
						<animation type="unfocus">
							<effect type="fade" start="100" end="0" time="150" />
							<effect type="slide" end="0,0" start="40,40" time="150" />
						</animation>
						<visible>!ListItem.IsResumable</visible>
					</control>
					<control type="image">
						<depth>DepthContentPopout</depth>
						<left>185</left>
						<top>310</top>
						<width>35</width>
						<height>35</height>
						<aspectratio>keep</aspectratio>
						<texture>OverlayWatching.png</texture>
						<animation type="focus">
							<effect type="fade" start="0" end="100" time="150" />
							<effect type="slide" start="0,0" end="40,40" time="150" />
						</animation>
						<animation type="unfocus">
							<effect type="fade" start="100" end="0" time="150" />
							<effect type="slide" end="0,0" start="40,40" time="150" />
						</animation>
						<visible>ListItem.IsResumable</visible>
					</control>
				</focusedlayout>
			</control>
			<control type="scrollbar" id="60">
				<left>140</left>
				<top>0</top>
				<width>880</width>
				<height>25</height>
				<texturesliderbackground border="14,0,14,0">ScrollBarH.png</texturesliderbackground>
				<texturesliderbar border="14,0,14,0">ScrollBarH_bar.png</texturesliderbar>
				<texturesliderbarfocus border="14,0,14,0">ScrollBarH_bar_focus.png</texturesliderbarfocus>
				<textureslidernib>ScrollBarNib.png</textureslidernib>
				<textureslidernibfocus>ScrollBarNib.png</textureslidernibfocus>
				<onup>501</onup>
				<ondown>9000</ondown>
				<showonepage>false</showonepage>
				<orientation>horizontal</orientation>
				<visible>Control.IsVisible(501)</visible>
			</control>
		</control>
		<control type="group">
			<visible>Control.IsVisible(501)</visible>
			<control type="image">
				<left>56</left>
				<top>120</top>
				<width>128</width>
				<height>310</height>
				<texture>SideFade.png</texture>
			</control>
			<control type="image">
				<left>1094</left>
				<top>120</top>
				<width>128</width>
				<height>310</height>
				<texture flipx="true">SideFade.png</texture>
			</control>
		</control>
		<control type="group">
			<visible>Control.IsVisible(501) + [String.IsEqual(ListItem.DBType,movie) | String.IsEqual(ListItem.DBType,set)]</visible>
			    <include>Studio</include>
				<include>VideoMPAA</include>
			    <include>MediaCodec</include>
			
			<control type="label">
				<left>30</left>
				<top>500</top>
				<width>1220</width>
				<height>35</height>
				<font>font28_title</font>
				<textcolor>blue</textcolor>
				<shadowcolor>black</shadowcolor>
				<scroll>true</scroll>
				<align>center</align>
				<aligny>center</aligny>
				<label>$INFO[ListItem.Label]</label>
			</control>
			<control type="label">
				<left>0</left>
				<top>540</top>
				<width>1280</width>
				<height>35</height>
				<font>font30</font>
				<textcolor>white</textcolor>
				<shadowcolor>black</shadowcolor>
				<scroll>true</scroll>
				<align>center</align>
				<aligny>center</aligny>
				<label>[B]$INFO[ListItem.Year][/B]</label>
			</control>
			<control type="label">
				<left>0</left>
				<top>580</top>
				<width>1280</width>
				<height>20</height>
				<font>font13</font>
				<textcolor>white</textcolor>
				<shadowcolor>black</shadowcolor>
				<scroll>true</scroll>
				<align>center</align>
				<aligny>center</aligny>
				<label>$INFO[ListItem.Duration,$LOCALIZE[2050] , $LOCALIZE[12391]]</label>
			</control>
			<control type="label">
				<left>340</left>
				<top>610</top>
				<width>600</width>
				<height>35</height>
				<font>font30</font>
				<textcolor>white</textcolor>
				<scroll>true</scroll>
				<align>center</align>
				<aligny>center</aligny>
				<label>$INFO[ListItem.Genre]</label>
			</control>
			        <control type="image">
                        <left>122</left>
						<top>535</top>
					    <width>214</width>
						<height>120</height>
						<aspectratio>keep</aspectratio>
					    <texture background="true" >$INFO[ListItem.Art(clearart)]</texture>
					    <fadetime>FanartCrossFadeTime</fadetime>
					    <aspectratio align="center" aligny="center">keep</aspectratio>
						<visible>Skin.HasSetting(ClearArtHome)</visible>
					</control>
                
			        <control type="image">
                        <left>980</left>
						<top>540</top>
					    <width>180</width>
						<height>101</height>
					    <texture background="true">$INFO[ListItem.Art(clearlogo)]</texture>
					    <fadetime>FanartCrossFadeTime</fadetime>
					    <aspectratio align="center" aligny="center">keep</aspectratio>
						<visible>Skin.HasSetting(ClearArtHome)</visible>
			        </control>
					
			<control type="grouplist">
				<description></description>
				<left>0</left>
				<top>610</top>
				<width>1280</width>
				<align>center</align>
				<itemgap>2</itemgap>
				<orientation>horizontal</orientation>
				
			</control>
		</control>
		<control type="group">
			<visible>Control.IsVisible(501) + String.IsEqual(ListItem.DBType,season)</visible>
			<control type="label">
				<left>30</left>
				<top>500</top>
				<width>1220</width>
				<height>35</height>
				<font>font28_title</font>
				<textcolor>blue</textcolor>
				<scroll>true</scroll>
				<align>center</align>
				<aligny>center</aligny>
				<label>$INFO[ListItem.Label]</label>
			</control>
			<control type="label">
				<left>0</left>
				<top>540</top>
				<width>1280</width>
				<height>35</height>
				<font>font30</font>
				<textcolor>white</textcolor>
				<scroll>true</scroll>
				<align>center</align>
				<aligny>center</aligny>
				<label>$INFO[ListItem.TVShowTitle]</label>
			</control>
			<control type="label">
				<left>0</left>
				<top>575</top>
				<width>1280</width>
				<height>35</height>
				<font>font13</font>
				<textcolor>white</textcolor>
				<scroll>true</scroll>
				<align>center</align>
				<aligny>center</aligny>
				<label>$INFO[ListItem.Episode,, $LOCALIZE[20453]]</label>
			</control>
			<control type="label">
				<left>0</left>
				<top>605</top>
				<width>1280</width>
				<height>35</height>
				<font>font12</font>
				<textcolor>white</textcolor>
				<scroll>true</scroll>
				<align>center</align>
				<aligny>center</aligny>
				<label>($INFO[ListItem.Property(WatchedEpisodes),, $LOCALIZE[16102]] - $INFO[ListItem.Property(UnWatchedEpisodes), , $LOCALIZE[16101]])</label>
			</control>
			
			        <control type="image">
                        <left>122</left>
						<top>540</top>
					    <width>180</width>
						<height>101</height>
						<aspectratio>keep</aspectratio>
					    <texture background="true" diffuse="tv-landscape/landscapematteFO.png">$INFO[ListItem.Art(clearart)]</texture>
					    <fadetime>FanartCrossFadeTime</fadetime>
					    <aspectratio align="center" aligny="center">keep</aspectratio>
						<visible>Skin.HasSetting(ClearArtHome)</visible>
					</control>
                 

			        <control type="image">
                        <left>980</left>
						<top>540</top>
					    <width>180</width>
						<height>101</height>
					    <texture background="true" diffuse="tv-landscape/landscapematteFO.png">$INFO[ListItem.Art(clearlogo)]</texture>
					    <fadetime>FanartCrossFadeTime</fadetime>
					    <aspectratio align="center" aligny="center">keep</aspectratio>
						<visible>Skin.HasSetting(ClearArtHome)</visible>
			        </control>
					
		</control>
		<control type="group">
			<visible>Control.IsVisible(501) + String.IsEqual(ListItem.DBType,tvshow)</visible>
			<control type="label">
				<left>30</left>
				<top>500</top>
				<width>1220</width>
				<height>35</height>
				<font>font28_title</font>
				<textcolor>blue</textcolor>
				<scroll>true</scroll>
				<align>center</align>
				<aligny>center</aligny>
				<label>$INFO[ListItem.Label]</label>
			</control>
			<control type="label">
				<left>340</left>
				<top>540</top>
				<width>600</width>
				<height>35</height>
				<font>font30</font>
				<textcolor>white</textcolor>
				<scroll>true</scroll>
				<align>center</align>
				<aligny>center</aligny>
				<label>$INFO[ListItem.Genre]</label>
			</control>
			<control type="label">
				<left>0</left>
				<top>575</top>
				<width>1280</width>
				<height>35</height>
				<font>font13</font>
				<textcolor>white</textcolor>
				<scroll>true</scroll>
				<align>center</align>
				<aligny>center</aligny>
				<label>$INFO[ListItem.Episode,, $LOCALIZE[20453]]</label>
			</control>
			<control type="label">
				<left>0</left>
				<top>605</top>
				<width>1280</width>
				<height>35</height>
				<font>font12</font>
				<textcolor>white</textcolor>
				<scroll>true</scroll>
				<align>center</align>
				<aligny>center</aligny>
				<label>($INFO[ListItem.Property(WatchedEpisodes),, $LOCALIZE[16102]] - $INFO[ListItem.Property(UnWatchedEpisodes), , $LOCALIZE[16101]])</label>
			</control>
			        <control type="image">
                        <left>122</left>
						<top>540</top>
					    <width>180</width>
						<height>101</height>
						<aspectratio>keep</aspectratio>
					    <texture background="true" diffuse="tv-landscape/landscapematteFO.png">$INFO[ListItem.Art(clearart)]</texture>
					    <fadetime>FanartCrossFadeTime</fadetime>
					    <aspectratio align="center" aligny="center">keep</aspectratio>
						<visible>Skin.HasSetting(ClearArtHome)</visible>
					</control>

			        <control type="image">
                        <left>980</left>
						<top>540</top>
					    <width>180</width>
						<height>101</height>
					    <texture background="true" diffuse="tv-landscape/landscapematteFO.png">$INFO[ListItem.Art(clearlogo)]</texture>
					    <fadetime>FanartCrossFadeTime</fadetime>
					    <aspectratio align="center" aligny="center">keep</aspectratio>
						<visible>Skin.HasSetting(ClearArtHome)</visible>
			        </control>

		</control>
	</include>
	<include name="PosterWrapView2_Fanart">
		<control type="group">
			<left>0</left>
			<top>350</top>
			<include>Studio</include>
				<include>VideoMPAA</include>
			    <include>MediaCodec</include>
			<visible>Control.IsVisible(508) + [[ListItem.IsFolder + String.IsEqual(ListItem.DBType,movie)] | Skin.HasSetting(View508HideInfo)]</visible>
			<include>VisibleFadeEffect</include>
			<control type="image">
				<left>0</left>
				<top>0</top>
				<width>1280</width>
				<height>270</height>
				<texture border="1">HomeNowPlayingBack.png</texture>
			</control>
			<control type="label">
				<left>40</left>
				<top>70</top>
				<width>1200</width>
				<height>20</height>
				<font>font24_title</font>
				<textcolor>white</textcolor>
				<shadowcolor>black</shadowcolor>
				<scroll>true</scroll>
				<align>center</align>
				<aligny>center</aligny>
				<label>$INFO[ListItem.Label]</label>
				<animation effect="slide" start="0,0" end="0,25" time="150" condition="!Control.HasFocus(508)">conditional</animation>
			</control>
		</control>
		<control type="group">
			<visible>Control.IsVisible(508)</visible>
			<include>VisibleFadeEffect</include>
			<left>0</left>
			<top>460</top>
			<control type="fixedlist" id="508">
				<visible>Container.Content(Movies) | Container.Content(TVShows) | Container.Content(Sets)</visible>
				<hitrect x="0" y="-10" w="1280" h="190" />
				<left>-20</left>
				<top>0</top>
				<width>1320</width>
				<height>250</height>
				<onleft>508</onleft>
				<onright>508</onright>
				<onup>2</onup>
				<ondown>60</ondown>
				<viewtype label="31029">wrap</viewtype>
				<pagecontrol>60</pagecontrol>
				<scrolltime>200</scrolltime>
				<focusposition>5</focusposition>
				<movement>3</movement>
				<orientation>horizontal</orientation>
				<preloaditems>4</preloaditems>
				<itemlayout height="200" width="120">
					<control type="image">
						<left>2</left>
						<top>20</top>
						<width>120</width>
						<height>160</height>
						<aspectratio>stretch</aspectratio>
						<bordertexture border="5">button-nofocus.png</bordertexture>
						<bordersize>4</bordersize>
						<fadetime>200</fadetime>
						<texture background="true" diffuse="postermatteNF.png">$VAR[PosterThumb]</texture>
					</control>
					<control type="image">
						<left>6</left>
						<top>24</top>
						<width>112</width>
						<height>152</height>
						<aspectratio>stretch</aspectratio>
						<texture>black-back.png</texture>
						<colordiffuse>AAFFFFFF</colordiffuse>
					</control>
					<control type="image">
						<left>2</left>
						<top>180</top>
						<width>120</width>
						<height>160</height>
						<aspectratio>stretch</aspectratio>
						<bordertexture border="5" diffuse="diffuse_mirror2.png">button-nofocus.png</bordertexture>
						<bordersize>4</bordersize>
						<fadetime>200</fadetime>
						<texture background="true" flipy="true" diffuse="diffuse_mirror2.png">$VAR[PosterThumb]</texture>
						<visible>!Skin.HasSetting(NoFloorAll)</visible>
					</control>
				</itemlayout>
				<focusedlayout height="310" width="120">
					<control type="image">
						<depth>DepthContentPopout</depth>
						<left>-2</left>
						<top>16</top>
						<width>128</width>
						<height>168</height>
						<aspectratio>stretch</aspectratio>
						<bordertexture border="8">ThumbBorder.png</bordertexture>
						<bordersize>8</bordersize>
						<fadetime>200</fadetime>
						<texture background="true" diffuse="postermatteNF.png">$VAR[PosterThumb]</texture>
						<animation reversible="false" effect="zoom" start="-2,16,128,168" end="-12,-10,148,198" time="150">focus</animation>
						<animation reversible="false" effect="zoom" end="-2,16,128,168" start="-12,-10,148,198" time="150">unfocus</animation>
					</control>
					<control type="image">
						<depth>DepthContentPopout</depth>
						<left>2</left>
						<top>180</top>
						<width>120</width>
						<height>160</height>
						<aspectratio>stretch</aspectratio>
						<bordertexture border="5" diffuse="diffuse_mirror2.png">button-nofocus.png</bordertexture>
						<bordersize>4</bordersize>
						<fadetime>200</fadetime>
						<texture background="true" flipy="true" diffuse="diffuse_mirror2.png">$VAR[PosterThumb]</texture>
						<visible>!Skin.HasSetting(NoFloorAll)</visible>
					</control>
					<control type="image">
						<depth>DepthContentPopout</depth>
						<left>90</left>
						<top>150</top>
						<width>35</width>
						<height>35</height>
						<aspectratio>keep</aspectratio>
						<texture>$INFO[ListItem.Overlay]</texture>
						<animation type="focus">
							<effect type="fade" start="0" end="100" time="150" />
							<effect type="slide" start="0,0" end="10,5" time="150" />
						</animation>
						<animation type="unfocus">
							<effect type="fade" start="100" end="0" time="150" />
							<effect type="slide" end="0,0" start="10,5" time="150" />
						</animation>
						<visible>!ListItem.IsResumable</visible>
					</control>
					<control type="image">
						<depth>DepthContentPopout</depth>
						<left>90</left>
						<top>150</top>
						<width>35</width>
						<height>35</height>
						<aspectratio>keep</aspectratio>
						<texture>OverlayWatching.png</texture>
						<animation type="focus">
							<effect type="fade" start="0" end="100" time="150" />
							<effect type="slide" start="0,0" end="10,5" time="150" />
						</animation>
						<animation type="unfocus">
							<effect type="fade" start="100" end="0" time="150" />
							<effect type="slide" end="0,0" start="10,5" time="150" />
						</animation>
						<visible>ListItem.IsResumable</visible>
					</control>
				</focusedlayout>
			</control>
			<control type="scrollbar" id="60">
				<depth>DepthContent</depth>
				<left>310</left>
				<top>185</top>
				<width>660</width>
				<height>25</height>
				<texturesliderbackground border="14,0,14,0">ScrollBarH.png</texturesliderbackground>
				<texturesliderbar border="14,0,14,0">ScrollBarH_bar.png</texturesliderbar>
				<texturesliderbarfocus border="14,0,14,0">ScrollBarH_bar_focus.png</texturesliderbarfocus>
				<textureslidernib>ScrollBarNib.png</textureslidernib>
				<textureslidernibfocus>ScrollBarNib.png</textureslidernibfocus>
				<onup>508</onup>
				<ondown>2</ondown>
				<showonepage>false</showonepage>
				<orientation>horizontal</orientation>
				<visible>Control.IsVisible(508)</visible>
			</control>
		</control>
		<control type="group">
			<left>180</left>
			<top>0</top>
			<visible>Control.IsVisible(508) + ![ListItem.IsFolder + String.IsEqual(ListItem.DBType,movie)] + !Skin.HasSetting(View508HideInfo)</visible>
			<visible>!ListItem.IsParentFolder</visible>
			<include>VisibleFadeEffect</include>
			<control type="image">
				<left>0</left>
				<top>10</top>
				<width>920</width>
				<height>350</height>
				<texture colordiffuse="themecolor" border="20">ContentPanel.png</texture>
			</control>
			<control type="label">
				<left>40</left>
				<top>30</top>
				<width>840</width>
				<height>20</height>
				<font>font24_title</font>
				<textcolor>blue</textcolor>
				<shadowcolor>black</shadowcolor>
				<scroll>true</scroll>
				<align>center</align>
				<aligny>center</aligny>
				<label>$INFO[ListItem.Label]</label>
			</control>
			<control type="group">
				<left>40</left>
				<top>50</top>
				<visible>String.IsEqual(ListItem.DBType,movie)</visible>
				<control type="label">
					<left>0</left>
					<top>0</top>
					<width>400</width>
					<height>30</height>
					<font>font13_title</font>
					<textcolor>blue</textcolor>
					<shadowcolor>black</shadowcolor>
					<scroll>true</scroll>
					<align>left</align>
					<aligny>center</aligny>
					<label>31308</label>
				</control>
				<control type="fadelabel">
					<left>0</left>
					<top>30</top>
					<width>400</width>
					<height>30</height>
					<font>font13</font>
					<textcolor>white</textcolor>
					<shadowcolor>black</shadowcolor>
					<scroll>true</scroll>
					<align>left</align>
					<aligny>center</aligny>
					<label>$INFO[ListItem.Genre]</label>
					<scrollout>false</scrollout>
					<pauseatend>2000</pauseatend>
				</control>
				<control type="fadelabel">
					<left>0</left>
					<top>55</top>
					<width>400</width>
					<height>30</height>
					<font>font13</font>
					<textcolor>white</textcolor>
					<shadowcolor>black</shadowcolor>
					<scroll>true</scroll>
					<align>left</align>
					<aligny>center</aligny>
					<label>[B]$INFO[ListItem.Year][/B]</label>
					<scrollout>false</scrollout>
					<pauseatend>2000</pauseatend>
				</control>
				<control type="fadelabel">
					<left>0</left>
					<top>80</top>
					<width>400</width>
					<height>30</height>
					<font>font13</font>
					<textcolor>white</textcolor>
					<shadowcolor>black</shadowcolor>
					<scroll>true</scroll>
					<align>left</align>
					<aligny>center</aligny>
					<label>$VAR[DurationInMinutes]</label>
					<scrollout>false</scrollout>
					<pauseatend>2000</pauseatend>
				</control>
				<control type="fadelabel">
					<left>0</left>
					<top>105</top>
					<width>400</width>
					<height>30</height>
					<font>font13</font>
					<textcolor>white</textcolor>
					<shadowcolor>black</shadowcolor>
					<scroll>true</scroll>
					<align>left</align>
					<aligny>center</aligny>
					<label>$LOCALIZE[563]: $INFO[ListItem.RatingAndVotes]</label>
					<scrollout>false</scrollout>
					<pauseatend>2000</pauseatend>
				</control>
			</control>
			<control type="group">
				<left>480</left>
				<top>50</top>
				<visible>String.IsEqual(ListItem.DBType,movie)</visible>
				<control type="label">
					<left>0</left>
					<top>0</top>
					<width>400</width>
					<height>30</height>
					<font>font13_title</font>
					<textcolor>blue</textcolor>
					<shadowcolor>black</shadowcolor>
					<scroll>true</scroll>
					<align>left</align>
					<aligny>center</aligny>
					<label>20339</label>
				</control>
				<control type="label">
					<left>0</left>
					<top>30</top>
					<width>400</width>
					<height>30</height>
					<font>font13</font>
					<textcolor>white</textcolor>
					<shadowcolor>black</shadowcolor>
					<scroll>true</scroll>
					<align>left</align>
					<aligny>center</aligny>
					<label>$INFO[ListItem.Director]</label>
				</control>
				<control type="label">
					<left>0</left>
					<top>75</top>
					<width>400</width>
					<height>30</height>
					<font>font13_title</font>
					<textcolor>blue</textcolor>
					<shadowcolor>black</shadowcolor>
					<scroll>true</scroll>
					<align>left</align>
					<aligny>center</aligny>
					<label>20417</label>
				</control>
				<control type="label">
					<left>0</left>
					<top>105</top>
					<width>400</width>
					<height>30</height>
					<font>font13</font>
					<textcolor>white</textcolor>
					<shadowcolor>black</shadowcolor>
					<scroll>true</scroll>
					<align>left</align>
					<aligny>top</aligny>
					<label>$INFO[ListItem.Writer]</label>
				</control>
			</control>
			<control type="group">
				<left>40</left>
				<top>50</top>
				<visible>String.IsEqual(ListItem.DBType,tvshow)</visible>
				<control type="label">
					<left>0</left>
					<top>0</top>
					<width>400</width>
					<height>30</height>
					<font>font13_title</font>
					<textcolor>blue</textcolor>
					<shadowcolor>black</shadowcolor>
					<scroll>true</scroll>
					<align>left</align>
					<aligny>center</aligny>
					<label>20351</label>
				</control>
				<control type="fadelabel">
					<left>0</left>
					<top>30</top>
					<width>400</width>
					<height>30</height>
					<font>font13</font>
					<textcolor>white</textcolor>
					<shadowcolor>black</shadowcolor>
					<scroll>true</scroll>
					<align>left</align>
					<aligny>center</aligny>
					<label>$INFO[ListItem.Genre]</label>
					<scrollout>false</scrollout>
					<pauseatend>2000</pauseatend>
				</control>
				<control type="fadelabel">
					<left>0</left>
					<top>55</top>
					<width>400</width>
					<height>30</height>
					<font>font13</font>
					<textcolor>white</textcolor>
					<shadowcolor>black</shadowcolor>
					<scroll>true</scroll>
					<align>left</align>
					<aligny>center</aligny>
					<label>[B]$INFO[ListItem.Year][/B]</label>
					<scrollout>false</scrollout>
					<pauseatend>2000</pauseatend>
				</control>
				<control type="fadelabel">
					<left>0</left>
					<top>80</top>
					<width>400</width>
					<height>30</height>
					<font>font13</font>
					<textcolor>white</textcolor>
					<shadowcolor>black</shadowcolor>
					<scroll>true</scroll>
					<align>left</align>
					<aligny>center</aligny>
					<label>$LOCALIZE[563]: $INFO[ListItem.RatingAndVotes]</label>
					<scrollout>false</scrollout>
					<pauseatend>2000</pauseatend>
				</control>
			</control>
			<control type="group">
				<left>480</left>
				<top>50</top>
				<visible>String.IsEqual(ListItem.DBType,tvshow)</visible>
				<control type="label">
					<left>0</left>
					<top>0</top>
					<width>400</width>
					<height>30</height>
					<font>font13_title</font>
					<textcolor>blue</textcolor>
					<shadowcolor>black</shadowcolor>
					<scroll>true</scroll>
					<align>left</align>
					<aligny>center</aligny>
					<label>20360</label>
				</control>
				<control type="label">
					<left>0</left>
					<top>30</top>
					<width>400</width>
					<height>30</height>
					<font>font13</font>
					<textcolor>white</textcolor>
					<shadowcolor>black</shadowcolor>
					<scroll>true</scroll>
					<align>left</align>
					<aligny>center</aligny>
					<label>$LOCALIZE[20161]: $INFO[ListItem.Episode]</label>
				</control>
				<control type="label">
					<left>0</left>
					<top>55</top>
					<width>400</width>
					<height>30</height>
					<font>font13</font>
					<textcolor>white</textcolor>
					<shadowcolor>black</shadowcolor>
					<scroll>true</scroll>
					<align>left</align>
					<aligny>center</aligny>
					<label>$LOCALIZE[16102]: $INFO[ListItem.Property(WatchedEpisodes)]</label>
				</control>
				<control type="label">
					<left>0</left>
					<top>80</top>
					<width>400</width>
					<height>30</height>
					<font>font13</font>
					<textcolor>white</textcolor>
					<shadowcolor>black</shadowcolor>
					<scroll>true</scroll>
					<align>left</align>
					<aligny>center</aligny>
					<label>$LOCALIZE[16101]: $INFO[ListItem.Property(UnWatchedEpisodes)]</label>
				</control>
			</control>
			<control type="group">
				<left>40</left>
				<top>200</top>
				<visible>!String.IsEqual(ListItem.DBType,set)</visible>
				<control type="label">
					<left>0</left>
					<top>0</top>
					<width>400</width>
					<height>30</height>
					<font>font13_title</font>
					<textcolor>blue</textcolor>
					<shadowcolor>black</shadowcolor>
					<scroll>true</scroll>
					<align>left</align>
					<aligny>center</aligny>
					<label>207</label>
				</control>
				<control type="textbox">
					<description>Description For Movie</description>
					<left>0</left>
					<top>32</top>
					<width>850</width>
					<height>98</height>
					<font>font13</font>
					<align>left</align>
					<textcolor>white</textcolor>
					<label>$INFO[ListItem.Plot]</label>
					<autoscroll time="2000" delay="3000" repeat="5000">Skin.HasSetting(AutoScroll)</autoscroll>
				</control>
			</control>
			<control type="group">
				<left>40</left>
				<top>50</top>
				<visible>String.IsEqual(ListItem.DBType,set)</visible>
				<control type="textbox">
					<description>Description For Movie</description>
					<left>0</left>
					<top>0</top>
					<width>850</width>
					<height>330</height>
					<font>font13</font>
					<align>left</align>
					<textcolor>white</textcolor>
					<label>$INFO[ListItem.Plot]</label>
					<autoscroll time="2000" delay="3000" repeat="5000">Skin.HasSetting(AutoScroll)</autoscroll>
				</control>
				<control type="textbox">
					<description>Description For Movie</description>
					<left>0</left>
					<top>0</top>
					<width>850</width>
					<height>330</height>
					<font>font13</font>
					<align>left</align>
					<textcolor>white</textcolor>
					<label>$INFO[Window(Home).Property(SkinHelper.ListItem.Plot)]</label>
					<autoscroll time="2000" delay="3000" repeat="5000">Skin.HasSetting(AutoScroll)</autoscroll>
					<visible>String.IsEmpty(ListItem.Plot)</visible>
				</control>
			</control>
			<control type="grouplist">
				<description>Media Codec Flagging Images</description>
				<left>50</left>
		    <top>666</top>
			<width>600</width>
			<align>center</align>
			<itemgap>1</itemgap>
				<orientation>horizontal</orientation>
				<include>VideoCodecFlaggingConditions</include>
			    <include>VideoStereoscopicsFlaggingConditions</include>
			    <include>VideoHDRFlaggingConditions</include>
			    <include>AspectCodecFlaggingConditions</include>
			    <include>AudioChannelsFlaggingConditions</include>
			    <include>AudioCodecFlaggingConditions</include>
			    <include>VideoTypeHackFlaggingConditions</include>
			    <include>VideoBBFCFlaggingConditions</include>
			</control>
			<control type="image">
				 <left>580</left>
		        <top>670</top>
				<height>38</height>
				<width>38</width>
				<texture>$INFO[ListItem.Property(AudioLanguage.1),flags/countries/,.png]</texture>
			</control>
			<control type="image">
				 <left>620</left>
		         <top>670</top>
				<height>38</height>
				<width>38</width>
				<texture>$INFO[ListItem.Property(AudioLanguage.2),flags/countries/,.png]</texture>
			</control>
		    <control type="image">
		      <left>0</left>
			  <top>660</top>
			  <width>89</width>
			  <height>60</height>
			 <aspectratio >keep</aspectratio>
			 <texture>$VAR[StudioIconVar]</texture>
		</control>
		<control type="image">
			<description>Rating image</description>
			<left>680</left>
			<top>672</top>
			<width>32</width>
			<height>32</height>
			<aspectratio>keep</aspectratio>
			<align>center</align>
			<texture>$VAR[rating,flagging/ratings/,.png]</texture>
		</control>
		</control>
	</include>
	<include name="MediaListView3">
		<control type="group">
			<visible>Control.IsVisible(503)</visible>
			<include>VisibleFadeEffect</include>
			<include>Studio</include>
			<include>VideoMPAA</include>
			<include>MediaCodec</include>
			<control type="list" id="503">
				<left>70</left>
				<top>245</top>
				<width>580</width>
				<height>401</height>
				<onleft>2</onleft>
				<onright>60</onright>
				<onup>503</onup>
				<ondown>503</ondown>
				<viewtype label="$LOCALIZE[544] 2">list</viewtype>
				<pagecontrol>60</pagecontrol>
				<scrolltime>200</scrolltime>
				<visible>Container.Content(TVShows) | Container.Content(Seasons) | Container.Content(Episodes) | Container.Content(Movies)</visible>
				<itemlayout height="40" width="580">
					<control type="image">
						<left>0</left>
						<top>0</top>
						<width>580</width>
						<height>41</height>
						<texture border="0,2,0,2">MenuItemNF.png</texture>
					</control>
					<control type="label">
						<left>10</left>
						<top>0</top>
						<width>520</width>
						<height>40</height>
						<font>font13</font>
						<textcolor>grey2</textcolor>
						<selectedcolor>selected</selectedcolor>
						<align>left</align>
						<aligny>center</aligny>
						<label>$INFO[ListItem.Label]</label>
					</control>
					<control type="label">
						<left>10</left>
						<top>0</top>
						<width>500</width>
						<height>40</height>
						<font>font12</font>
						<textcolor>grey2</textcolor>
						<selectedcolor>selected</selectedcolor>
						<align>right</align>
						<aligny>center</aligny>
						<label>$INFO[ListItem.Label2]</label>
						<visible>Window.IsVisible(Videos)</visible>
						<animation effect="slide" start="0,0" end="40,0" delay="0" time="0" condition="![Container.Content(Movies) | Container.Content(Episodes) | Container.Content(MusicVideos)]">conditional</animation>
					</control>
					<control type="image">
						<left>515</left>
						<top>8</top>
						<width>40</width>
						<height>26</height>
						<texture>$VAR[MediaInfoOverlayVar]</texture>
						<aspectratio>keep</aspectratio>
						<visible>Container.Content(Movies) | Container.Content(Sets) | Container.Content(Episodes) | Container.Content(MusicVideos)</visible>
					</control>
					<include content="ListItemOverlay">
						<param name="left" value="555" />
					</include>
				</itemlayout>
				<focusedlayout height="40" width="580">
				
					<control type="image">
						<left>0</left>
						<top>0</top>
						<width>580</width>
						<height>41</height>
						<texture border="0,2,0,2">MenuItemNF.png</texture>
						<visible>!Control.HasFocus(503)</visible>
						<include>VisibleFadeEffect</include>
					</control>
					<control type="image">
						<left>0</left>
						<top>0</top>
						<width>580</width>
						<height>41</height>
						<texture border="0,2,0,2">MenuItemFO.png</texture>
						<visible>Control.HasFocus(503)</visible>
						<include>VisibleFadeEffect</include>
					</control>
					<control type="image">
						<left>380</left>
						<top>5</top>
						<width>200</width>
						<height>31</height>
						<texture border="0,0,14,0">MediaItemDetailBG.png</texture>
						<visible>Control.HasFocus(503) + !String.IsEmpty(ListItem.Label2)</visible>
					</control>
					<control type="label">
						<left>10</left>
						<top>0</top>
						<width>520</width>
						<height>40</height>
						<font>font13</font>
						<textcolor>white</textcolor>
						<selectedcolor>selected</selectedcolor>
						<align>left</align>
						<aligny>center</aligny>
						<label>$INFO[ListItem.Label]</label>
					</control>
					<control type="label">
						<left>10</left>
						<top>0</top>
						<width>500</width>
						<height>40</height>
						<font>font12</font>
						<textcolor>grey2</textcolor>
						<selectedcolor>selected</selectedcolor>
						<align>right</align>
						<aligny>center</aligny>
						<label>$INFO[ListItem.Label2]</label>
						<visible>Window.IsVisible(Videos)</visible>
						<animation effect="slide" start="0,0" end="40,0" delay="0" time="0" condition="![Container.Content(Movies) | Container.Content(Episodes) | Container.Content(MusicVideos)]">conditional</animation>
					</control>
					<control type="image">
						<left>515</left>
						<top>8</top>
						<width>40</width>
						<height>26</height>
						<texture>$VAR[MediaInfoOverlayVar]</texture>
						<aspectratio>keep</aspectratio>
						<visible>Container.Content(Movies) | Container.Content(Sets) | Container.Content(Episodes) | Container.Content(MusicVideos)</visible>
					</control>
					<include content="ListItemOverlay">
						<param name="left" value="555" />
					</include>
				</focusedlayout>
			</control>
			<control type="scrollbar" id="60">
				<left>650</left>
				<top>245</top>
				<width>25</width>
				<height>400</height>
				<texturesliderbackground border="0,14,0,14">ScrollBarV.png</texturesliderbackground>
				<texturesliderbar border="0,14,0,14">ScrollBarV_bar.png</texturesliderbar>
				<texturesliderbarfocus border="0,14,0,14">ScrollBarV_bar_focus.png</texturesliderbarfocus>
				<textureslidernib>ScrollBarNib.png</textureslidernib>
				<textureslidernibfocus>ScrollBarNib.png</textureslidernibfocus>
				<onleft>503</onleft>
				<onright>2</onright>
				<showonepage>false</showonepage>
				<orientation>vertical</orientation>
				<visible>Control.IsVisible(503)</visible>
			</control>
			<control type="group">
				<left>710</left>
				<top>245</top>
				<visible>Control.IsVisible(503) + ListItem.IsParentFolder</visible>
				<control type="image">
					<left>0</left>
					<top>0</top>
					<width>260</width>
					<height>355</height>
					<aspectratio>keep</aspectratio>
					<fadetime>IconCrossfadeTime</fadetime>
					<texture background="true">$INFO[ListItem.Icon]</texture>
					<bordertexture colordiffuse="themecolor" border="8">ThumbShadow.png</bordertexture>
					<bordersize>8</bordersize>
				</control>
			</control>
			<control type="group">
				<left>710</left>
				<top>245</top>
				<visible>Control.IsVisible(503) + String.IsEqual(ListItem.DBType,tvshow)</visible>
				<control type="image">
					<left>0</left>
					<top>0</top>
					<width>530</width>
					<height>110</height>
					<aspectratio>keep</aspectratio>
					<fadetime>IconCrossfadeTime</fadetime>
					<texture background="true">$VAR[BannerThumb]</texture>
					<bordertexture colordiffuse="themecolor" border="8">ThumbShadow.png</bordertexture>
					<bordersize>8</bordersize>
				</control>
				<control type="label">
					<description>Episodes Text</description>
					<left>10</left>
					<top>120</top>
					<width>140</width>
					<height>25</height>
					<label>$LOCALIZE[20360]:</label>
					<align>right</align>
					<aligny>center</aligny>
					<font>font12</font>
					<textcolor>blue</textcolor>
				</control>
				<control type="label">
					<description>Episodes</description>
					<left>160</left>
					<top>120</top>
					<width>360</width>
					<height>25</height>
					<label fallback="10005">$INFO[ListItem.episode] [COLOR=grey] ($INFO[ListItem.Property(WatchedEpisodes),, $LOCALIZE[16102]] - $INFO[ListItem.Property(UnWatchedEpisodes), , $LOCALIZE[16101]])[/COLOR]</label>
					<align>left</align>
					<aligny>center</aligny>
					<font>font12</font>
					<scroll>true</scroll>
				</control>
				<control type="label">
					<description>Aired Text</description>
					<left>10</left>
					<top>145</top>
					<width>140</width>
					<height>25</height>
					<label>$LOCALIZE[31322]:</label>
					<align>right</align>
					<aligny>center</aligny>
					<font>font12</font>
					<textcolor>blue</textcolor>
				</control>
				<control type="label">
					<description>Aired</description>
					<left>160</left>
					<top>145</top>
					<width>360</width>
					<height>25</height>
					<label fallback="10005">$INFO[ListItem.premiered]</label>
					<align>left</align>
					<aligny>center</aligny>
					<font>font12</font>
					<scroll>true</scroll>
				</control>
				<control type="label">
					<description>Genre Text</description>
					<left>10</left>
					<top>170</top>
					<width>140</width>
					<height>25</height>
					<label>$LOCALIZE[515]:</label>
					<align>right</align>
					<aligny>center</aligny>
					<font>font12</font>
					<textcolor>blue</textcolor>
				</control>
				<control type="fadelabel">
					<description>Genre</description>
					<left>160</left>
					<top>170</top>
					<width>360</width>
					<height>25</height>
					<label fallback="10005">$INFO[ListItem.Genre]</label>
					<align>left</align>
					<aligny>center</aligny>
					<font>font12</font>
					<scrollout>false</scrollout>
					<pauseatend>1000</pauseatend>
				</control>
				<control type="image">
					<left>0</left>
					<top>200</top>
					<width>530</width>
					<height>4</height>
					<texture>separator.png</texture>
				</control>
				<control type="textbox">
					<description>Description For TVShows</description>
					<left>10</left>
					<top>212</top>
					<width>510</width>
					<height>188</height>
					<font>font13</font>
					<align>left</align>
					<textcolor>white</textcolor>
					<label>$INFO[ListItem.Plot]</label>
					<autoscroll time="2000" delay="3000" repeat="5000">Skin.HasSetting(AutoScroll)</autoscroll>
				</control>
			</control>
			<control type="group">
				<left>710</left>
				<top>245</top>
				<visible>Control.IsVisible(503) + String.IsEqual(ListItem.DBType,episode)</visible>
				<control type="image">
					<left>10</left>
					<top>0</top>
					<width>500</width>
					<height>240</height>
					<aspectratio>strech</aspectratio>
					<fadetime>IconCrossfadeTime</fadetime>
					<texture background="true">$INFO[ListItem.Thumb]</texture>
					<bordertexture colordiffuse="themecolor" border="8">ThumbShadow.png</bordertexture>
					<bordersize>8</bordersize>
				</control>
			<!--	<control type="grouplist">
					<description>Media Codec Flagging Images</description>
					<left>0</left>
					<top>210</top>
					<width>530</width>
					<align>center</align>
					<itemgap>2</itemgap>
					<orientation>horizontal</orientation>
					<include>VideoStudioConditions</include>
					<include>VideoCodecFlaggingConditions</include>
					<include>AudioCodecFlaggingConditions</include>
					<include>AudioChannelsFlaggingConditions</include>
					<include>AspectCodecFlaggingConditions</include>
					<include>VideoStereoscopicsFlaggingConditions</include>
					<include>VideoTypeHackFlaggingConditions</include>
				</control>-->
				<control type="label">
					<description>Info Text</description>
					<left>10</left>
					<top>245</top>
					<width>510</width>
					<height>30</height>
					<label>$INFO[ListItem.Season,[COLOR=blue] $LOCALIZE[20373]:[/COLOR] ] $INFO[ListItem.episode,[COLOR=blue] $LOCALIZE[20359]:[/COLOR] ] $INFO[ListItem.premiered,[COLOR=blue] $LOCALIZE[31322]:[/COLOR] ]</label>
					<align>center</align>
					<aligny>center</aligny>
					<font>font13_title</font>
					<textcolor>white</textcolor>
					<shadowcolor>black</shadowcolor>
					<wrapmultiline>true</wrapmultiline>
				</control>
				<control type="image">
					<left>0</left>
					<top>275</top>
					<width>530</width>
					<height>4</height>
					<texture>separator.png</texture>
				</control>
				<control type="textbox">
					<description>Description For TVShows</description>
					<left>10</left>
					<top>282</top>
					<width>510</width>
					<height>118</height>
					<font>font13</font>
					<align>left</align>
					<textcolor>white</textcolor>
					<label>$INFO[ListItem.Plot]</label>
					<autoscroll time="2000" delay="3000" repeat="5000">Skin.HasSetting(AutoScroll)</autoscroll>
				</control>
			</control>
			<control type="group">
				<left>710</left>
				<top>245</top>
				<visible>Control.IsVisible(503) + String.IsEqual(ListItem.DBType,season)</visible>
				<control type="image">
					<left>0</left>
					<top>0</top>
					<width>260</width>
					<height>355</height>
					<aspectratio>keep</aspectratio>
					<fadetime>IconCrossfadeTime</fadetime>
					<texture background="true">$INFO[ListItem.Icon]</texture>
					<bordertexture colordiffuse="themecolor" border="8">ThumbShadow.png</bordertexture>
					<bordersize>8</bordersize>
				</control>
				<control type="textbox">
					<description>Description For Seasons</description>
					<left>270</left>
					<top>10</top>
					<width>250</width>
					<height>335</height>
					<font>font13</font>
					<align>left</align>
					<textcolor>white</textcolor>
					<label>$INFO[Container.ShowPlot]</label>
					<autoscroll time="2000" delay="3000" repeat="5000">Skin.HasSetting(AutoScroll)</autoscroll>
					<visible>String.IsEqual(ListItem.DBType,season)</visible>
				</control>
				<control type="label">
					<description>Watched Count</description>
					<left>10</left>
					<top>370</top>
					<width>510</width>
					<height>25</height>
					<label>[COLOR=white]$LOCALIZE[20360]:[/COLOR] $INFO[ListItem.Property(WatchedEpisodes),([COLOR=blue],[/COLOR]) $LOCALIZE[16102]] $INFO[ListItem.Property(UnWatchedEpisodes),([COLOR=blue],[/COLOR]) $LOCALIZE[16101]]</label>
					<align>center</align>
					<aligny>center</aligny>
					<font>font12</font>
					<textcolor>grey2</textcolor>
					<shadowcolor>black</shadowcolor>
				</control>
			</control>
			<control type="group">
				<left>710</left>
				<top>245</top>
				<visible>Control.IsVisible(503) + [String.IsEqual(ListItem.DBType,movie) | String.IsEqual(ListItem.DBType,set)]</visible>
				<control type="image">
					<left>-10</left>
					<top>0</top>
					<width>293</width>
					<height>400</height>
					<aspectratio>keep</aspectratio>
					<fadetime>IconCrossfadeTime</fadetime>
					<texture background="true" diffuse="postermatteNF.png">$VAR[PosterThumb]</texture>
					<bordertexture colordiffuse="themecolor" border="8">ThumbShadow.png</bordertexture>
					<bordersize>8</bordersize>
				</control>
			
				<control type="textbox">
					<description>Description For Movie</description>
					<left>270</left>
					<top>10</top>
					<width>250</width>
					<height>392</height>
					<font>font13</font>
					<align>left</align>
					<textcolor>white</textcolor>
					<label>$INFO[ListItem.Plot]</label>
					<autoscroll time="2000" delay="3000" repeat="5000">Skin.HasSetting(AutoScroll)</autoscroll>
				</control>
				<control type="textbox">
					<description>Description For Movie</description>
					<left>270</left>
					<top>10</top>
					<width>250</width>
					<height>332</height>
					<font>font13</font>
					<align>left</align>
					<textcolor>white</textcolor>
					<label>$INFO[Window(Home).Property(SkinHelper.ListItem.Plot)]</label>
					<autoscroll time="2000" delay="3000" repeat="5000">Skin.HasSetting(AutoScroll)</autoscroll>
					<visible>String.IsEmpty(ListItem.Plot)</visible>
				</control>
			</control>
		</control>
	</include>
	<include name="MediaListView2">
		<control type="group">
			<visible>Control.IsVisible(504)</visible>
			<include>VisibleFadeEffect</include>
			<include>Studio</include>
				<include>VideoMPAA</include>
			    <include>MediaCodec</include>
			<control type="list" id="504">
				<left>70</left>
				<top>78</top>
				<width>580</width>
				<height>561</height>
				<onleft>2</onleft>
				<onright>60</onright>
				<onup>504</onup>
				<ondown>504</ondown>
				<viewtype label="$LOCALIZE[544]">list</viewtype>
				<pagecontrol>60</pagecontrol>
				<scrolltime>200</scrolltime>
				<visible>Container.Content(TVShows) | Container.Content(Movies) | Container.Content(Episodes) | Container.Content(Videos)</visible>
				<itemlayout height="40" width="580">
					<control type="image">
						<left>0</left>
						<top>0</top>
						<width>580</width>
						<height>41</height>
						<texture border="0,2,0,2">MenuItemNF.png</texture>
					</control>
					<control type="label">
						<left>10</left>
						<top>0</top>
						<width>520</width>
						<height>40</height>
						<font>font13</font>
						<textcolor>grey2</textcolor>
						<selectedcolor>selected</selectedcolor>
						<align>left</align>
						<aligny>center</aligny>
						<label>$INFO[ListItem.Label]</label>
					</control>
					<control type="label">
						<left>10</left>
						<top>0</top>
						<width>500</width>
						<height>40</height>
						<font>font12</font>
						<textcolor>grey2</textcolor>
						<selectedcolor>selected</selectedcolor>
						<align>right</align>
						<aligny>center</aligny>
						<label>$INFO[ListItem.Label2]</label>
						<visible>Window.IsVisible(Videos)</visible>
						<animation effect="slide" start="0,0" end="40,0" delay="0" time="0" condition="![Container.Content(Movies) | Container.Content(Episodes) | Container.Content(MusicVideos)]">conditional</animation>
					</control>
					<control type="image">
						<left>515</left>
						<top>8</top>
						<width>40</width>
						<height>26</height>
						<texture>$VAR[MediaInfoOverlayVar]</texture>
						<aspectratio>keep</aspectratio>
						<visible>Container.Content(Movies) | Container.Content(Sets) | Container.Content(Episodes) | Container.Content(MusicVideos)</visible>
					</control>
					<include content="ListItemOverlay">
						<param name="left" value="555" />
					</include>
				</itemlayout>
				<focusedlayout height="40" width="580">
					<control type="image">
						<left>0</left>
						<top>0</top>
						<width>580</width>
						<height>41</height>
						<texture border="0,2,0,2">MenuItemNF.png</texture>
						<visible>!Control.HasFocus(504)</visible>
						<include>VisibleFadeEffect</include>
					</control>
					<control type="image">
						<left>0</left>
						<top>0</top>
						<width>580</width>
						<height>41</height>
						<texture border="0,2,0,2">MenuItemFO.png</texture>
						<visible>Control.HasFocus(504)</visible>
						<include>VisibleFadeEffect</include>
					</control>
					<control type="image">
						<left>380</left>
						<top>5</top>
						<width>200</width>
						<height>31</height>
						<texture border="0,0,14,0">MediaItemDetailBG.png</texture>
						<visible>Control.HasFocus(504) + !String.IsEmpty(ListItem.Label2)</visible>
					</control>
					<control type="label">
						<left>10</left>
						<top>0</top>
						<width>520</width>
						<height>40</height>
						<font>font13</font>
						<textcolor>white</textcolor>
						<selectedcolor>selected</selectedcolor>
						<align>left</align>
						<aligny>center</aligny>
						<label>$INFO[ListItem.Label]</label>
					</control>
					<control type="label">
						<left>10</left>
						<top>0</top>
						<width>500</width>
						<height>40</height>
						<font>font12</font>
						<textcolor>grey2</textcolor>
						<selectedcolor>selected</selectedcolor>
						<align>right</align>
						<aligny>center</aligny>
						<label>$INFO[ListItem.Label2]</label>
						<visible>Window.IsVisible(Videos)</visible>
						<animation effect="slide" start="0,0" end="40,0" delay="0" time="0" condition="![Container.Content(Movies) | Container.Content(Episodes) | Container.Content(MusicVideos)]">conditional</animation>
					</control>
					<control type="image">
						<left>515</left>
						<top>8</top>
						<width>40</width>
						<height>26</height>
						<texture>$VAR[MediaInfoOverlayVar]</texture>
						<aspectratio>keep</aspectratio>
						<visible>Container.Content(Movies) | Container.Content(Sets) | Container.Content(Episodes) | Container.Content(MusicVideos)</visible>
					</control>
					<include content="ListItemOverlay">
						<param name="left" value="555" />
					</include>
				</focusedlayout>
			</control>
			<control type="scrollbar" id="60">
				<left>650</left>
				<top>78</top>
				<width>25</width>
				<height>560</height>
				<texturesliderbackground border="10,14,10,14">ScrollBarV.png</texturesliderbackground>
				<texturesliderbar border="10,14,10,14">ScrollBarV_bar.png</texturesliderbar>
				<texturesliderbarfocus border="10,14,10,14">ScrollBarV_bar_focus.png</texturesliderbarfocus>
				<textureslidernib>ScrollBarNib.png</textureslidernib>
				<textureslidernibfocus>ScrollBarNib.png</textureslidernibfocus>
				<onleft>504</onleft>
				<onright>2</onright>
				<showonepage>false</showonepage>
				<orientation>vertical</orientation>
				<visible>Control.IsVisible(504)</visible>
			</control>
			<control type="group">
				<left>710</left>
				<top>70</top>
				<visible>Control.IsVisible(504) + ListItem.IsParentFolder</visible>
				<control type="image">
					<left>0</left>
					<top>0</top>
					<width>510</width>
					<height>286</height>
					<aspectratio>scale</aspectratio>
					<fadetime>IconCrossfadeTime</fadetime>
					<texture background="true" fallback="Fanart_Fallback_Small.jpg">$INFO[ListItem.Art(fanart)]</texture>
					<visible>Container.Content(Movies)</visible>
					<bordertexture background="true" border="8">ThumbShadow.png</bordertexture>
					<bordersize>8</bordersize>
				</control>
				<control type="image">
					<left>0</left>
					<top>0</top>
					<width>510</width>
					<height>325</height>
					<aspectratio>scale</aspectratio>
					<fadetime>IconCrossfadeTime</fadetime>
					<texture background="true" fallback="Fanart_Fallback_Small.jpg">$INFO[ListItem.Art(fanart)]</texture>
					<visible>Container.Content(TVShows) | Container.Content(Videos)</visible>
					<bordertexture background="true" border="8">ThumbShadow.png</bordertexture>
					<bordersize>8</bordersize>
				</control>
			</control>
			<control type="group">
				<left>710</left>
				<top>70</top>
				<visible>Control.IsVisible(504) + [String.IsEqual(ListItem.DBType,movie) | String.IsEqual(ListItem.DBType,set) | String.IsEqual(ListItem.DBType,tvshow) | String.IsEqual(ListItem.DBType,video)]</visible>
				<control type="image">
					<left>0</left>
					<top>0</top>
					<width>510</width>
					<height>336</height>
					<aspectratio>scale</aspectratio>
					<fadetime>IconCrossfadeTime</fadetime>
					<texture background="true" fallback="Fanart_Fallback_Small.jpg">$INFO[ListItem.Art(fanart)]</texture>
					<visible>String.IsEqual(ListItem.DBType,movie)</visible>
					<bordertexture background="true" colordiffuse="themecolor" border="8">ThumbShadow.png</bordertexture>
					<bordersize>8</bordersize>
				</control>
			
				<control type="image">
					<left>0</left>
					<top>0</top>
					<width>510</width>
					<height>336</height>
					<aspectratio>scale</aspectratio>
					<fadetime>IconCrossfadeTime</fadetime>
					<texture background="true" fallback="Fanart_Fallback_Small.jpg">$INFO[ListItem.Art(fanart)]</texture>
					<visible>String.IsEqual(ListItem.DBType,set) | String.IsEqual(ListItem.DBType,tvshow) | String.IsEqual(ListItem.DBType,video)</visible>
					<bordertexture background="true" colordiffuse="themecolor" border="8">ThumbShadow.png</bordertexture>
					<bordersize>8</bordersize>
				</control>
				
				
			<!--	<control type="grouplist">
					<description>Media Codec Flagging Images</description>
					<left>0</left>
					<top>290</top>
					<width>510</width>
					<align>center</align>
					<itemgap>2</itemgap>
					<orientation>horizontal</orientation>
					<include>VideoCodecFlaggingConditions</include>
			        <include>VideoStereoscopicsFlaggingConditions</include>
			        <include>VideoHDRFlaggingConditions</include>
			        <include>AspectCodecFlaggingConditions</include>
			        <include>AudioChannelsFlaggingConditions</include>
			        <include>AudioCodecFlaggingConditions</include>
			        <include>VideoTypeHackFlaggingConditions</include>
			       
			        <include>VideoBBFCFlaggingConditions</include>
				</control>
				<control type="image">
		           <left>20</left>
			       <top>335</top>
			       <width>70</width>
			       <height>50</height>
			       <aspectratio aligny="top">keep</aspectratio>
			       <texture>$VAR[StudioIconVar]</texture>
		        </control>-->
				<control type="image">
					<left>0</left>
					<top>330</top>
					<width>510</width>
					<height>4</height>
					<texture>separator.png</texture>
				</control>
				<control type="label">
					<description>Year Text</description>
					<left>-10</left>
					<top>335</top>
					<width>140</width>
					<height>25</height>
					<label>$LOCALIZE[345]:</label>
					<align>right</align>
					<aligny>center</aligny>
					<font>font13_title</font>
					<textcolor>blue</textcolor>
				</control>
				<control type="label">
					<description>Year</description>
					<left>140</left>
					<top>335</top>
					<width>320</width>
					<height>25</height>
					<label fallback="10005">$INFO[ListItem.Year]</label>
					<align>left</align>
					<aligny>center</aligny>
					<font>font13</font>
					<scroll>true</scroll>
				</control>
				<control type="fadelabel">
					<left>160</left>
					<top>335</top>
					<width>320</width>
					<height>25</height>
					<font>font13</font>
					<textcolor>white</textcolor>
					<shadowcolor>black</shadowcolor>
					<scroll>true</scroll>
					<align>right</align>
					<aligny>center</aligny>
					<label>$VAR[DurationInMinutes]</label>
					<scrollout>false</scrollout>
					<pauseatend>2000</pauseatend>
				</control>
				<control type="label">
					<description>Genre Text</description>
					<left>10</left>
					<top>360</top>
					<width>140</width>
					<height>25</height>
					<label>$LOCALIZE[515]:</label>
					<align>right</align>
					<aligny>center</aligny>
					<font>font13_title</font>
					<textcolor>blue</textcolor>
				</control>
				<control type="fadelabel">
					<description>Genre</description>
					<left>160</left>
					<top>360</top>
					<width>320</width>
					<height>25</height>
					<label fallback="10005">$INFO[ListItem.Genre]</label>
					<align>left</align>
					<aligny>center</aligny>
					<font>font13</font>
					<scrollout>false</scrollout>
					<pauseatend>1000</pauseatend>
				</control>
				<control type="image">
					<left>0</left>
					<top>390</top>
					<width>510</width>
					<height>4</height>
					<texture>separator.png</texture>
				</control>
				<control type="textbox">
					<description>Description For Video</description>
					<left>10</left>
					<top>397</top>
					<width>490</width>
					<height>168</height>
					<font>font13</font>
					<align>left</align>
					<textcolor>white</textcolor>
					<label>$INFO[ListItem.Plot]</label>
					<autoscroll time="2000" delay="3000" repeat="5000">Skin.HasSetting(AutoScroll)</autoscroll>
				</control>
				<control type="textbox">
					<description>Description For Video</description>
					<left>10</left>
					<top>397</top>
					<width>490</width>
					<height>168</height>
					<font>font13</font>
					<align>left</align>
					<textcolor>white</textcolor>
					<label>$INFO[Window(Home).Property(SkinHelper.ListItem.Plot)]</label>
					<autoscroll time="2000" delay="3000" repeat="5000">Skin.HasSetting(AutoScroll)</autoscroll>
					<visible>String.IsEmpty(ListItem.Plot)</visible>
				</control>
			</control>
			<control type="group">
				<left>710</left>
				<top>70</top>
				<visible>Control.IsVisible(504) + String.IsEqual(ListItem.DBType,episode)</visible>
				<control type="image">
					<left>0</left>
					<top>0</top>
					<width>510</width>
					<height>336</height>
					<aspectratio>scale</aspectratio>
					<fadetime>IconCrossfadeTime</fadetime>
					<texture background="true" fallback="Fanart_Fallback_Small.jpg">$INFO[ListItem.Icon]</texture>
					<bordertexture background="true"  colordiffuse="themecolor" border="8">ThumbShadow.png</bordertexture>
					<bordersize>8</bordersize>
				</control>
			<!--	<control type="grouplist">
					<description>Media Codec Flagging Images</description>
					<left>0</left>
					<top>290</top>
					<width>510</width>
					<align>center</align>
					<itemgap>2</itemgap>
					<orientation>horizontal</orientation>
				    <include>VideoCodecFlaggingConditions</include>
			        <include>VideoStereoscopicsFlaggingConditions</include>
			        <include>VideoHDRFlaggingConditions</include>
			        <include>AspectCodecFlaggingConditions</include>
			        <include>AudioChannelsFlaggingConditions</include>
			        <include>AudioCodecFlaggingConditions</include>
			        <include>VideoTypeHackFlaggingConditions</include>
			        <include>VideoMPAAFlaggingConditions</include>
			        <include>VideoBBFCFlaggingConditions</include>
				</control>
				<control type="image">
		           <left>260</left>
			       <top>290</top>
			       <width>70</width>
			       <height>50</height>
			       <aspectratio aligny="top">keep</aspectratio>
			       <texture>$VAR[StudioIconVar]</texture>
		        </control>-->
				<control type="image">
					<left>0</left>
					<top>330</top>
					<width>510</width>
					<height>4</height>
					<texture>separator.png</texture>
				</control>
				<control type="label">
					<description>Aired Text</description>
					<left>10</left>
					<top>335</top>
					<width>140</width>
					<height>25</height>
					<label>$LOCALIZE[31322]:</label>
					<align>right</align>
					<aligny>center</aligny>
					<font>font13_title</font>
					<textcolor>blue</textcolor>
				</control>
				<control type="label">
					<description>Aired</description>
					<left>160</left>
					<top>335</top>
					<width>340</width>
					<height>25</height>
					<label fallback="10005">$INFO[listitem.Premiered]</label>
					<align>left</align>
					<aligny>center</aligny>
					<font>font13</font>
					<scroll>true</scroll>
				</control>
				<control type="label">
					<description>Episode Text</description>
					<left>10</left>
					<top>360</top>
					<width>140</width>
					<height>25</height>
					<label>$LOCALIZE[20359]:</label>
					<align>right</align>
					<aligny>center</aligny>
					<font>font13_title</font>
					<textcolor>blue</textcolor>
				</control>
				<control type="fadelabel">
					<description>Episode</description>
					<left>160</left>
					<top>360</top>
					<width>340</width>
					<height>25</height>
					<label fallback="10005">$INFO[listitem.Season,,x]$INFO[listitem.Episode]</label>
					<align>left</align>
					<aligny>center</aligny>
					<font>font13</font>
					<scrollout>false</scrollout>
					<pauseatend>1000</pauseatend>
				</control>
				<control type="image">
					<left>0</left>
					<top>390</top>
					<width>510</width>
					<height>4</height>
					<texture>separator.png</texture>
				</control>
				<control type="textbox">
					<description>Description For Video</description>
					<left>10</left>
					<top>397</top>
					<width>490</width>
					<height>168</height>
					<font>font13</font>
					<align>left</align>
					<textcolor>white</textcolor>
					<label>$INFO[ListItem.Plot]</label>
					<autoscroll time="2000" delay="3000" repeat="5000">Skin.HasSetting(AutoScroll)</autoscroll>
				</control>
			</control>
		</control>
	</include>
	<include name="MediaListView4">
		<control type="group">
			<visible>Control.IsVisible(515)</visible>
			<include>VisibleFadeEffect</include>
			<include>Studio</include>
				<include>VideoMPAA</include>
			    <include>MediaCodec</include>
			<control type="list" id="515">
				<left>70</left>
				<top>78</top>
				<width>340</width>
				<height>561</height>
				<onleft>2</onleft>
				<onright>60</onright>
				<onup>515</onup>
				<ondown>515</ondown>
				<viewtype label="$LOCALIZE[544] 3">list</viewtype>
				<pagecontrol>60</pagecontrol>
				<scrolltime>200</scrolltime>
				<visible>Container.Content(TVShows) | Container.Content(Movies) | Container.Content(Episodes) | Container.Content(Seasons)</visible>
				<itemlayout height="40" width="345">
					<control type="image">
						<left>0</left>
						<top>0</top>
						<width>345</width>
						<height>41</height>
						<texture border="0,2,0,2">MenuItemNF.png</texture>
					</control>
					<control type="label">
						<left>10</left>
						<top>0</top>
						<width>310</width>
						<height>40</height>
						<font>font13</font>
						<textcolor>grey2</textcolor>
						<selectedcolor>selected</selectedcolor>
						<align>left</align>
						<aligny>center</aligny>
						<label>$INFO[ListItem.Label]</label>
					</control>
					<include content="ListItemOverlay">
						<param name="left" value="320" />
					</include>
				</itemlayout>
				<focusedlayout height="40" width="345">
					<control type="image">
						<left>0</left>
						<top>0</top>
						<width>345</width>
						<height>41</height>
						<texture border="0,2,0,2">MenuItemNF.png</texture>
						<visible>!Control.HasFocus(515)</visible>
						<include>VisibleFadeEffect</include>
					</control>
					<control type="image">
						<left>0</left>
						<top>0</top>
						<width>345</width>
						<height>41</height>
						<texture border="0,2,0,2">MenuItemFO.png</texture>
						<visible>Control.HasFocus(515)</visible>
						<include>VisibleFadeEffect</include>
					</control>
					<control type="label">
						<left>10</left>
						<top>0</top>
						<width>310</width>
						<height>40</height>
						<font>font13</font>
						<textcolor>white</textcolor>
						<selectedcolor>selected</selectedcolor>
						<align>left</align>
						<aligny>center</aligny>
						<label>$INFO[ListItem.Label]</label>
					</control>
					<control type="image">
                        
                           <left>510</left>
					        <top>0</top>
							<width>200</width>
							<height>78</height>
					    
						<texture>$INFO[ListItem.Art(clearlogo)]</texture>
					    <fadetime>FanartCrossFadeTime</fadetime>
					    <aspectratio align="center" aligny="center">strech</aspectratio>
					  <visible>Skin.HasSetting(ClearArtHome)</visible>
					</control>
					<include content="ListItemOverlay">
						<param name="left" value="320" />
					</include>
				</focusedlayout>
			</control>
			<control type="scrollbar" id="60">
				<left>415</left>
				<top>78</top>
				<width>25</width>
				<height>560</height>
				<texturesliderbackground border="10,14,10,14">ScrollBarV.png</texturesliderbackground>
				<texturesliderbar border="10,14,10,14">ScrollBarV_bar.png</texturesliderbar>
				<texturesliderbarfocus border="10,14,10,14">ScrollBarV_bar_focus.png</texturesliderbarfocus>
				<textureslidernib>ScrollBarNib.png</textureslidernib>
				<textureslidernibfocus>ScrollBarNib.png</textureslidernibfocus>
				<onleft>515</onleft>
				<onright>2</onright>
				<showonepage>false</showonepage>
				<orientation>vertical</orientation>
				<visible>Control.IsVisible(515)</visible>
			</control>
			<control type="group">
				<left>470</left>
				<top>70</top>
				<visible>Control.IsVisible(515) + ListItem.IsParentFolder</visible>
				<control type="image">
					<left>0</left>
					<top>0</top>
					<width>750</width>
					<height>420</height>
					<aspectratio scalediffuse="false">scale</aspectratio>
					<fadetime>IconCrossfadeTime</fadetime>
					<texture diffuse="landscapemattefo.png" background="true">Fanart_Fallback_Small.jpg</texture>
				</control>
				<control type="image">
					<depth>DepthContent+</depth>
					<left>560</left>
					<top>140</top>
					<width>180</width>
					<height>440</height>
					<aspectratio align="left" aligny="bottom">keep</aspectratio>
					<fadetime>IconCrossfadeTime</fadetime>
					<texture background="true" diffuse="postermatteNF.png">$VAR[PosterThumb]</texture>
					<bordertexture colordiffuse="themecolor" border="8">ThumbShadow.png</bordertexture>
					<bordersize>8</bordersize>
				</control>
			</control>
			<control type="group">
				<left>470</left>
				<top>70</top>
				<visible>Control.IsVisible(515) + [String.IsEqual(ListItem.DBType,movie) | String.IsEqual(ListItem.DBType,set)]</visible>
				<control type="image">
					<left>0</left>
					<top>0</top>
					<width>750</width>
					<height>420</height>
					<aspectratio scalediffuse="false">scale</aspectratio>
					<fadetime>IconCrossfadeTime</fadetime>
					<texture diffuse="landscapemattefo.png" background="true" fallback="Fanart_Fallback_Small.jpg">$INFO[ListItem.Art(fanart)]</texture>
				</control>
				<control type="image">
					<left>0</left>
					<top>0</top>
					<width>750</width>
					<height>420</height>
					<aspectratio scalediffuse="false">scale</aspectratio>
					<fadetime>IconCrossfadeTime</fadetime>
					<texture diffuse="landscapemattefo.png" >$INFO[ListItem.Art(landscape)]</texture>
				</control>
				<control type="label">
					<left>10</left>
					<top>395</top>
					<width>540</width>
					<height>30</height>
					<font>font24_title</font>
					<textcolor>white</textcolor>
					<shadowcolor>black</shadowcolor>
					<align>left</align>
					<aligny>center</aligny>
					<label>$INFO[ListItem.Label]</label>
				</control>
				<control type="textbox">
					<description>Description For Video</description>
					<left>10</left>
					<top>432</top>
					<width>540</width>
					<height>145</height>
					<font>font13</font>
					<align>left</align>
					<textcolor>white</textcolor>
					<label>$INFO[ListItem.Plot]</label>
					<autoscroll time="2000" delay="3000" repeat="5000">Skin.HasSetting(AutoScroll)</autoscroll>
				</control>
				<control type="textbox">
					<description>Description For Video</description>
					<left>10</left>
					<top>432</top>
					<width>540</width>
					<height>148</height>
					<font>font13</font>
					<align>left</align>
					<textcolor>white</textcolor>
					<label>$INFO[Window(Home).Property(SkinHelper.ListItem.Plot)]</label>
					<autoscroll time="2000" delay="3000" repeat="5000">Skin.HasSetting(AutoScroll)</autoscroll>
					<visible>String.IsEmpty(ListItem.Plot)</visible>
				</control>
			<!--	<control type="grouplist">
					<description>Media Codec Flagging Images</description>
					<left>0</left>
					<top>540</top>
					<width>540</width>
					<align>left</align>
					<itemgap>2</itemgap>
					<orientation>horizontal</orientation>
					<include>VideoStudioConditions</include>
					<include>VideoCodecFlaggingConditions</include>
					<include>AudioCodecFlaggingConditions</include>
					<include>AudioChannelsFlaggingConditions</include>
					<include>AspectCodecFlaggingConditions</include>
					<include>VideoStereoscopicsFlaggingConditions</include>
					<include>VideoTypeHackFlaggingConditions</include>
				</control>-->
				<control type="image">
					<depth>DepthContent+</depth>
					<left>560</left>
					<top>140</top>
					<width>180</width>
					<height>440</height>
					<aspectratio align="left" aligny="bottom">keep</aspectratio>
					<fadetime>IconCrossfadeTime</fadetime>
					<texture background="true" diffuse="postermatteNF.png">$VAR[PosterThumb]</texture>
					<bordertexture colordiffuse="themecolor" border="8">ThumbShadow.png</bordertexture>
					<bordersize>8</bordersize>
				</control>
				<control type="image">
                    <left>510</left>
					<top>0</top>
					<width>200</width>
					<height>78</height>
					<texture>$INFO[ListItem.Art(clearlogo)]</texture>
				    <fadetime>FanartCrossFadeTime</fadetime>
				    <aspectratio align="center" aligny="center">strech</aspectratio>
                    <visible>Skin.HasSetting(ClearArtHome)</visible>					
				</control>
			</control>
			<control type="group">
				<left>470</left>
				<top>70</top>
				<visible>Control.IsVisible(515) + String.IsEqual(ListItem.DBType,tvshow)</visible>
				<control type="image">
					<left>0</left>
					<top>0</top>
					<width>750</width>
					<height>420</height>
					<aspectratio scalediffuse="false">scale</aspectratio>
					<fadetime>IconCrossfadeTime</fadetime>
					<texture diffuse="landscapemattefo.png" background="true" fallback="Fanart_Fallback_Small.jpg">$INFO[ListItem.Art(fanart)]</texture>
				</control>
				<control type="image">
					<left>0</left>
					<top>0</top>
					<width>750</width>
					<height>420</height>
					<aspectratio scalediffuse="false">scale</aspectratio>
					<fadetime>IconCrossfadeTime</fadetime>
					<texture diffuse="landscapemattefo.png" >$INFO[ListItem.Art(landscape)]</texture>
				</control>
				<control type="label">
					<left>10</left>
					<top>395</top>
					<width>540</width>
					<height>30</height>
					<font>font24_title</font>
					<textcolor>white</textcolor>
					<shadowcolor>black</shadowcolor>
					<align>left</align>
					<aligny>center</aligny>
					<label>$INFO[ListItem.Label]</label>
				</control>
				<control type="textbox">
					<description>Description For Video</description>
					<left>10</left>
					<top>432</top>
					<width>540</width>
					<height>143</height>
					<font>font13</font>
					<align>left</align>
					<textcolor>white</textcolor>
					<label>$INFO[ListItem.Plot]</label>
					<autoscroll time="2000" delay="3000" repeat="5000">Skin.HasSetting(AutoScroll)</autoscroll>
				</control>
				<control type="image">
					<depth>DepthContent+</depth>
					<left>560</left>
					<top>140</top>
					<width>180</width>
					<height>440</height>
					<aspectratio align="left" aligny="bottom">keep</aspectratio>
					<fadetime>IconCrossfadeTime</fadetime>
					<texture background="true" diffuse="postermatteNF.png">$VAR[PosterThumb]</texture>
					<bordertexture colordiffuse="themecolor" border="8">ThumbShadow.png</bordertexture>
					<bordersize>8</bordersize>
				</control>
				<control type="image">
                    <left>510</left>
					<top>0</top>
					<width>200</width>
					<height>78</height>
					<texture>$INFO[ListItem.Art(clearlogo)]</texture>
				    <fadetime>FanartCrossFadeTime</fadetime>
				    <aspectratio align="center" aligny="center">strech</aspectratio>
                    <visible>Skin.HasSetting(ClearArtHome)</visible>					
				</control>
			</control>
			<control type="group">
				<left>470</left>
				<top>70</top>
				<visible>Control.IsVisible(515) + String.IsEqual(ListItem.DBType,season)</visible>
				<control type="image">
					<left>0</left>
					<top>0</top>
					<width>750</width>
					<height>420</height>
					<aspectratio scalediffuse="false">scale</aspectratio>
					<fadetime>IconCrossfadeTime</fadetime>
					<texture diffuse="landscapemattefo.pngg" background="true" fallback="Fanart_Fallback_Small.jpg">$INFO[ListItem.Art(fanart)]</texture>
				</control>
				<control type="image">
					<left>0</left>
					<top>0</top>
					<width>750</width>
					<height>420</height>
					<aspectratio scalediffuse="false">scale</aspectratio>
					<fadetime>IconCrossfadeTime</fadetime>
					<texture diffuse="landscapemattefo.png" >$INFO[ListItem.Art(landscape)]</texture>
				</control>
				<control type="label">
					<left>10</left>
					<top>395</top>
					<width>730</width>
					<height>30</height>
					<font>font24_title</font>
					<textcolor>white</textcolor>
					<shadowcolor>black</shadowcolor>
					<align>left</align>
					<aligny>center</aligny>
					<label>$INFO[ListItem.Label]</label>
				</control>
				<control type="textbox">
					<description>Description For Video</description>
					<left>10</left>
					<top>432</top>
					<width>540</width>
					<height>143</height>
					<font>font13</font>
					<align>left</align>
					<textcolor>white</textcolor>
					<label>$INFO[Container.ShowPlot]</label>
					<autoscroll time="2000" delay="3000" repeat="5000">Skin.HasSetting(AutoScroll)</autoscroll>
				</control>
				<control type="image">
					<depth>DepthContent+</depth>
					<left>560</left>
					<top>140</top>
					<width>180</width>
					<height>440</height>
					<aspectratio align="left" aligny="bottom">keep</aspectratio>
					<fadetime>IconCrossfadeTime</fadetime>
					<texture background="true">$INFO[ListItem.Icon]</texture>
					<bordertexture colordiffuse="themecolor" border="8">ThumbShadow.png</bordertexture>
					<bordersize>8</bordersize>
				</control>
			</control>
			<control type="group">
				<left>470</left>
				<top>70</top>
				<visible>Control.IsVisible(515) + String.IsEqual(ListItem.DBType,episode)</visible>
				<control type="image">
					<left>0</left>
					<top>0</top>
					<width>750</width>
					<height>420</height>
					<aspectratio scalediffuse="false">scale</aspectratio>
					<fadetime>IconCrossfadeTime</fadetime>
					<texture diffuse="landscapemattefo.png" background="true" fallback="Fanart_Fallback_Small.jpg">$INFO[ListItem.Art(fanart)]</texture>
				</control>
				<control type="image">
					<left>0</left>
					<top>0</top>
					<width>750</width>
					<height>420</height>
					<aspectratio scalediffuse="false">scale</aspectratio>
					<fadetime>IconCrossfadeTime</fadetime>
					<texture diffuse="landscapemattefo.png" >$INFO[ListItem.Art(landscape)]</texture>
				</control>
				<control type="label">
					<left>10</left>
					<top>395</top>
					<width>400</width>
					<height>30</height>
					<font>font24_title</font>
					<textcolor>white</textcolor>
					<shadowcolor>black</shadowcolor>
					<align>left</align>
					<aligny>center</aligny>
					<label>$INFO[ListItem.Label]</label>
				</control>
				<control type="textbox">
					<description>Description For Video</description>
					<left>10</left>
					<top>432</top>
					<width>400</width>
					<height>145</height>
					<font>font13</font>
					<align>left</align>
					<textcolor>white</textcolor>
					<label>$INFO[ListItem.Plot]</label>
					<autoscroll time="2000" delay="3000" repeat="5000">Skin.HasSetting(AutoScroll)</autoscroll>
				</control>
			<!--	<control type="grouplist">
					<description>Media Codec Flagging Images</description>
					<left>0</left>
					<top>540</top>
					<width>410</width>
					<align>left</align>
					<itemgap>2</itemgap>
					<orientation>horizontal</orientation>
					<include>VideoStudioConditions</include>
					<include>VideoCodecFlaggingConditions</include>
					<include>AudioCodecFlaggingConditions</include>
					<include>AudioChannelsFlaggingConditions</include>
					<include>AspectCodecFlaggingConditions</include>
					<include>VideoStereoscopicsFlaggingConditions</include>
					<include>VideoTypeHackFlaggingConditions</include>
				</control>-->
				<control type="image">
					<depth>DepthContent+</depth>
					<left>420</left>
					<top>140</top>
					<width>330</width>
					<height>440</height>
					<aspectratio align="left" aligny="bottom">keep</aspectratio>
					<fadetime>IconCrossfadeTime</fadetime>
					<texture background="true">$INFO[ListItem.Icon]</texture>
					<bordertexture colordiffuse="themecolor" border="8">ThumbShadow.png</bordertexture>
					<bordersize>8</bordersize>
				</control>
				<control type="image">
                    <left>510</left>
					<top>0</top>
					<width>200</width>
					<height>78</height>
					<texture>$INFO[ListItem.Art(clearlogo)]</texture>
				    <fadetime>FanartCrossFadeTime</fadetime>
				    <aspectratio align="center" aligny="center">strech</aspectratio>	
                    <visible>Skin.HasSetting(ClearArtHome)</visible>					
				</control>
			</control>
		</control>
	</include>
	<include name="MediaListView5">
		<control type="group">
			<visible>Control.IsVisible(530)</visible>
			<include>VisibleFadeEffect</include>
			<include>Studio</include>
				<include>VideoMPAA</include>
			    <include>MediaCodec</include>
			<control type="list" id="530">
				<left>645</left>
				<top>247</top>
				<width>585</width>
				<height>401</height>
				<onleft>2</onleft>
				<onright>60</onright>
				<onup>530</onup>
				<ondown>530</ondown>
				<viewtype label="$LOCALIZE[90113]">list</viewtype>
				<pagecontrol>60</pagecontrol>
				<scrolltime>200</scrolltime>
				<visible>Container.Content(TVShows) | Container.Content(Seasons) | Container.Content(Episodes) | Container.Content(Movies)</visible>
				<itemlayout height="40" width="580">
					<control type="image">
						<left>0</left>
						<top>0</top>
						<width>590</width>
						<height>41</height>
						<texture border="0,2,0,2">MenuItemNF.png</texture>
					</control>
					<control type="label">
						<left>10</left>
						<top>0</top>
						<width>520</width>
						<height>40</height>
						<font>font13</font>
						<textcolor>grey2</textcolor>
						<selectedcolor>selected</selectedcolor>
						<align>left</align>
						<aligny>center</aligny>
						<label>$INFO[ListItem.Label]</label>
					</control>
					<control type="label">
						<left>10</left>
						<top>0</top>
						<width>500</width>
						<height>40</height>
						<font>font12</font>
						<textcolor>grey2</textcolor>
						<selectedcolor>selected</selectedcolor>
						<align>right</align>
						<aligny>center</aligny>
						<label>$INFO[ListItem.Label2]</label>
						<visible>Window.IsVisible(Videos)</visible>
						<animation effect="slide" start="0,0" end="40,0" delay="0" time="0" condition="![Container.Content(Movies) | Container.Content(Episodes) | Container.Content(MusicVideos)]">conditional</animation>
					</control>
					<control type="image">
						<left>515</left>
						<top>8</top>
						<width>40</width>
						<height>26</height>
						<texture>$VAR[MediaInfoOverlayVar]</texture>
						<aspectratio>keep</aspectratio>
						<visible>Container.Content(Movies) | Container.Content(Sets) | Container.Content(Episodes) | Container.Content(MusicVideos)</visible>
					</control>
					<include content="ListItemOverlay">
						<param name="left" value="555" />
					</include>
				</itemlayout>
				<focusedlayout height="40" width="580">
					<control type="image">
						<left>0</left>
						<top>0</top>
						<width>580</width>
						<height>41</height>
						<texture border="0,2,0,2">MenuItemNF.png</texture>
						<visible>!Control.HasFocus(530)</visible>
						<include>VisibleFadeEffect</include>
					</control>
					<control type="image">
						<left>0</left>
						<top>0</top>
						<width>580</width>
						<height>41</height>
						<texture border="0,2,0,2">MenuItemFO.png</texture>
						<visible>Control.HasFocus(530)</visible>
						<include>VisibleFadeEffect</include>
					</control>
					<control type="image">
						<left>380</left>
						<top>4</top>
						<width>200</width>
						<height>33</height>
						<texture border="0,0,14,0">MediaItemDetailBG.png</texture>
						<visible>Control.HasFocus(530) + !IsEmpty(ListItem.Label2)</visible>
					</control>
					<control type="label">
						<left>10</left>
						<top>0</top>
						<width>520</width>
						<height>40</height>
						<font>font13</font>
						<textcolor>grey2</textcolor>
						<selectedcolor>selected</selectedcolor>
						<align>left</align>
						<aligny>center</aligny>
						<label>$INFO[ListItem.Label]</label>
					</control>
					<control type="label">
						<left>10</left>
						<top>0</top>
						<width>500</width>
						<height>40</height>
						<font>font12</font>
						<textcolor>grey2</textcolor>
						<selectedcolor>selected</selectedcolor>
						<align>right</align>
						<aligny>center</aligny>
						<label>$INFO[ListItem.Label2]</label>
						<visible>Window.IsVisible(Videos)</visible>
						<animation effect="slide" start="0,0" end="40,0" delay="0" time="0" condition="![Container.Content(Movies) | Container.Content(Episodes) | Container.Content(MusicVideos)]">conditional</animation>
					</control>
					<control type="image">
						<left>515</left>
						<top>8</top>
						<width>40</width>
						<height>26</height>
						<texture>$VAR[MediaInfoOverlayVar]</texture>
						<aspectratio>keep</aspectratio>
						<visible>Container.Content(Movies) | Container.Content(Sets) | Container.Content(Episodes) | Container.Content(MusicVideos)</visible>
					</control>
					<include content="ListItemOverlay">
						<param name="left" value="555" />
					</include>
				</focusedlayout>
			</control>
			<control type="scrollbar" id="60">
				<left>1225</left>
				<top>247</top>
				<width>25</width>
				<height>401</height>
				<texturesliderbackground border="0,14,0,14">ScrollBarV.png</texturesliderbackground>
				<texturesliderbar border="0,14,0,14">ScrollBarV_bar.png</texturesliderbar>
				<texturesliderbarfocus border="0,14,0,14">ScrollBarV_bar_focus.png</texturesliderbarfocus>
				<textureslidernib>ScrollBarNib.png</textureslidernib>
				<textureslidernibfocus>ScrollBarNib.png</textureslidernibfocus>
				<onleft>530</onleft>
				<onright>2</onright>
				<showonepage>false</showonepage>
				<orientation>vertical</orientation>
				<visible>Control.IsVisible(530)</visible>
			</control>
			<control type="group">
				<left>40</left>
				<top>170</top>
				<visible>Control.IsVisible(530) + ListItem.IsParentFolder</visible>
				<control type="group">
					<left>10</left>
					<camera x="640" y="200" />
					<animation effect="rotatey" center="50" start="-30" end="-30" time="0" condition="true">Conditional</animation>
					<control type="image">
						<left>5</left>
						<top>55</top>
						<width>260</width>
						<height>480</height>
						<aspectratio aligny="bottom">stretch</aspectratio>
						<fadetime>IconCrossfadeTime</fadetime>
						<texture background="true" diffuse="postermatteNF.png">$VAR[PosterThumb]</texture>
						<bordertexture border="8">ThumbBorder.png</bordertexture>
						<bordersize>8</bordersize>
					</control>
					<control type="image">
						<left>13</left>
						<top>63</top>
						<width>180</width>
						<height>350</height>
						<aspectratio>stretch</aspectratio>
						<texture>GlassOverlay.png</texture>
						<colordiffuse>AAFFFFFF</colordiffuse>
					</control>
					<control type="image">
						<left>5</left>
						<top>530</top>
						<width>260</width>
						<height>300</height>
						<aspectratio>stretch</aspectratio>
						<bordertexture border="8">ThumbBorder.png</bordertexture>
						<bordersize>8</bordersize>
						<fadetime>200</fadetime>
						<texture background="true" flipy="true" >$VAR[PosterThumb]</texture>
						<colordiffuse>33FFFFFF</colordiffuse>
						<visible>!Skin.HasSetting(NoFloorAll)</visible>
					</control>
				</control>
			</control>
			<control type="group">
				<left>40</left>
				<top>170</top>
				<visible>Control.IsVisible(530) + String.IsEqual(ListItem.DBType,tvshow)</visible>
				<control type="group">
					<left>10</left>
					<camera x="640" y="200" />
					<animation effect="rotatey" center="50" start="-30" end="-30" time="0" condition="true">Conditional</animation>
					<control type="image">
						<left>5</left>
						<top>55</top>
						<width>260</width>
						<height>480</height>
						<aspectratio aligny="bottom">stretch</aspectratio>
						<fadetime>IconCrossfadeTime</fadetime>
						<texture background="true" diffuse="postermatteNF.png">$VAR[PosterThumb]</texture>
						<bordertexture border="8">ThumbBorder.png</bordertexture>
						<bordersize>8</bordersize>
					</control>
					<control type="image">
						<left>13</left>
						<top>63</top>
						<width>180</width>
						<height>350</height>
						<aspectratio>stretch</aspectratio>
						<texture>GlassOverlay.png</texture>
						<colordiffuse>AAFFFFFF</colordiffuse>
					</control>
					<control type="image">
						<left>5</left>
						<top>530</top>
						<width>260</width>
						<height>300</height>
						<aspectratio>stretch</aspectratio>
						<bordertexture border="8">ThumbBorder.png</bordertexture>
						<bordersize>8</bordersize>
						<fadetime>200</fadetime>
						<texture background="true" flipy="true" >$VAR[PosterThumb]</texture>
						<colordiffuse>33FFFFFF</colordiffuse>
						<visible>!Skin.HasSetting(NoFloorAll)</visible>
					</control>
				</control>
				<control type="label">
					<description>Episodes Count</description>
					<left>320</left>
					<top>320</top>
					<width>250</width>
					<height>25</height>
					<label>$INFO[ListItem.Episode,, $LOCALIZE[20453]]</label>
					<align>left</align>
					<aligny>center</aligny>
					<font>font13_title</font>
					<textcolor>white</textcolor>
					<shadowcolor>black</shadowcolor>
				</control>
				<control type="label">
					<description>Watched Count</description>
					<left>320</left>
					<top>380</top>
					<width>250</width>
					<height>25</height>
					<label>$INFO[ListItem.Property(WatchedEpisodes),, $LOCALIZE[16102]]</label>
					<align>left</align>
					<aligny>center</aligny>
					<font>font13_title</font>
					<textcolor>grey2</textcolor>
					<shadowcolor>black</shadowcolor>
				</control>
				<control type="label">
					<description>UnWatched Count</description>
					<left>320</left>
					<top>400</top>
					<width>250</width>
					<height>25</height>
					<label>$INFO[ListItem.Property(UnWatchedEpisodes),, $LOCALIZE[16101]]</label>
					<align>left</align>
					<aligny>center</aligny>
					<font>font13_title</font>
					<textcolor>grey2</textcolor>
					<shadowcolor>black</shadowcolor>
				</control>
			</control>
			<control type="group">
				<left>40</left>
				<top>170</top>
				<visible>Control.IsVisible(530) + String.IsEqual(ListItem.DBType,season)</visible>
				<control type="group">
					<left>10</left>
					<camera x="640" y="200" />
					<animation effect="rotatey" center="50" start="-30" end="-30" time="0" condition="true">Conditional</animation>
					<control type="image">
						<left>5</left>
						<top>55</top>
						<width>260</width>
						<height>480</height>
						<aspectratio aligny="bottom">stretch</aspectratio>
						<fadetime>IconCrossfadeTime</fadetime>
						<texture background="true" diffuse="postermatteNF.png">$VAR[PosterThumb]</texture>
						<bordertexture border="8">ThumbBorder.png</bordertexture>
						<bordersize>8</bordersize>
					</control>
					<control type="image">
						<left>13</left>
						<top>63</top>
						<width>180</width>
						<height>350</height>
						<aspectratio>stretch</aspectratio>
						<texture>GlassOverlay.png</texture>
						<colordiffuse>AAFFFFFF</colordiffuse>
					</control>
					<control type="image">
						<left>5</left>
						<top>530</top>
						<width>260</width>
						<height>300</height>
						<aspectratio>stretch</aspectratio>
						<bordertexture border="8">ThumbBorder.png</bordertexture>
						<bordersize>8</bordersize>
						<fadetime>200</fadetime>
						<texture background="true" flipy="true" >$VAR[PosterThumb]</texture>
						<colordiffuse>33FFFFFF</colordiffuse>
						<visible>!Skin.HasSetting(NoFloorAll)</visible>
					</control>
				</control>
				<control type="label">
					<description>Main Label Text</description>
					<left>320</left>
					<top>260</top>
					<width>250</width>
					<height>25</height>
					<label>$INFO[ListItem.Label]</label>
					<align>left</align>
					<aligny>center</aligny>
					<font>font30</font>
					<textcolor>white</textcolor>
					<shadowcolor>black</shadowcolor>
				</control>
				<control type="label">
					<description>Episodes Count</description>
					<left>320</left>
					<top>320</top>
					<width>250</width>
					<height>25</height>
					<label>$INFO[ListItem.Episode,, $LOCALIZE[20453]]</label>
					<align>left</align>
					<aligny>center</aligny>
					<font>font13_title</font>
					<textcolor>white</textcolor>
					<shadowcolor>black</shadowcolor>
				</control>
				<control type="label">
					<description>Watched Count</description>
					<left>320</left>
					<top>380</top>
					<width>250</width>
					<height>25</height>
					<label>$INFO[ListItem.Property(WatchedEpisodes),, $LOCALIZE[16102]]</label>
					<align>left</align>
					<aligny>center</aligny>
					<font>font13_title</font>
					<textcolor>grey2</textcolor>
					<shadowcolor>black</shadowcolor>
				</control>
				<control type="label">
					<description>UnWatched Count</description>
					<left>320</left>
					<top>400</top>
					<width>250</width>
					<height>25</height>
					<label>$INFO[ListItem.Property(UnWatchedEpisodes),, $LOCALIZE[16101]]</label>
					<align>left</align>
					<aligny>center</aligny>
					<font>font13_title</font>
					<textcolor>grey2</textcolor>
					<shadowcolor>black</shadowcolor>
				</control>
			</control>
			<control type="group">
				<left>50</left>
				<top>250</top>
				<visible>Control.IsVisible(530) + String.IsEqual(ListItem.DBType,episode)</visible>
				<control type="image">
					<left>0</left>
					<top>0</top>
					<width>600</width>
					<height>210</height>
					<aspectratio aligny="bottom">keep</aspectratio>
					<fadetime>IconCrossfadeTime</fadetime>
					<texture background="true" diffuse="postermatteNF.png">$VAR[PosterThumb]</texture>
					<bordertexture border="8">ThumbBorder.png</bordertexture>
					<bordersize>8</bordersize>
				</control>
			<!--	<control type="grouplist">
					<description>Media Codec Flagging Images</description>
					<left>300</left>
					<top>480</top>
					<width>590</width>
					<align>center</align>
					<itemgap>1</itemgap>
					<orientation>horizontal</orientation>
					<include>VideoStudioConditions</include>
					<include>VideoCodecFlaggingConditions</include>
					<include>AudioCodecFlaggingConditions</include>
					<include>AudioChannelsFlaggingConditions</include>
					<include>AspectCodecFlaggingConditions</include>
					<include>VideoStereoscopicsFlaggingConditions</include>
					<include>VideoTypeHackFlaggingConditions</include>
				</control>-->
				<control type="label">
					<description>INFO txt</description>
					<left>0</left>
					<top>220</top>
					<width>600</width>
					<height>25</height>
					<label>$INFO[ListItem.Season,[COLOR=blue] $LOCALIZE[20373]:[/COLOR] ] $INFO[ListItem.episode,[COLOR=blue] $LOCALIZE[20359]:[/COLOR] ] $INFO[ListItem.premiered,[COLOR=blue] $LOCALIZE[31322]:[/COLOR] ]</label>
					<align>center</align>
					<aligny>top</aligny>
					<font>font13_title</font>
					<textcolor>white</textcolor>
					<shadowcolor>black</shadowcolor>
					<wrapmultiline>true</wrapmultiline>
				</control>
				<control type="image">
					<left>0</left>
					<top>255</top>
					<width>600</width>
					<height>4</height>
					<texture>separator.png</texture>
				</control>
				<control type="textbox">
					<description>Description For TVShows</description>
					<left>0</left>
					<top>260</top>
					<width>600</width>
					<height>120</height>
					<font>font12</font>
					<align>left</align>
					<textcolor>white</textcolor>
					<label>$INFO[ListItem.Plot]</label>
					<autoscroll time="2000" delay="3000" repeat="5000">Skin.HasSetting(AutoScroll)</autoscroll>
				</control>
			</control>
			<control type="group">
				<left>40</left>
				<top>170</top>
				<visible>Control.IsVisible(530) + [String.IsEqual(ListItem.DBType,movie) | String.IsEqual(ListItem.DBType,set)]</visible>
				<control type="group">
					<left>10</left>
					<camera x="640" y="200" />
					<animation effect="rotatey" center="50" start="-30" end="-30" time="0" condition="true">Conditional</animation>
					<control type="image">
						<left>5</left>
						<top>55</top>
						<width>260</width>
						<height>480</height>
						<aspectratio aligny="bottom">stretch</aspectratio>
						<fadetime>IconCrossfadeTime</fadetime>
						<texture background="true" diffuse="postermatteNF.png">$VAR[PosterThumb]</texture>
						<bordertexture border="">ThumbBorder.png</bordertexture>
						<bordersize>8</bordersize>
					</control>
					<control type="image">
						<left>13</left>
						<top>63</top>
						<width>180</width>
						<height>350</height>
						<aspectratio>stretch</aspectratio>
						<texture>GlassOverlay.png</texture>
						<colordiffuse>AAFFFFFF</colordiffuse>
					</control>
					<control type="image">
						<left>5</left>
						<top>530</top>
						<width>260</width>
						<height>300</height>
						<aspectratio>stretch</aspectratio>
						<bordertexture border="8">ThumbBorder.png</bordertexture>
						<bordersize>8</bordersize>
						<fadetime>200</fadetime>
						<texture background="true" flipy="true" >$VAR[PosterThumb]</texture>
						<colordiffuse>33FFFFFF</colordiffuse>
						<visible>!Skin.HasSetting(NoFloorAll)</visible>
					</control>
				</control>
			<!--	<control type="grouplist">
					<description>Media Codec Flagging Images</description>
					<left>300</left>
					<top>480</top>
					<width>590</width>
					<align>center</align>
					<itemgap>1</itemgap>
					<orientation>horizontal</orientation>
					<include>VideoStudioConditions</include>
					<include>VideoCodecFlaggingConditions</include>
					<include>AudioCodecFlaggingConditions</include>
					<include>AudioChannelsFlaggingConditions</include>
					<include>AspectCodecFlaggingConditions</include>
					<include>VideoStereoscopicsFlaggingConditions</include>
					<include>VideoTypeHackFlaggingConditions</include>
				</control>-->
				<control type="textbox">
					<description>Description For Movie</description>
					<left>320</left>
					<top>80</top>
					<width>270</width>
					<height>380</height>
					<font>font12</font>
					<align>left</align>
					<textcolor>white</textcolor>
					<label>$INFO[ListItem.Plot]</label>
					<autoscroll time="2000" delay="3000" repeat="5000">Skin.HasSetting(AutoScroll)</autoscroll>
				</control>
				<control type="textbox">
					<description>Description For Movie</description>
					<left>320</left>
					<top>80</top>
					<width>270</width>
					<height>380</height>
					<font>font12</font>
					<align>left</align>
					<textcolor>white</textcolor>
					<label>$INFO[Window(Home).Property(SkinHelper.ListItem.Plot)]</label>
					<autoscroll time="2000" delay="3000" repeat="5000">Skin.HasSetting(AutoScroll)</autoscroll>
					<visible>String.IsEmpty(ListItem.Plot)</visible>
				</control>
			</control>
		</control>
	</include>
</includes>
