<window type="dialog">
    <controls>
        <control type="group">
            <include>Fade_In_WindowOpen</include>
            <include>Fade_Out_WindowClose</include>
            <control type="image">
                <description>background image</description>
                <top>-134</top>
                <left>-100</left>
                <width>1110</width>
                <height>750</height>
                <texture>dialogs\dialog-background-tall.png</texture>
            </control>
            <control type="grouplist">
                <width>100%</width>
                <height>540</height>
                <itemgap>1</itemgap>
                <control type="label">
                    <description>Header</description>
                    <width>50%</width>
                    <height>45</height>
                    <textoffsetx>22</textoffsetx>
                    <label>$LOCALIZE[38031]</label>
                    <font>Heading</font>
                    <textcolor>white</textcolor>
                    <shadowcolor>black</shadowcolor>
                </control>
                <control type="button">
                    <description>Hardware decoding</description>
                    <width>50%</width>
                    <height>45</height>
                    <textoffsetx>22</textoffsetx>
                    <label>$LOCALIZE[50167]:</label>
                    <label2>$VAR[VideoHWDecoderVar]</label2>
                    <texturefocus />
                    <texturenofocus />
                    <font>Default</font>
                    <textcolor>TextMedium</textcolor>
                </control>
                <control type="button">
                    <description>Decoder</description>
                    <width>50%</width>
                    <height>45</height>
                    <textoffsetx>22</textoffsetx>
                    <label>$LOCALIZE[50169]:</label>
                    <label2>$INFO[Player.Process(videodecoder)]$INFO[Player.Process(pixformat),$COMMA ]</label2>
                    <texturefocus />
                    <texturenofocus />
                    <font>Default</font>
                    <textcolor>TextMedium</textcolor>
                </control>
                <control type="button">
                    <description>Deinterlace</description>
                    <width>50%</width>
                    <height>45</height>
                    <textoffsetx>22</textoffsetx>
                    <label>$LOCALIZE[16038]:</label>
                    <label2>$INFO[Player.Process(deintmethod)]</label2>
                    <texturefocus />
                    <texturenofocus />
                    <font>Default</font>
                    <textcolor>TextMedium</textcolor>
                </control>
                <control type="button">
                    <description>Resolution</description>
                    <width>50%</width>
                    <height>45</height>
                    <textoffsetx>22</textoffsetx>
                    <label>$LOCALIZE[169]:</label>
                    <label2>$INFO[Player.Process(videowidth),,x]$INFO[Player.Process(videoheight),, px]$INFO[Player.Process(videodar),$COMMA , AR]$INFO[Player.Process(videofps),$COMMA , FPS]</label2>
                    <texturefocus />
                    <texturenofocus />
                    <font>Default</font>
                    <textcolor>TextMedium</textcolor>
                </control>
                <control type="label">
                    <description>Header</description>
                    <width>50%</width>
                    <height>45</height>
                    <textoffsetx>22</textoffsetx>
                    <label>$LOCALIZE[460]</label>
                    <font>Heading_Small</font>
                </control>
                <control type="button">
                    <description>Decoder</description>
                    <width>50%</width>
                    <height>45</height>
                    <textoffsetx>22</textoffsetx>
                    <label>$LOCALIZE[50169]:</label>
                    <label2>$INFO[Player.Process(audiodecoder)]$INFO[Player.Process(audiobitspersample),$COMMA , bits]$INFO[Player.Process(audiosamplerate),$COMMA , Hz]</label2>
                    <texturefocus />
                    <texturenofocus />
                    <font>Default</font>
                    <textcolor>TextMedium</textcolor>
                </control>
                <control type="button">
                    <description>Channels</description>
                    <width>50%</width>
                    <height>45</height>
                    <textoffsetx>22</textoffsetx>
                    <label>$LOCALIZE[19019]:</label>
                    <label2>$INFO[Player.Process(audiochannels)]</label2>
                    <texturefocus />
                    <texturenofocus />
                    <font>Default</font>
                    <textcolor>TextMedium</textcolor>
                </control>
                <control type="label">
                    <description>Header</description>
                    <width>50%</width>
                    <height>45</height>
                    <textoffsetx>22</textoffsetx>
                    <label>$LOCALIZE[138]</label>
                    <font>Heading_Small</font>
                </control>
                <control type="button">
                    <description>CPU</description>
                    <width>50%</width>
                    <height>45</height>
                    <textoffsetx>22</textoffsetx>
                    <label>$LOCALIZE[13271]</label>
                    <label2>$INFO[System.CpuUsage]</label2>
                    <texturefocus />
                    <texturenofocus />
                    <font>Default</font>
                    <textcolor>TextMedium</textcolor>
                </control>
                <control type="button">
                    <description>Memory</description>
                    <width>50%</width>
                    <height>45</height>
                    <textoffsetx>22</textoffsetx>
                    <label>$LOCALIZE[50170]</label>
                    <label2>$INFO[System.Memory(used.percent)]</label2>
                    <texturefocus />
                    <texturenofocus />
                    <font>Default</font>
                    <textcolor>TextMedium</textcolor>
                </control>
            </control>
            <control type="grouplist">
                <left>50%</left>
                <width>100%</width>
                <height>540</height>
                <itemgap>1</itemgap>
                <visible>VideoPlayer.Content(LiveTV) + system.getbool(pvrplayback.signalquality)</visible>
                <control type="button">
                    <description>Backend</description>
                    <width>50%</width>
                    <height>45</height>
                    <textoffsetx>22</textoffsetx>
                    <label>$LOCALIZE[19012]:</label>
                    <label2>$INFO[PVR.ActStreamClient]</label2>
                    <texturefocus />
                    <texturenofocus />
                    <font>Default</font>
                    <textcolor>TextMedium</textcolor>
                </control>
                <control type="button">
                    <description>Device</description>
                    <width>50%</width>
                    <height>45</height>
                    <textoffsetx>22</textoffsetx>
                    <label>$LOCALIZE[19006]:</label>
                    <label2>$INFO[PVR.ActStreamDevice]</label2>
                    <texturefocus />
                    <texturenofocus />
                    <font>Default</font>
                    <textcolor>TextMedium</textcolor>
                </control>
                <control type="button">
                    <description>Status</description>
                    <width>50%</width>
                    <height>45</height>
                    <textoffsetx>22</textoffsetx>
                    <label>$LOCALIZE[19007]:</label>
                    <label2>$INFO[PVR.ActStreamStatus]</label2>
                    <texturefocus />
                    <texturenofocus />
                    <font>Default</font>
                    <textcolor>TextMedium</textcolor>
                </control>
                <control type="button">
                    <description>Signal</description>
                    <width>50%</width>
                    <height>45</height>
                    <textoffsetx>22</textoffsetx>
                    <label>$LOCALIZE[19008]:</label>
                    <label2>$INFO[PVR.ActStreamSignal]</label2>
                    <texturefocus />
                    <texturenofocus />
                    <font>Default</font>
                    <textcolor>TextMedium</textcolor>
                </control>
                <control type="button">
                    <description>SNR</description>
                    <width>50%</width>
                    <height>45</height>
                    <textoffsetx>22</textoffsetx>
                    <label>$LOCALIZE[19009]:</label>
                    <label2>$INFO[PVR.ActStreamSNR]</label2>
                    <texturefocus />
                    <texturenofocus />
                    <font>Default</font>
                    <textcolor>TextMedium</textcolor>
                </control>
                <control type="button">
                    <description>BER</description>
                    <width>50%</width>
                    <height>45</height>
                    <textoffsetx>22</textoffsetx>
                    <label>$LOCALIZE[19010]:</label>
                    <label2>$INFO[PVR.ActStreamBER]</label2>
                    <texturefocus />
                    <texturenofocus />
                    <font>Default</font>
                    <textcolor>TextMedium</textcolor>
                </control>
                <control type="button">
                    <description>UNC</description>
                    <width>50%</width>
                    <height>45</height>
                    <textoffsetx>22</textoffsetx>
                    <label>$LOCALIZE[19011]:</label>
                    <label2>$INFO[PVR.ActStreamUNC]</label2>
                    <texturefocus />
                    <texturenofocus />
                    <font>Default</font>
                    <textcolor>TextMedium</textcolor>
                </control>
                <control type="button">
                    <description>Service</description>
                    <width>50%</width>
                    <height>45</height>
                    <textoffsetx>22</textoffsetx>
                    <label>$LOCALIZE[19099]:</label>
                    <label2>$INFO[PVR.ActStreamServiceName]</label2>
                    <texturefocus />
                    <texturenofocus />
                    <font>Default</font>
                    <textcolor>TextMedium</textcolor>
                </control>
                <control type="button">
                    <description>Encryption</description>
                    <width>50%</width>
                    <height>45</height>
                    <textoffsetx>22</textoffsetx>
                    <label>$LOCALIZE[19015]:</label>
                    <label2>$INFO[PVR.ActStreamEncryptionName]</label2>
                    <texturefocus />
                    <texturenofocus />
                    <font>Default</font>
                    <textcolor>TextMedium</textcolor>
                </control>
                <control type="button">
                    <description>Provider</description>
                    <width>50%</width>
                    <height>45</height>
                    <textoffsetx>22</textoffsetx>
                    <label>$LOCALIZE[19101]:</label>
                    <label2>$INFO[PVR.ActStreamProviderName]</label2>
                    <texturefocus />
                    <texturenofocus />
                    <font>Default</font>
                    <textcolor>TextMedium</textcolor>
                </control>
                <control type="button">
                    <description>Mux</description>
                    <width>50%</width>
                    <height>45</height>
                    <textoffsetx>22</textoffsetx>
                    <label>$LOCALIZE[19100]:</label>
                    <label2>$INFO[PVR.ActStreamMux]</label2>
                    <texturefocus />
                    <texturenofocus />
                    <font>Default</font>
                    <textcolor>TextMedium</textcolor>
                </control>
            </control>
        </control>
    </controls>
</window>
