<window>
    <defaultcontrol always="true">9000</defaultcontrol>
    <include>Fade_In_WindowOpen</include>
    <include>Fade_Out_WindowClose</include>
    <coordinates>
        <system>1</system>
        <left>0</left>
        <top>0</top>
    </coordinates>
    <controls>
        <control type="image">
            <left>0</left>
            <top>0</top>
            <width>1920</width>
            <height>1080</height>
            <texture>filter_keyboard_shadow.png</texture>
        </control>
        <control type="group">
            <include>Zoom_In_WindowOpen</include>
            <include>Zoom_Out_WindowClose</include>
            <visible>!Window.IsActive(textviewer)</visible>
            <control type="image">
                <description>background image</description>
                <left>46</left>
                <top>68</top>
                <width>1826</width>
                <height>946</height>
                <texture>dialogs\dialog-background-tall.png</texture>
            </control>
            <control type="group">
                <visible>!Window.IsActive(addonsettings)</visible>
                <animation type="Conditional" condition="!Window.IsActive(addonsettings)">
                    <effect type="fade" start="0" end="100" time="200" delay="50" />
                </animation>
                <animation type="Conditional" condition="Window.IsActive(addonsettings)">
                    <effect type="fade" start="100" end="0" time="200" delay="50" />
                </animation>
                <control type="button">
                    <description>Close Window button</description>
                    <left>1215</left>
                    <top>14</top>
                    <width>96</width>
                    <height>48</height>
                    <label />
                    <font />
                    <onclick>PreviousMenu</onclick>
                    <texturefocus>DialogCloseButton-focus.png</texturefocus>
                    <texturenofocus>DialogCloseButton.png</texturenofocus>
                    <onleft>3</onleft>
                    <onright>3</onright>
                    <onup>3</onup>
                    <ondown>3</ondown>
                    <visible>system.getbool(input.enablemouse)</visible>
                </control>
                <control type="image">
                    <left>370</left>
                    <top>320</top>
                    <width>250</width>
                    <height>250</height>
                    <aspectratio align="center" scalediffuse="false">scale</aspectratio>
                    <texture fallback="DefaultAddon.png">$INFO[ListItem.Icon]</texture>
                </control>
                <control type="label">
                    <description>header label</description>
                    <left>200</left>
                    <top>207</top>
                    <height>63</height>
                    <width>1490</width>
                    <align>center</align>
                    <aligny>center</aligny>
                    <font>Extra_Large</font>
                    <label>[B]$INFO[ListItem.AddonName][/B]</label>
                    <textcolor>white</textcolor>
                    <shadowcolor>black</shadowcolor>
                </control>
                <control type="group">
                    <left>510</left>
                    <top>315</top>
                    <control type="label">
                        <description>Type txt</description>
                        <left>192</left>
                        <top>0</top>
                        <width>210</width>
                        <height>38</height>
                        <label>$LOCALIZE[146]</label>
                        <align>right</align>
                        <aligny>center</aligny>
                        <font>Default</font>
                        <textcolor>TextMedium</textcolor>
                    </control>
                    <control type="label">
                        <description>Type Value</description>
                        <left>420</left>
                        <top>0</top>
                        <width>660</width>
                        <height>38</height>
                        <label>$INFO[ListItem.AddonType]</label>
                        <align>left</align>
                        <aligny>center</aligny>
                        <font>Default</font>
                        <scroll>true</scroll>
                    </control>
                    <control type="label">
                        <description>Author txt</description>
                        <left>192</left>
                        <top>45</top>
                        <width>210</width>
                        <height>38</height>
                        <label>$LOCALIZE[21863]:</label>
                        <align>right</align>
                        <aligny>center</aligny>
                        <font>Default</font>
                        <textcolor>TextMedium</textcolor>
                    </control>
                    <control type="label">
                        <description>Author Value</description>
                        <left>420</left>
                        <top>45</top>
                        <width>660</width>
                        <height>38</height>
                        <label>$INFO[ListItem.AddonCreator]</label>
                        <align>left</align>
                        <aligny>center</aligny>
                        <font>Default</font>
                        <scroll>true</scroll>
                    </control>
                    <control type="label">
                        <description>Version txt</description>
                        <left>192</left>
                        <top>90</top>
                        <width>210</width>
                        <height>38</height>
                        <label>$LOCALIZE[24051]</label>
                        <align>right</align>
                        <aligny>center</aligny>
                        <font>Default</font>
                        <textcolor>TextMedium</textcolor>
                    </control>
                    <control type="label">
                        <description>Version Value</description>
                        <left>420</left>
                        <top>90</top>
                        <width>660</width>
                        <height>38</height>
                        <label>$INFO[ListItem.AddonVersion]</label>
                        <align>left</align>
                        <aligny>center</aligny>
                        <font>Default</font>
                        <scroll>true</scroll>
                    </control>
                    <control type="label">
                        <description>Rating txt</description>
                        <left>192</left>
                        <top>135</top>
                        <width>210</width>
                        <height>38</height>
                        <label>$LOCALIZE[126]:</label>
                        <align>right</align>
                        <aligny>center</aligny>
                        <font>Default</font>
                        <textcolor>TextMedium</textcolor>
                    </control>
                    <control type="label">
                        <description>Rating value</description>
                        <left>420</left>
                        <top>135</top>
                        <width>660</width>
                        <height>38</height>
                        <label>$INFO[ListItem.Property(Addon.Status)]$INFO[ListItem.Property(Addon.ValidUpdateVersion), - ($LOCALIZE[19114]: ,)]</label>
                        <align>left</align>
                        <aligny>center</aligny>
                        <font>Default</font>
                        <scroll>true</scroll>
                    </control>
                    <control type="label">
                        <description>Summary txt</description>
                        <left>192</left>
                        <top>180</top>
                        <width>210</width>
                        <height>38</height>
                        <label>$LOCALIZE[20037]:</label>
                        <align>right</align>
                        <aligny>center</aligny>
                        <font>Default</font>
                        <textcolor>TextMedium</textcolor>
                    </control>
                    <control type="fadelabel">
                        <description>Summary Value</description>
                        <left>420</left>
                        <top>180</top>
                        <width>765</width>
                        <height>38</height>
                        <label>$INFO[ListItem.AddonSummary]</label>
                        <align>left</align>
                        <aligny>center</aligny>
                        <font>Default</font>
                        <scrollout>false</scrollout>
                        <pauseatend>2000</pauseatend>
                    </control>
                    <control type="label">
                        <description>Summary txt</description>
                        <left>192</left>
                        <top>225</top>
                        <width>210</width>
                        <height>38</height>
                        <label>$LOCALIZE[24052]:</label>
                        <align>right</align>
                        <aligny>center</aligny>
                        <font>Default</font>
                        <textcolor>TextMedium</textcolor>
                    </control>
                    <control type="fadelabel">
                        <description>Summary Value</description>
                        <left>420</left>
                        <top>225</top>
                        <width>765</width>
                        <height>38</height>
                        <label>$INFO[ListItem.AddonDisclaimer]</label>
                        <align>left</align>
                        <aligny>center</aligny>
                        <font>Default</font>
                        <scrollout>false</scrollout>
                        <pauseatend>2000</pauseatend>
                    </control>
                </control>
                <control type="image">
                    <visible>String.IsEqual(ListItem.AddonLifecycleType,$LOCALIZE[24170]) | String.IsEqual(ListItem.AddonLifecycleType,$LOCALIZE[24171])</visible>
                    <description>Icon image</description>
                    <left>1389</left>
                    <top>179</top>
                    <width>310</width>
                    <height>310</height>
                    <texture>dialogs/dialog-icon-info.png</texture>
                </control>
                <control type="textbox" id="400">
                    <visible>String.IsEqual(ListItem.AddonLifecycleType,$LOCALIZE[24169])</visible>
                    <description>Description</description>
                    <left>200</left>
                    <top>603</top>
                    <height>162</height>
                    <width>1490</width>
                    <align>center</align>
                    <aligny>center</aligny>
                    <font>Default</font>
                    <label>$INFO[ListItem.AddonDescription]</label>
                    <autoscroll time="3000" delay="4000" repeat="5000">true</autoscroll>
                </control>
                <control type="textbox" id="400">
                    <visible>String.IsEqual(ListItem.AddonLifecycleType,$LOCALIZE[24170]) | String.IsEqual(ListItem.AddonLifecycleType,$LOCALIZE[24171])</visible>
                    <description>Description</description>
                    <left>200</left>
                    <top>603</top>
                    <height>162</height>
                    <width>1490</width>
                    <align>center</align>
                    <aligny>center</aligny>
                    <font>Default</font>
                    <textcolor>red</textcolor>
                    <label>[B]$INFO[ListItem.AddonLifecycleType]$INFO[ListItem.AddonLifecycleDesc, - ,][/B]</label>
                    <autoscroll time="3000" delay="4000" repeat="5000">true</autoscroll>
                </control>
                <control type="grouplist" id="9000">
                    <left>100</left>
                    <top>819</top>
                    <height>63</height>
                    <width>1690</width>
                    <align>center</align>
                    <itemgap>5</itemgap>
                    <orientation>horizontal</orientation>
                    <onleft>9000</onleft>
                    <onright>9000</onright>
                    <onup>Dialog.Close(all,true)</onup>
                    <ondown>Dialog.Close(all,true)</ondown>
                    <control type="button" id="12">
                        <width>215</width>
                        <height>63</height>
                        <label>518</label>
                        <font>Default</font>
                        <align>center</align>
                        <aligny>top</aligny>
                        <textoffsety>3</textoffsety>
                        <texturenofocus border="5">controls/button_nf.png</texturenofocus>
                        <texturefocus border="5">controls/button_f.png</texturefocus>
                    </control>
                    <control type="button" id="9">
                        <description>Addon Settings</description>
                        <width>215</width>
                        <height>63</height>
                        <label>24020</label>
                        <font>Default</font>
                        <align>center</align>
                        <aligny>top</aligny>
                        <textoffsety>3</textoffsety>
                        <texturenofocus border="5">controls/button_nf.png</texturenofocus>
                        <texturefocus border="5">controls/button_f.png</texturefocus>
                    </control>
                    <control type="button" id="8">
                        <description>Update Addon button</description>
                        <width>215</width>
                        <height>63</height>
                        <label>24138</label>
                        <font>Default</font>
                        <align>center</align>
                        <aligny>top</aligny>
                        <textoffsety>3</textoffsety>
                        <texturenofocus border="5">controls/button_nf.png</texturenofocus>
                        <texturefocus border="5">controls/button_f.png</texturefocus>
                    </control>
                    <control type="button" id="14">
                        <description>Update Addon button</description>
                        <width>215</width>
                        <height>63</height>
                        <label>24069</label>
                        <font>Default</font>
                        <align>center</align>
                        <aligny>top</aligny>
                        <textoffsety>3</textoffsety>
                        <texturenofocus border="5">controls/button_nf.png</texturenofocus>
                        <texturefocus border="5">controls/button_f.png</texturefocus>
                    </control>
                    <control type="radiobutton" id="13">
                        <visible>Control.IsEnabled(13)</visible>
                        <width>215</width>
                        <height>63</height>
                        <font>Default</font>
                        <align>left</align>
                        <aligny>top</aligny>
                        <textoffsety>3</textoffsety>
                        <textoffsetx>35</textoffsetx>
                        <radiowidth>18</radiowidth>
                        <radioheight>18</radioheight>
                        <texturenofocus border="5">controls/button_nf.png</texturenofocus>
                        <texturefocus border="5">controls/button_f.png</texturefocus>
                    </control>
                    <control type="button" id="10">
                        <description>Dependencies</description>
                        <width>215</width>
                        <height>63</height>
                        <label>39024</label>
                        <font>Default</font>
                        <align>center</align>
                        <aligny>top</aligny>
                        <textoffsety>3</textoffsety>
                        <texturenofocus border="5">controls/button_nf.png</texturenofocus>
                        <texturefocus border="5">controls/button_f.png</texturefocus>
                    </control>
                    <control type="togglebutton" id="7">
                        <description>Disable Addon button</description>
                        <width>215</width>
                        <height>63</height>
                        <label>24021</label>
                        <font>Default</font>
                        <align>center</align>
                        <aligny>top</aligny>
                        <textoffsety>3</textoffsety>
                        <texturenofocus border="5">controls/button_nf.png</texturenofocus>
                        <texturefocus border="5">controls/button_f.png</texturefocus>
                    </control>
                    <control type="togglebutton" id="6">
                        <description>Enable Addon button</description>
                        <width>215</width>
                        <height>63</height>
                        <label>24022</label>
                        <font>Default</font>
                        <align>center</align>
                        <aligny>top</aligny>
                        <textoffsety>3</textoffsety>
                        <texturenofocus border="5">controls/button_red_nf.png</texturenofocus>
                        <texturefocus border="5">controls/button_red_f.png</texturefocus>
                    </control>
                </control>
            </control>
        </control>
        <include>Debug</include>
    </controls>
</window>
