<window type="dialog">
    <defaultcontrol>3</defaultcontrol>
    <include>Fade_In_WindowOpen</include>
    <include>Fade_Out_WindowClose</include>
    <coordinates>
        <system>1</system>
        <left>0</left>
        <top>0</top>
    </coordinates>
    <controls>
        <control type="image">
            <visible>![Window.IsActive(gamestretchmode) | Window.IsActive(gamevideofilter) | Window.IsActive(gamevideorotation)]</visible>
            <left>0</left>
            <top>0</top>
            <width>1920</width>
            <height>1080</height>
            <texture>filter_keyboard_shadow.png</texture>
        </control>
        <control type="image">
            <visible>Window.IsActive(gamestretchmode) | Window.IsActive(gamevideofilter) | Window.IsActive(gamevideorotation)</visible>
            <animation effect="fade" end="95" time="0" condition="true">Conditional</animation>
            <left>0</left>
            <top>540</top>
            <width>1920</width>
            <height>500</height>
            <texture colordiffuse="ff000000">white.png</texture>
        </control>
        <control type="group">
            <include>Zoom_In_WindowOpen</include>
            <include>Zoom_Out_WindowClose</include>
            <control type="image">
                <description>background image</description>
                <visible>![Window.IsActive(gamestretchmode) | Window.IsActive(gamevideofilter) | Window.IsActive(gamevideorotation)]</visible>
                <left>356</left>
                <top>83</top>
                <width>1206</width>
                <height>1014</height>
                <texture>dialogs\dialog-background-select.png</texture>
            </control>
            <control type="group">
                <visible>![Window.IsActive(gamestretchmode) | Window.IsActive(gamevideofilter) | Window.IsActive(gamevideorotation)]</visible>
                <left>548</left>
                <top>206</top>
                <width>825</width>
                <height>567</height>
                <control type="group">
                    <control type="image">
                        <description>dialog icon</description>
                        <left>381</left>
                        <top>15</top>
                        <width>63</width>
                        <height>63</height>
                        <texture>dialogs\browse-dialog-icon.png</texture>
                    </control>
                    <control type="label" id="1">
                        <description>heading label</description>
                        <left>0</left>
                        <top>98</top>
                        <width>825</width>
                        <align>center</align>
                        <font>Heading</font>
                        <label />
                        <textcolor>Text</textcolor>
                    </control>
                    <control type="textbox" id="4">
                        <description>No Settings Label</description>
                        <left>140</left>
                        <top>350</top>
                        <height>70</height>
                        <width>550</width>
                        <align>center</align>
                        <font>Medium</font>
                        <textcolor>Text</textcolor>
                    </control>
                </control>
                <control type="list" id="3">
                    <left>-43</left>
                    <top>172</top>
                    <width>930</width>
                    <height>480</height>
                    <onleft>5</onleft>
                    <onright>5</onright>
                    <onup>5</onup>
                    <ondown>5</ondown>
                    <pagecontrol />
                    <scrolltime>200</scrolltime>
                    <itemlayout height="80">
                        <control type="image">
                            <left>0</left>
                            <top>0</top>
                            <width>900</width>
                            <height>80</height>
                            <texture border="8">controls\button_nf.png</texture>
                        </control>
                        <control type="label">
                            <left>30</left>
                            <top>6</top>
                            <width>835</width>
                            <height>70</height>
                            <font>Medium_Large</font>
                            <aligny>center</aligny>
                            <selectedcolor>Highlight</selectedcolor>
                            <textcolor>Text</textcolor>
                            <align>left</align>
                            <info>ListItem.Label</info>
                        </control>
                    </itemlayout>
                    <focusedlayout height="80">
                        <control type="image">
                            <left>0</left>
                            <top>0</top>
                            <width>900</width>
                            <height>80</height>
                            <visible>!Control.HasFocus(3)</visible>
                            <texture border="8">controls\button_nf.png</texture>
                        </control>
                        <control type="image">
                            <left>0</left>
                            <top>0</top>
                            <width>900</width>
                            <height>80</height>
                            <visible>Control.HasFocus(3)</visible>
                            <texture border="8">controls\button_f.png</texture>
                        </control>
                        <control type="label">
                            <left>30</left>
                            <top>6</top>
                            <width>835</width>
                            <height>70</height>
                            <font>Medium_Large</font>
                            <aligny>center</aligny>
                            <selectedcolor>Highlight</selectedcolor>
                            <textcolor>Text</textcolor>
                            <align>left</align>
                            <info>ListItem.Label</info>
                        </control>
                    </focusedlayout>
                </control>
                <control type="list" id="6">
                    <left>-43</left>
                    <top>172</top>
                    <width>930</width>
                    <height>480</height>
                    <onleft>5</onleft>
                    <onright>7</onright>
                    <onup>5</onup>
                    <ondown>5</ondown>
                    <pagecontrol />
                    <scrolltime>200</scrolltime>
                    <itemlayout height="120">
                        <control type="image">
                            <left>0</left>
                            <top>0</top>
                            <width>900</width>
                            <height>120</height>
                            <texture border="8">controls\button_nf.png</texture>
                        </control>
                        <control type="image">
                            <visible>String.IsEqual(ListItem.DBType,movie)</visible>
                            <left>15</left>
                            <top>10</top>
                            <width>90</width>
                            <height>90</height>
                            <aspectratio align="center" scalediffuse="false">keep</aspectratio>
                            <texture>$INFO[ListItem.Art(poster)]</texture>
                        </control>
                        <control type="image">
                            <visible>!String.IsEqual(ListItem.DBType,movie)</visible>
                            <left>15</left>
                            <top>10</top>
                            <width>90</width>
                            <height>90</height>
                            <aspectratio align="center" scalediffuse="false">keep</aspectratio>
                            <texture fallback="DefaultAddon.png">$INFO[ListItem.Icon]</texture>
                        </control>
                        <control type="label">
                            <left>120</left>
                            <top>6</top>
                            <width>735</width>
                            <height>110</height>
                            <font>Heading_Small</font>
                            <aligny>top</aligny>
                            <selectedcolor>Highlight</selectedcolor>
                            <textcolor>Text</textcolor>
                            <align>left</align>
                            <info>ListItem.Label</info>
                        </control>
                        <control type="label">
                            <left>120</left>
                            <top>60</top>
                            <width>735</width>
                            <height>56</height>
                            <font>Medium</font>
                            <aligny>center</aligny>
                            <selectedcolor>Highlight</selectedcolor>
                            <textcolor>Text</textcolor>
                            <align>right</align>
                            <info>ListItem.Label2</info>
                        </control>
                    </itemlayout>
                    <focusedlayout height="120">
                        <control type="image">
                            <left>0</left>
                            <top>0</top>
                            <width>900</width>
                            <height>120</height>
                            <visible>!Control.HasFocus(6)</visible>
                            <texture border="8">controls\button_nf.png</texture>
                        </control>
                        <control type="image">
                            <left>0</left>
                            <top>0</top>
                            <width>900</width>
                            <height>120</height>
                            <visible>Control.HasFocus(6)</visible>
                            <texture border="8">controls\button_f.png</texture>
                        </control>
                        <control type="image">
                            <visible>String.IsEqual(ListItem.DBType,movie)</visible>
                            <left>15</left>
                            <top>10</top>
                            <width>90</width>
                            <height>90</height>
                            <aspectratio align="center" scalediffuse="false">keep</aspectratio>
                            <texture>$INFO[ListItem.Art(poster)]</texture>
                        </control>
                        <control type="image">
                            <visible>!String.IsEqual(ListItem.DBType,movie)</visible>
                            <left>15</left>
                            <top>10</top>
                            <width>90</width>
                            <height>90</height>
                            <aspectratio align="center" scalediffuse="false">keep</aspectratio>
                            <texture fallback="DefaultAddon.png">$INFO[ListItem.Icon]</texture>
                        </control>
                        <control type="label">
                            <left>120</left>
                            <top>6</top>
                            <width>735</width>
                            <height>110</height>
                            <font>Heading_Small</font>
                            <aligny>top</aligny>
                            <selectedcolor>Highlight</selectedcolor>
                            <textcolor>Text</textcolor>
                            <align>left</align>
                            <info>ListItem.Label</info>
                        </control>
                        <control type="label">
                            <left>120</left>
                            <top>60</top>
                            <width>735</width>
                            <height>56</height>
                            <font>Medium</font>
                            <aligny>center</aligny>
                            <selectedcolor>Highlight</selectedcolor>
                            <textcolor>Text</textcolor>
                            <align>right</align>
                            <info>ListItem.Label2</info>
                        </control>
                    </focusedlayout>
                </control>
                <control type="button" id="5">
                    <animation effect="slide" end="150,0" time="0" condition="!Control.IsVisible(7)">Conditional</animation>
                    <left>100</left>
                    <top>700</top>
                    <width>300</width>
                    <height>69</height>
                    <align>center</align>
                    <texturenofocus border="8">controls\button_green_nf.png</texturenofocus>
                    <texturefocus border="8">controls\button_green_f.png</texturefocus>
                    <textcolor>Text</textcolor>
                    <disabledcolor>DisabledText</disabledcolor>
                    <label>222</label>
                    <font>Default</font>
                    <onleft>7</onleft>
                    <onright>7</onright>
                    <onup>3</onup>
                    <ondown>3</ondown>
                </control>
                <control type="button" id="7">
                    <animation effect="slide" end="-150,0" time="0" condition="!Control.IsVisible(5)">Conditional</animation>
                    <left>405</left>
                    <top>700</top>
                    <width>300</width>
                    <height>69</height>
                    <align>center</align>
                    <texturenofocus border="8">controls\button_red_nf.png</texturenofocus>
                    <texturefocus border="8">controls\button_red_f.png</texturefocus>
                    <label />
                    <font>Default</font>
                    <onleft>5</onleft>
                    <onright>5</onright>
                    <onup>3</onup>
                    <ondown>3</ondown>
                </control>
            </control>
            <control type="group">
                <visible>Window.IsActive(gamevideofilter) | Window.IsActive(gamestretchmode) | Window.IsActive(gamevideorotation)</visible>
                <control type="button">
                    <description>background close area</description>
                    <left>0</left>
                    <top>0</top>
                    <width>100%</width>
                    <bottom>540</bottom>
                    <texturefocus />
                    <texturenofocus />
                    <onclick>Action(close)</onclick>
                </control>
                <control type="group">
                    <bottom>0</bottom>
                    <height>540</height>
                    <width>100%</width>
                    <control type="panel" id="11">
                        <top>30</top>
                        <scrolltime tween="sine">200</scrolltime>
                        <orientation>horizontal</orientation>
                        <itemlayout width="480" height="340">
                            <control type="group">
                                <left>18</left>
                                <right>18</right>
                                <top>5</top>
                                <control type="gamewindow">
                                    <width>444</width>
                                    <height>250</height>
                                    <videofilter>$INFO[ListItem.Property(game.videofilter)]</videofilter>
                                    <stretchmode>$INFO[ListItem.Property(game.stretchmode)]</stretchmode>
                                    <rotation>$INFO[ListItem.Property(game.videorotation)]</rotation>
                                </control>
                                <control type="label">
                                    <top>250</top>
                                    <width>444</width>
                                    <height>80</height>
                                    <label>$INFO[ListItem.Label][CR][COLOR grey]$INFO[ListItem.Label2][/COLOR]</label>
                                    <font>Default</font>
                                    <shadowcolor>black</shadowcolor>
                                    <align>center</align>
                                </control>
                                <control type="image">
                                    <animation effect="fade" end="80" time="0" condition="true">Conditional</animation>
                                    <width>444</width>
                                    <height>350</height>
                                    <texture colordiffuse="ff000000">white.png</texture>
                                    <visible>Control.HasFocus(11)</visible>
                                </control>
                            </control>
                        </itemlayout>
                        <focusedlayout width="480" height="340">
                            <control type="group">
                                <left>18</left>
                                <right>18</right>
                                <top>5</top>
                                <control type="gamewindow">
                                    <width>444</width>
                                    <height>250</height>
                                    <videofilter>$INFO[ListItem.Property(game.videofilter)]</videofilter>
                                    <stretchmode>$INFO[ListItem.Property(game.stretchmode)]</stretchmode>
                                    <rotation>$INFO[ListItem.Property(game.videorotation)]</rotation>
                                </control>
                                <control type="label">
                                    <top>250</top>
                                    <width>444</width>
                                    <height>80</height>
                                    <label>$INFO[ListItem.Label][CR][COLOR grey]$INFO[ListItem.Label2][/COLOR]</label>
                                    <font>Default</font>
                                    <shadowcolor>black</shadowcolor>
                                    <align>center</align>
                                </control>
                                <control type="image">
                                    <top>-5</top>
                                    <animation effect="fade" end="80" time="0" condition="true">Conditional</animation>
                                    <width>444</width>
                                    <height>350</height>
                                    <texture>game_options.png</texture>
                                    <visible>Control.HasFocus(11)</visible>
                                </control>
                            </control>
                        </focusedlayout>
                    </control>
                    <control type="textbox" id="12">
                        <description>Description Area</description>
                        <top>410</top>
                        <left>100</left>
                        <width>1720</width>
                        <height>200</height>
                        <font>Default</font>
                        <align>justify</align>
                        <shadowcolor>black</shadowcolor>
                        <autoscroll time="3000" delay="5000" repeat="5000">true</autoscroll>
                    </control>
                </control>
            </control>
        </control>
        <include>Debug</include>
    </controls>
</window>
