<window>
    <defaultcontrol always="true">450</defaultcontrol>
    <include>Fade_In_WindowOpen</include>
    <include>Fade_Out_WindowClose</include>
    <coordinates>
        <system>1</system>
        <left>0</left>
        <top>0</top>
    </coordinates>
    <controls>
        <control type="image">
            <left>0</left>
            <top>0</top>
            <width>1920</width>
            <height>1080</height>
            <texture>filter_keyboard_shadow.png</texture>
        </control>
        <control type="group">
            <include>Zoom_In_WindowOpen</include>
            <include>Zoom_Out_WindowClose</include>
            <control type="image">
                <description>background image</description>
                <left>96</left>
                <top>68</top>
                <width>1726</width>
                <height>946</height>
                <texture>dialogs\dialog-background-tall.png</texture>
            </control>
            <control type="group">
                <left>188</left>
                <top>141</top>
                <width>1545</width>
                <height>720</height>
                <control type="image">
                    <description>dialog icon</description>
                    <left>741</left>
                    <top>34</top>
                    <width>63</width>
                    <height>63</height>
                    <texture>dialogs\browse-dialog-icon.png</texture>
                </control>
                <control type="label" id="411">
                    <description>heading label</description>
                    <left>0</left>
                    <top>102</top>
                    <width>1545</width>
                    <align>center</align>
                    <font>Heading</font>
                    <label />
                    <textcolor>Text</textcolor>
                </control>
                <control type="list" id="450">
                    <left>45</left>
                    <top>180</top>
                    <width>1140</width>
                    <height>483</height>
                    <onleft>9000</onleft>
                    <onright>9000</onright>
                    <onup>450</onup>
                    <ondown>450</ondown>
                    <pagecontrol></pagecontrol>
                    <scrolltime>200</scrolltime>
                    <itemlayout height="69">
                        <control type="image">
                            <left>0</left>
                            <top>0</top>
                            <width>1140</width>
                            <height>69</height>
                            <texture border="8">controls\button_nf.png</texture>
                        </control>
                        <control type="image">
                            <left>15</left>
                            <top>6</top>
                            <width>52</width>
                            <height>52</height>
                            <texture>$INFO[ListItem.Icon]</texture>
                        </control>
                        <control type="label">
                            <left>82</left>
                            <top>6</top>
                            <width>1012</width>
                            <height>52</height>
                            <font>Medium</font>
                            <aligny>center</aligny>
                            <selectedcolor>Highlight</selectedcolor>
                            <textcolor>Text</textcolor>
                            <align>left</align>
                            <info>ListItem.Label</info>
                        </control>
                    </itemlayout>
                    <focusedlayout height="69">
                        <control type="image">
                            <left>0</left>
                            <top>0</top>
                            <width>1140</width>
                            <height>69</height>
                            <visible>!Control.HasFocus(450)</visible>
                            <texture border="8">controls\button_nf.png</texture>
                        </control>
                        <control type="image">
                            <left>0</left>
                            <top>0</top>
                            <width>1140</width>
                            <height>69</height>
                            <visible>Control.HasFocus(450)</visible>
                            <texture border="8">controls\button_f.png</texture>
                        </control>
                        <control type="image">
                            <left>15</left>
                            <top>6</top>
                            <width>52</width>
                            <height>52</height>
                            <texture>$INFO[ListItem.Icon]</texture>
                        </control>
                        <control type="label">
                            <left>82</left>
                            <top>6</top>
                            <width>1012</width>
                            <height>52</height>
                            <font>Medium</font>
                            <aligny>center</aligny>
                            <selectedcolor>Highlight</selectedcolor>
                            <textcolor>Text</textcolor>
                            <align>left</align>
                            <info>ListItem.Label</info>
                        </control>
                    </focusedlayout>
                </control>
                <control type="panel" id="451">
                    <left>45</left>
                    <top>180</top>
                    <width>1140</width>
                    <height>483</height>
                    <onleft>9000</onleft>
                    <onright>60</onright>
                    <onup>451</onup>
                    <ondown>451</ondown>
                    <scrolltime>200</scrolltime>
                    <viewtype label="536">icon</viewtype>
                    <pagecontrol></pagecontrol>
                    <orientation>vertical</orientation>
                    <itemlayout height="242" width="228">
                        <control type="image">
                            <left>1</left>
                            <top>0</top>
                            <width>225</width>
                            <height>242</height>
                            <texture border="8">controls\button_nf.png</texture>
                        </control>
                        <control type="image">
                            <left>9</left>
                            <top>8</top>
                            <width>210</width>
                            <height>226</height>
                            <aspectratio>keep</aspectratio>
                            <texture>$INFO[ListItem.Icon]</texture>
                        </control>
                    </itemlayout>
                    <focusedlayout height="242" width="228">
                        <control type="image">
                            <left>1</left>
                            <top>0</top>
                            <width>225</width>
                            <height>242</height>
                            <visible>!Control.HasFocus(451)</visible>
                            <texture border="8">controls\button_nf.png</texture>
                        </control>
                        <control type="image">
                            <left>1</left>
                            <top>0</top>
                            <width>225</width>
                            <height>242</height>
                            <visible>Control.HasFocus(451)</visible>
                            <texture border="8">controls\button_f.png</texture>
                        </control>
                        <control type="image">
                            <left>9</left>
                            <top>8</top>
                            <width>210</width>
                            <height>226</height>
                            <aspectratio>keep</aspectratio>
                            <texture>$INFO[ListItem.Icon]</texture>
                        </control>
                    </focusedlayout>
                </control>
                <control type="label" id="412">
                    <description>path label</description>
                    <left>45</left>
                    <top>700</top>
                    <width>1455</width>
                    <align>left</align>
                    <textcolor>Highlight</textcolor>
                    <font>Medium</font>
                    <label>1021</label>
                </control>
                <control type="group" id="9000">
                    <control type="image">
                        <description>background image</description>
                        <left>1203</left>
                        <top>180</top>
                        <width>290</width>
                        <height>276</height>
                        <colordiffuse>AAFFFFFF</colordiffuse>
                        <texture border="8">controls\button_nf.png</texture>
                    </control>
                    <control type="image">
                        <description>background image</description>
                        <left>1210</left>
                        <top>188</top>
                        <width>274</width>
                        <height>261</height>
                        <aspectratio>keep</aspectratio>
                        <texture>$INFO[ListItem.Icon]</texture>
                    </control>
                    <control type="button" id="413">
                        <description>OK button</description>
                        <left>1200</left>
                        <top>462</top>
                        <width>300</width>
                        <height>69</height>
                        <align>center</align>
                        <label>186</label>
                        <texturenofocus border="8">controls\button_green_nf.png</texturenofocus>
                        <texturefocus border="8">controls\button_green_f.png</texturefocus>
                        <textcolor>Text</textcolor>
                        <disabledcolor>DisabledText</disabledcolor>
                        <font>Default</font>
                        <onleft>450</onleft>
                        <onright>450</onright>
                        <onup>415</onup>
                        <ondown>414</ondown>
                    </control>
                    <control type="button" id="414">
                        <description>Cancel button</description>
                        <left>1200</left>
                        <top>531</top>
                        <width>300</width>
                        <height>69</height>
                        <align>center</align>
                        <label>222</label>
                        <texturenofocus border="8">controls\button_red_nf.png</texturenofocus>
                        <texturefocus border="8">controls\button_red_f.png</texturefocus>
                        <textcolor>Text</textcolor>
                        <disabledcolor>DisabledText</disabledcolor>
                        <font>Default</font>
                        <onleft>450</onleft>
                        <onright>450</onright>
                        <onup>413</onup>
                        <ondown>415</ondown>
                    </control>
                    <control type="button" id="415">
                        <description>Create folder button</description>
                        <left>1200</left>
                        <top>600</top>
                        <width>300</width>
                        <height>69</height>
                        <align>center</align>
                        <label>119</label>
                        <texturenofocus border="8">controls\button_nf.png</texturenofocus>
                        <texturefocus border="8">controls\button_f.png</texturefocus>
                        <textcolor>Text</textcolor>
                        <disabledcolor>DisabledText</disabledcolor>
                        <font>Default</font>
                        <onleft>450</onleft>
                        <onright>450</onright>
                        <onup>414</onup>
                        <ondown>413</ondown>
                    </control>
                </control>
            </control>
        </control>
        <include>Debug</include>
    </controls>
</window>
