<window>
    <defaultcontrol always="true">9000</defaultcontrol>
    <controls>
        <!-- Backgrounds -->
        <include>Background</include>
        <!-- Home Scroller -->
        <include>Menu_Home</include>
        <!-- Elipsis Visor -->
        <include>Visor_Filter</include>
        <!-- Edge Filter -->
        <include>Edge_Filter</include>
        <!-- Clock -->
        <include>Clock</include>
        <!-- Now Playing Widget -->
        <include>Now_Playing_Widget</include>
        <include>PVR_Widget</include>
        <!-- Elipsis Button -->
        <control type="group">
            <left>960</left>
            <top>1080</top>
            <include>Dock_Elipsis_Home</include>
        </control>
        <include>Debug</include>
    </controls>
</window>
