<includes>
    <include name="Channels_View">
        <control type="group">
            <description>Channels group</description>
            <visible>Control.IsVisible(68)</visible>
            <top>88</top>
            <control type="list" id="68">
                <left>82</left>
                <top>32</top>
                <width>840</width>
                <height>840</height>
                <onleft>ActivateWindow(1201)</onleft>
                <onright>70</onright>
                <onup>68</onup>
                <ondown>68</ondown>
                <viewtype label="535">list</viewtype>
                <pagecontrol>70</pagecontrol>
                <scrolltime tween="quadratic" easing="out">200</scrolltime>
                <itemlayout height="120" width="840">
                    <control type="image">
                        <width>840</width>
                        <height>120</height>
                        <texture border="4,5,6,8">controls\button_nf.png</texture>
                    </control>
                    <control type="label">
                        <width>128</width>
                        <height>95</height>
                        <font>Larger</font>
                        <textcolor>grey</textcolor>
                        <selectedcolor>Highlight</selectedcolor>
                        <align>center</align>
                        <label>[B]$INFO[ListItem.ChannelNumberLabel][/B]</label>
                    </control>
                    <control type="label">
                        <left>130</left>
                        <width>530</width>
                        <height>70</height>
                        <font>Selected_Item</font>
                        <textcolor>grey</textcolor>
                        <selectedcolor>Highlight</selectedcolor>
                        <label>$INFO[ListItem.Label]</label>
                    </control>
                    <control type="label">
                        <left>130</left>
                        <top>50</top>
                        <width>530</width>
                        <height>60</height>
                        <font>Medium_Large</font>
                        <textcolor>grey</textcolor>
                        <selectedcolor>grey</selectedcolor>
                        <label>$INFO[ListItem.Title]</label>
                    </control>
                    <control type="progress">
                        <description>Progressbar</description>
                        <left>15</left>
                        <top>75</top>
                        <width>102</width>
                        <height>10</height>
                        <visible>ListItem.HasEpg + !ListItem.IsRecording</visible>
                        <info>ListItem.Progress</info>
                        <midtexture colordiffuse="Highlight">new_pvr/texturebg_white.png</midtexture>
                        <texturebg colordiffuse="grey">new_pvr/texturebg.png</texturebg>
                    </control>
                    <control type="image">
                        <left>681</left>
                        <top>7</top>
                        <width>105</width>
                        <height>105</height>
                        <aspectratio align="center" aligny="center">keep</aspectratio>
                        <texture background="true">$INFO[ListItem.Icon]</texture>
                    </control>
                    <control type="image">
                        <left>795</left>
                        <top>45</top>
                        <width>30</width>
                        <height>30</height>
                        <texture>$VAR[PVRStatusImageVar]</texture>
                    </control>
                </itemlayout>
                <focusedlayout height="120" width="840">
                    <control type="image">
                        <width>840</width>
                        <height>120</height>
                        <texture border="4,5,6,8">controls\button_f.png</texture>
                        <animation effect="fade" start="100" end="50" time="300" tween="sine" easing="inout" condition="!Control.HasFocus(68)">Conditional</animation>
                    </control>
                    <control type="label">
                        <width>128</width>
                        <height>95</height>
                        <font>Larger</font>
                        <selectedcolor>Highlight</selectedcolor>
                        <align>center</align>
                        <label>[B]$INFO[ListItem.ChannelNumberLabel][/B]</label>
                        <animation effect="fade" start="100" end="70" time="300" tween="sine" easing="inout" condition="!Control.HasFocus(68)">Conditional</animation>
                    </control>
                    <control type="label">
                        <left>130</left>
                        <width>530</width>
                        <height>70</height>
                        <font>Selected_Item</font>
                        <selectedcolor>Highlight</selectedcolor>
                        <label>$INFO[ListItem.Label]</label>
                        <animation effect="fade" start="100" end="70" time="300" tween="sine" easing="inout" condition="!Control.HasFocus(68)">Conditional</animation>
                    </control>
                    <control type="label">
                        <left>130</left>
                        <top>50</top>
                        <width>530</width>
                        <height>60</height>
                        <font>Medium_Large</font>
                        <selectedcolor>Highlight</selectedcolor>
                        <label>$INFO[ListItem.Title]</label>
                        <animation effect="fade" start="100" end="30" time="300" tween="sine" easing="inout" condition="!Control.HasFocus(68)">Conditional</animation>
                    </control>
                    <control type="progress">
                        <description>Progressbar</description>
                        <left>15</left>
                        <top>75</top>
                        <width>102</width>
                        <height>10</height>
                        <visible>ListItem.HasEpg + !ListItem.IsRecording</visible>
                        <info>ListItem.Progress</info>
                        <midtexture colordiffuse="Highlight">new_pvr/texturebg_white.png</midtexture>
                        <texturebg colordiffuse="grey">new_pvr/texturebg.png</texturebg>
                    </control>
                    <control type="image">
                        <left>681</left>
                        <top>7</top>
                        <width>105</width>
                        <height>105</height>
                        <aspectratio align="center" aligny="center">keep</aspectratio>
                        <texture background="true">$INFO[ListItem.Icon]</texture>
                        <animation effect="fade" start="100" end="30" time="300" tween="sine" easing="inout" condition="!Control.HasFocus(68)">Conditional</animation>
                    </control>
                    <control type="image">
                        <left>795</left>
                        <top>45</top>
                        <width>30</width>
                        <height>30</height>
                        <texture>$VAR[PVRStatusImageVar]</texture>
                    </control>
                </focusedlayout>
            </control>
            <control type="group">
                <left>15</left>
                <control type="image">
                    <left>919</left>
                    <top>15</top>
                    <width>50</width>
                    <height>50</height>
                    <texture>menu\nav\nav_arrow_up_NF.png</texture>
                    <animation effect="fade" time="600">Visible</animation>
                    <visible>!Container(68).OnPrevious</visible>
                </control>
                <control type="image">
                    <left>919</left>
                    <top>15</top>
                    <width>50</width>
                    <height>50</height>
                    <texture>menu\nav\nav_arrow_up_FO.png</texture>
                    <animation type="Hidden" reversible="false">
                        <effect type="slide" start="0,-15" end="0" center="auto" time="300" />
                        <effect type="fade" start="100" end="0" time="300" />
                    </animation>
                    <visible>Container(68).OnPrevious</visible>
                </control>
                <control type="scrollbar" id="70">
                    <left>936</left>
                    <top>65</top>
                    <height>775</height>
                    <width>16</width>
                    <onleft>68</onleft>
                    <orientation>vertical</orientation>
                    <ondown>70</ondown>
                    <onup>70</onup>
                    <showonepage>false</showonepage>
                    <onright>ActivateWindow(1201)</onright>
                </control>
                <control type="image">
                    <left>919</left>
                    <top>842</top>
                    <width>50</width>
                    <height>50</height>
                    <texture>menu\nav\nav_arrow_down_NF.png</texture>
                    <animation effect="fade" time="600">Visible</animation>
                    <visible>!Container(68).OnNext</visible>
                </control>
                <control type="image">
                    <left>919</left>
                    <top>842</top>
                    <width>50</width>
                    <height>50</height>
                    <texture>menu\nav\nav_arrow_down_FO.png</texture>
                    <animation type="Hidden" reversible="false">
                        <effect type="slide" start="0,15" end="0" center="auto" time="300" />
                        <effect type="fade" start="100" end="0" time="300" />
                    </animation>
                    <visible>Container(68).OnNext</visible>
                </control>
                <control type="label">
                    <visible>!ListItem.IsParentFolder</visible>
                    <left>625</left>
                    <top>870</top>
                    <width>1200</width>
                    <align>right</align>
                    <font>Medium_Large</font>
                    <scroll>true</scroll>
                    <label>$INFO[Container(68).CurrentItem] $LOCALIZE[20163] $INFO[Container(68).NumItems] $LOCALIZE[50129] - $LOCALIZE[50130] $INFO[Container(68).CurrentPage] $LOCALIZE[20163] $INFO[Container(68).NumPages]</label>
                </control>
            </control>
            <control type="group">
                <description>Small Media Window</description>
                <left>985</left>
                <control type="image">
                    <left>32</left>
                    <top>32</top>
                    <width>821</width>
                    <height>461</height>
                    <texture>default_tv.jpg</texture>
                    <visible>!Player.HasVideo</visible>
                </control>
                <control type="image">
                    <left>31</left>
                    <top>32</top>
                    <width>822</width>
                    <height>461</height>
                    <texture>background.png</texture>
                    <visible>Player.HasVideo</visible>
                </control>
                <control type="videowindow">
                    <left>31</left>
                    <top>32</top>
                    <width>822</width>
                    <height>461</height>
                    <visible>Player.HasVideo</visible>
                </control>
            </control>
            <control type="group">
                <left>995</left>
                <top>494</top>
                <control type="label">
                    <top>15</top>
                    <width>870</width>
                    <height>60</height>
                    <font>Default</font>
                    <textcolor>white</textcolor>
                    <textoffsetx>15</textoffsetx>
                    <visible>Container(68).ListItem.HasEpg</visible>
                    <shadowcolor>black</shadowcolor>
                    <label>[B]$INFO[Container(68).ListItem.StartTime]$INFO[Container(68).ListItem.EndTime, - ,    ][/B]$INFO[ListItem.Duration,$LOCALIZE[180]: ,][CR][B][COLOR Highlight]$INFO[Container(68).ListItem.Title][/B][/COLOR]</label>
                </control>
                <control type="label">
                    <top>99</top>
                    <width>870</width>
                    <height>30</height>
                    <font>Medium_Large</font>
                    <textcolor>white</textcolor>
                    <textoffsetx>15</textoffsetx>
                    <visible>!String.IsEmpty(Container(68).ListItem.NextTitle)</visible>
                    <label>$INFO[Container(68).ListItem.NextTitle,[COLOR labelheader]$LOCALIZE[19031]:[/COLOR] ,]</label>
                </control>
                <control type="textbox" id="80">
                    <label>$INFO[Container(68).ListItem.Plot]</label>
                    <left>15</left>
                    <top>150</top>
                    <width>855</width>
                    <height>220</height>
                    <font>Medium_Large</font>
                    <autoscroll delay="6500" time="2500" repeat="2500">Skin.HasSetting(Enable.AutoScroll)</autoscroll>
                </control>
            </control>
        </control>
        <control type="group">
            <left>50</left>
            <top>55</top>
            <description>Channels Wall</description>
            <visible>Control.IsVisible(69)</visible>
            <control type="panel" id="69">
                <left>30</left>
                <top>30</top>
                <width>1800</width>
                <height>701</height>
                <onleft>ActivateWindow(1201)</onleft>
                <onright>60</onright>
                <onup>69</onup>
                <ondown>69</ondown>
                <pagecontrol>60</pagecontrol>
                <preloaditems>2</preloaditems>
                <viewtype label="Wall">icon</viewtype>
                <scrolltime tween="quadratic" easing="out">300</scrolltime>
                <itemlayout height="175" width="445">
                    <control type="image">
                        <left>4</left>
                        <top>1</top>
                        <width>444</width>
                        <height>175</height>
                        <texture border="4,5,6,8">controls\button_nf.png</texture>
                    </control>
                    <control type="label">
                        <left>14</left>
                        <top>2</top>
                        <width>80</width>
                        <height>80</height>
                        <align>left</align>
                        <font>Default</font>
                        <textcolor>white</textcolor>
                        <selectedcolor>Highlight</selectedcolor>
                        <label>[B]$INFO[ListItem.ChannelNumberLabel][/B]</label>
                    </control>
                    <control type="textbox">
                        <left>88</left>
                        <top>4</top>
                        <width>250</width>
                        <height>80</height>
                        <font>Medium_Large</font>
                        <textcolor>white</textcolor>
                        <selectedcolor>Highlight</selectedcolor>
                        <label>[B]$INFO[ListItem.Label][/B]</label>
                    </control>
                    <control type="image">
                        <left>345</left>
                        <top>10</top>
                        <width>72</width>
                        <height>59</height>
                        <aspectratio align="right" aligny="center">keep</aspectratio>
                        <texture>$INFO[ListItem.Icon]</texture>
                    </control>
                    <control type="group">
                        <left>15</left>
                        <top>85</top>
                        <width>440</width>
                        <height>165</height>
                        <visible>ListItem.HasEpg</visible>
                        <control type="label">
                            <width>350</width>
                            <height>30</height>
                            <font>Medium_Large</font>
                            <textcolor>grey</textcolor>
                            <selectedcolor>Highlight</selectedcolor>
                            <label>$INFO[ListItem.Title]</label>
                        </control>
                        <control type="progress">
                            <top>46</top>
                            <width>408</width>
                            <height>6</height>
                            <info>ListItem.Progress</info>
                            <visible>!String.IsEqual(ListItem.Title,)</visible>
                            <visible>ListItem.HasEpg + !ListItem.IsRecording</visible>
                            <midtexture colordiffuse="Highlight">new_pvr/texturebg_white.png</midtexture>
                            <texturebg colordiffuse="grey">new_pvr/texturebg.png</texturebg>
                        </control>
                        <control type="label">
                            <top>48</top>
                            <width>410</width>
                            <height>30</height>
                            <font>Medium</font>
                            <textcolor>grey</textcolor>
                            <selectedcolor>grey</selectedcolor>
                            <label>$LOCALIZE[19031]: $INFO[ListItem.NextTitle]</label>
                            <visible>true</visible>
                        </control>
                    </control>
                    <control type="image">
                        <left>372</left>
                        <top>85</top>
                        <width>30</width>
                        <height>30</height>
                        <texture>$VAR[PVRStatusImageVar]</texture>
                    </control>
                </itemlayout>
                <focusedlayout height="175" width="445">
                    <control type="image">
                        <left>1</left>
                        <top>-1</top>
                        <width>450</width>
                        <height>179</height>
                        <texture border="4,5,6,8">controls\button_f.png</texture>
                    </control>
                    <control type="label">
                        <left>14</left>
                        <top>2</top>
                        <width>80</width>
                        <height>80</height>
                        <align>left</align>
                        <font>Default</font>
                        <textcolor>white</textcolor>
                        <selectedcolor>Highlight</selectedcolor>
                        <label>[B]$INFO[ListItem.ChannelNumberLabel][/B]</label>
                    </control>
                    <control type="textbox">
                        <left>88</left>
                        <top>4</top>
                        <width>250</width>
                        <height>80</height>
                        <font>Medium_Large</font>
                        <textcolor>white</textcolor>
                        <selectedcolor>Highlight</selectedcolor>
                        <label>[B]$INFO[ListItem.Label][/B]</label>
                    </control>
                    <control type="image">
                        <left>345</left>
                        <top>10</top>
                        <width>72</width>
                        <height>59</height>
                        <aspectratio align="right" aligny="center">keep</aspectratio>
                        <texture>$INFO[ListItem.Icon]</texture>
                    </control>
                    <control type="group">
                        <left>15</left>
                        <top>85</top>
                        <width>440</width>
                        <height>165</height>
                        <visible>ListItem.HasEpg</visible>
                        <control type="label">
                            <width>350</width>
                            <height>30</height>
                            <font>Medium_Large</font>
                            <textcolor>white</textcolor>
                            <selectedcolor>Highlight</selectedcolor>
                            <label>$INFO[ListItem.Title]</label>
                        </control>
                        <control type="progress">
                            <top>46</top>
                            <width>408</width>
                            <height>6</height>
                            <info>ListItem.Progress</info>
                            <visible>!String.IsEqual(ListItem.Title,)</visible>
                            <visible>ListItem.HasEpg + !ListItem.IsRecording</visible>
                            <midtexture colordiffuse="Highlight">new_pvr/texturebg_white.png</midtexture>
                            <texturebg colordiffuse="grey">new_pvr/texturebg.png</texturebg>
                        </control>
                        <control type="label">
                            <top>48</top>
                            <width>410</width>
                            <height>30</height>
                            <font>Medium</font>
                            <textcolor>grey</textcolor>
                            <selectedcolor>grey</selectedcolor>
                            <label>$LOCALIZE[19031]: $INFO[ListItem.NextTitle]</label>
                            <visible>true</visible>
                        </control>
                    </control>
                    <control type="image">
                        <left>372</left>
                        <top>85</top>
                        <width>30</width>
                        <height>30</height>
                        <texture>$VAR[PVRStatusImageVar]</texture>
                    </control>
                </focusedlayout>
            </control>
            <control type="group">
                <left>896</left>
                <control type="image">
                    <left>919</left>
                    <top>25</top>
                    <width>50</width>
                    <height>50</height>
                    <texture>menu\nav\nav_arrow_up_NF.png</texture>
                    <animation effect="fade" time="600">Visible</animation>
                    <visible>!Container(69).OnPrevious</visible>
                </control>
                <control type="image">
                    <left>919</left>
                    <top>25</top>
                    <width>50</width>
                    <height>50</height>
                    <texture>menu\nav\nav_arrow_up_FO.png</texture>
                    <animation type="Hidden" reversible="false">
                        <effect type="slide" start="0,-15" end="0" center="auto" time="300" />
                        <effect type="fade" start="100" end="0" time="300" />
                    </animation>
                    <visible>Container(69).OnPrevious</visible>
                </control>
                <control type="scrollbar" id="60">
                    <left>938</left>
                    <top>75</top>
                    <height>640</height>
                    <width>12</width>
                    <onleft>69</onleft>
                    <orientation>vertical</orientation>
                    <ondown>60</ondown>
                    <onup>60</onup>
                    <showonepage>false</showonepage>
                    <onright>ActivateWindow(1201)</onright>
                </control>
                <control type="image">
                    <left>919</left>
                    <top>717</top>
                    <width>50</width>
                    <height>50</height>
                    <texture>menu\nav\nav_arrow_down_NF.png</texture>
                    <animation effect="fade" time="600">Visible</animation>
                    <visible>!Container(69).OnNext</visible>
                </control>
                <control type="image">
                    <left>919</left>
                    <top>717</top>
                    <width>50</width>
                    <height>50</height>
                    <texture>menu\nav\nav_arrow_down_FO.png</texture>
                    <animation type="Hidden" reversible="false">
                        <effect type="slide" start="0,15" end="0" center="auto" time="300" />
                        <effect type="fade" start="100" end="0" time="300" />
                    </animation>
                    <visible>Container(69).OnNext</visible>
                </control>
                <control type="label">
                    <visible>!ListItem.IsParentFolder</visible>
                    <left>-310</left>
                    <top>910</top>
                    <width>1200</width>
                    <align>right</align>
                    <font>Medium_Large</font>
                    <scroll>true</scroll>
                    <label>$INFO[Container(69).CurrentItem] $LOCALIZE[20163] $INFO[Container(69).NumItems] $LOCALIZE[50129] - $LOCALIZE[50130] $INFO[Container(69).CurrentPage] $LOCALIZE[20163] $INFO[Container(69).NumPages]</label>
                </control>
            </control>
            <control type="group">
                <left>30</left>
                <top>750</top>
                <control type="group">
                    <visible>!Player.HasVideo</visible>
                    <left>122</left>
                    <top>10</top>
                    <control type="image">
                        <width>200</width>
                        <height>140</height>
                        <aspectratio align="center" aligny="center">keep</aspectratio>
                        <fadetime>400</fadetime>
                        <texture>$INFO[ListItem.Icon]</texture>
                    </control>
                </control>
                <control type="group">
                    <visible>Player.HasVideo</visible>
                    <top>20</top>
                    <left>35</left>
                    <control type="image">
                        <width>345</width>
                        <height>175</height>
                        <aspectratio>stretch</aspectratio>
                        <texture>background.png</texture>
                    </control>
                    <control type="videowindow">
                        <width>345</width>
                        <height>175</height>
                    </control>
                </control>
                <control type="group">
                    <left>410</left>
                    <control type="grouplist">
                        <top>-3</top>
                        <left>15</left>
                        <width>1345</width>
                        <height>50</height>
                        <itemgap>5</itemgap>
                        <orientation>horizontal</orientation>
                        <control type="label">
                            <width>auto</width>
                            <height>50</height>
                            <font>Default</font>
                            <textcolor>white</textcolor>
                            <shadowcolor>black</shadowcolor>
                            <label>[B]$INFO[ListItem.StartTime]$INFO[ListItem.EndTime, - ,    ][/B]</label>
                        </control>
                        <control type="label">
                            <width>965</width>
                            <align>left</align>
                            <height>50</height>
                            <font>Default</font>
                            <scroll>true</scroll>
                            <textcolor>Highlight</textcolor>
                            <shadowcolor>black</shadowcolor>
                            <label>[B]$INFO[ListItem.Title][/B]</label>
                        </control>
                    </control>
                    <control type="textbox" id="81">
                        <label>[B]$INFO[ListItem.Duration,$LOCALIZE[180]: , - ]$INFO[ListItem.Genre,$LOCALIZE[515]: , - ][/B]$INFO[ListItem.Plot]</label>
                        <left>15</left>
                        <top>50</top>
                        <width>1350</width>
                        <height>102</height>
                        <font>Library_Light_18</font>
                        <autoscroll time="3000" delay="4000" repeat="5000">Skin.HasSetting(Enable.AutoScroll)</autoscroll>
                    </control>
                </control>
            </control>
        </control>
        <control type="image">
            <width>1920</width>
            <height>1080</height>
            <texture>background.png</texture>
            <animation effect="fade" time="200">Visible</animation>
            <animation effect="fade" time="200">Hidden</animation>
            <visible>Window.IsActive(FileBrowser) | Window.IsActive(PVRGuideInfo) | Window.IsActive(PVRRecordingInfo) | Window.IsActive(PVRTimerSetting) | Window.IsActive(PVRGroupManager) | Window.IsActive(PVRGuideSearch)</visible>
        </control>
        <include>PVRChannelNumberInput</include>
    </include>
</includes>
