<includes>
    <include file="IncludeListViewMedia.xml" />
    <include file="IncludeListView.xml" />
    <include file="IncludeSnapsView.xml" />
    <include file="IncludeGameView.xml" />
    <include file="IncludeDVDHybridView.xml" />
    <include file="IncludeGameHybridView.xml" />
    <include file="IncludeTileView.xml" />
    <include file="IncludeTileHybridView.xml" />
    <include file="IncludeShowCaseView.xml" />
    <include file="IncludeShowCaseHybridView.xml" />
    <include file="IncludeShowCaseVinylView.xml" />
    <include file="IncludeProfilesView.xml" />
    <include file="IncludeLoginView.xml" />
    <include file="IncludeWallView.xml" />
    <include file="IncludeChannelsView.xml" />
    <include file="IncludePVRGuide.xml" />
    <include file="IncludePVRRecordings.xml" />
    <include file="IncludePVRTimers.xml" />
    <include file="IncludePVRSearch.xml" />
    <include name="Video_Library_Views">
        <include>Show_Case_View</include>
        <include>Show_Case_Hybrid_View</include>
        <include>List_View_Media</include>
        <include>DVD_Hybrid_View</include>
        <include>Tile_Hybrid_View</include>
        <include>Wall_View</include>
    </include>
    <include name="Music_Library_Views">
        <include>Show_Case_Vinyl_View</include>
        <include>List_View_Media</include>
        <include>Tile_Hybrid_View</include>
        <include>Wall_View</include>
    </include>
    <include name="Games_Views">
        <include>List_View_Media</include>
        <include>Game_Hybrid_View</include>
        <include>Game_View</include>
        <include>Wall_View</include>
    </include>
    <include name="Picture_Views">
        <include>List_View</include>
        <include>Snaps_View</include>
        <include>Tile_View</include>
    </include>
    <include name="Program_Views">
        <include>List_View</include>
    </include>
    <include name="PVR_Views">
        <include>Channels_View</include>
    </include>
    <include name="AddOn_Views">
        <include>List_View_Media</include>
    </include>
</includes>
