<includes>
    <include name="Tile_Hybrid_View">
        <control type="image">
            <visible>Control.IsVisible(58)</visible>
            <left>0</left>
            <top>0</top>
            <width>1920</width>
            <height>1080</height>
            <texture colordiffuse="77ffffff">background.png</texture>
        </control>
        <control type="grouplist">
            <visible>Control.IsVisible(58)</visible>
            <visible>String.IsEqual(ListItem.DBType,movie) | String.IsEqual(ListItem.DBType,set) | String.IsEqual(ListItem.DBType,tvshow) | String.IsEqual(ListItem.DBType,season) | String.IsEqual(ListItem.DBType,episode) | String.IsEqual(ListItem.DBType,musicvideo)</visible>
            <left>-155</left>
            <top>900</top>
            <width>1100</width>
            <height>33</height>
            <itemgap>13</itemgap>
            <align>center</align>
            <orientation>horizontal</orientation>
            <control type="label">
                <width>auto</width>
                <height>33</height>
                <font>Library_Normal_14</font>
                <textcolor>grey</textcolor>
                <label>$LOCALIZE[50163]</label>
                <align>right</align>
                <aligny>bottom</aligny>
            </control>
            <control type="image">
                <width>33</width>
                <height>33</height>
                <texture>menu\library\info-icon.png</texture>
            </control>
            <control type="label">
                <width>auto</width>
                <height>33</height>
                <font>Library_Normal_14</font>
                <textcolor>grey</textcolor>
                <label>$LOCALIZE[50065]</label>
                <align>left</align>
                <aligny>bottom</aligny>
            </control>
        </control>
        <control type="group">
            <left>998</left>
            <top>310</top>
            <visible>Control.IsVisible(58)</visible>
            <!-- DVD Hybrid View Icons - Counter Clockwise Mothion -->
            <control type="group" id="5801">
                <visible>Container(58).OnPrevious</visible>
                <animation effect="slide" end="0,0" time="250" reversible="false">Hidden</animation>
                <!-- Hide Far Right Icon On Move Previous -->
                <control type="group">
                    <visible>Container(58).OnPrevious</visible>
                    <visible>!String.IsEmpty(Container(58).ListItemNoWrap(3).Label)</visible>
                    <animation type="Hidden" reversible="false">
                        <effect type="fade" start="100" end="0" time="250" />
                        <effect type="slide" start="0" end="192" time="250" />
                    </animation>
                    <left>471</left>
                    <top>44</top>
                    <width>290</width>
                    <height>579</height>
                    <include content="PosterTile">
                        <param name="width" value="290" />
                        <param name="height" value="290" />
                        <param name="order" value="3" />
                        <param name="view" value="58" />
                    </include>
                </control>
                <!-- Move Icon 2 To Icon 3 Position On Move Previous -->
                <control type="group">
                    <visible>Container(58).OnPrevious</visible>
                    <visible>!String.IsEmpty(Container(58).ListItemNoWrap(2).Label)</visible>
                    <animation effect="zoom" start="238,22,330,660" end="471,44,290,579" time="250" reversible="false">Hidden</animation>
                    <left>238</left>
                    <top>22</top>
                    <width>330</width>
                    <height>660</height>
                    <include content="PosterTile">
                        <param name="width" value="330" />
                        <param name="height" value="330" />
                        <param name="order" value="2" />
                        <param name="view" value="58" />
                    </include>
                </control>
                <!-- Move Icon 1 To Icon 2 Position On Move Previous -->
                <control type="group">
                    <visible>Container(58).OnPrevious</visible>
                    <visible>!String.IsEmpty(Container(58).ListItemNoWrap(1).Label)</visible>
                    <animation effect="zoom" start="0,0,376,753" end="238,22,330,660" time="250" reversible="false">Hidden</animation>
                    <left>0</left>
                    <top>0</top>
                    <width>376</width>
                    <height>753</height>
                    <include content="PosterTile">
                        <param name="width" value="376" />
                        <param name="height" value="376" />
                        <param name="order" value="1" />
                        <param name="view" value="58" />
                    </include>
                </control>
                <!-- Show Far Left Icon On Move Previous -->
                <control type="group">
                    <visible>Container(58).OnPrevious</visible>
                    <animation type="Hidden" reversible="false">
                        <effect type="fade" start="0" end="100" time="250" />
                        <effect type="slide" start="-192" end="0" time="250" />
                    </animation>
                    <animation effect="fade" start="0" end="0" time="0" reversible="false">Visible</animation>
                    <left>0</left>
                    <top>0</top>
                    <width>376</width>
                    <height>753</height>
                    <include content="PosterTile">
                        <param name="width" value="376" />
                        <param name="height" value="376" />
                        <param name="order" value="0" />
                        <param name="view" value="58" />
                    </include>
                </control>
            </control>
            <!-- DVD Hybrid View Icons - Clockwise Mothion -->
            <control type="group" id="5802">
                <visible>Container(58).OnNext</visible>
                <animation effect="slide" end="0,0" time="250" reversible="false">Hidden</animation>
                <!-- Show Far Right Icon On Move Next -->
                <control type="group">
                    <visible>Container(58).OnNext</visible>
                    <visible>!String.IsEmpty(Container(58).ListItemNoWrap(2).Label)</visible>
                    <animation type="Hidden" reversible="false">
                        <effect type="fade" start="0" end="100" time="250" />
                        <effect type="slide" start="192" end="0" time="250" />
                    </animation>
                    <animation effect="fade" start="0" end="0" time="0" reversible="false">Visible</animation>
                    <left>471</left>
                    <top>44</top>
                    <width>290</width>
                    <height>579</height>
                    <include content="PosterTile">
                        <param name="width" value="290" />
                        <param name="height" value="290" />
                        <param name="order" value="2" />
                        <param name="view" value="58" />
                    </include>
                </control>
                <!-- Move Icon 3 To Icon 2 Position On Move Next -->
                <control type="group">
                    <visible>Container(58).OnNext</visible>
                    <visible>!String.IsEmpty(Container(58).ListItemNoWrap(1).Label)</visible>
                    <animation effect="zoom" start="471,44,290,579" end="238,22,330,660" time="250" reversible="false">Hidden</animation>
                    <left>471</left>
                    <top>44</top>
                    <width>290</width>
                    <height>579</height>
                    <include content="PosterTile">
                        <param name="width" value="290" />
                        <param name="height" value="290" />
                        <param name="order" value="1" />
                        <param name="view" value="58" />
                    </include>
                </control>
                <!-- Move Icon 2 To Icon 1 Position On Move Next -->
                <control type="group">
                    <visible>Container(58).OnNext</visible>
                    <visible>!String.IsEmpty(Container(58).ListItemNoWrap(0).Label)</visible>
                    <animation effect="zoom" start="238,22,330,660" end="0,0,376,753" time="250" reversible="false">Hidden</animation>
                    <left>238</left>
                    <top>22</top>
                    <width>330</width>
                    <height>660</height>
                    <include content="PosterTile">
                        <param name="width" value="330" />
                        <param name="height" value="330" />
                        <param name="order" value="0" />
                        <param name="view" value="58" />
                    </include>
                </control>
                <!-- Hide Far Left Icon On Move Next -->
                <control type="group">
                    <visible>Container(58).OnNext</visible>
                    <animation type="Hidden" reversible="false">
                        <effect type="fade" start="100" end="0" time="250" />
                        <effect type="slide" start="0" end="-192" time="250" />
                    </animation>
                    <left>0</left>
                    <top>0</top>
                    <width>376</width>
                    <height>753</height>
                    <include content="PosterTile">
                        <param name="width" value="376" />
                        <param name="height" value="376" />
                        <param name="order" value="-1" />
                        <param name="view" value="58" />
                    </include>
                </control>
            </control>
            <!-- DVD Hybrid View Static Icons -->
            <control type="group" id="5800">
                <visible>!Control.IsVisible(5801)  + !Control.IsVisible(5802)</visible>
                <!-- Icon 3 -->
                <control type="group">
                    <left>471</left>
                    <top>44</top>
                    <width>290</width>
                    <height>579</height>
                    <animation type="WindowOpen" reversible="false">
                        <effect type="slide" start="-471" end="0" center="auto" time="150" delay="150" tween="elastic" easing="out" />
                        <effect type="fade" start="0" end="100" time="150" delay="150" tween="sine" easing="out" />
                    </animation>
                    <animation type="WindowClose" reversible="false">
                        <effect type="slide" start="0" end="-471" center="auto" time="150" tween="back" easing="in" />
                        <effect type="fade" start="100" end="0" time="150" tween="sine" easing="in" />
                    </animation>
                    <visible>!String.IsEmpty(Container(58).ListItemNoWrap(2).Label)</visible>
                    <include content="PosterTile">
                        <param name="width" value="290" />
                        <param name="height" value="290" />
                        <param name="order" value="2" />
                        <param name="view" value="58" />
                    </include>
                </control>
                <!-- Icon 2 -->
                <control type="group">
                    <left>238</left>
                    <top>22</top>
                    <width>330</width>
                    <height>660</height>
                    <animation type="WindowOpen" reversible="false">
                        <effect type="slide" start="-238" end="0" center="auto" time="150" delay="150" tween="elastic" easing="out" />
                        <effect type="fade" start="0" end="100" time="150" delay="150" tween="sine" easing="out" />
                    </animation>
                    <animation type="WindowClose" reversible="false">
                        <effect type="slide" start="0" end="-238" center="auto" time="150" tween="back" easing="in" />
                        <effect type="fade" start="100" end="0" time="150" tween="sine" easing="in" />
                    </animation>
                    <visible>!String.IsEmpty(Container(58).ListItemNoWrap(1).Label)</visible>
                    <include content="PosterTile">
                        <param name="width" value="330" />
                        <param name="height" value="330" />
                        <param name="order" value="1" />
                        <param name="view" value="58" />
                    </include>
                </control>
                <!-- Icon 1 -->
                <control type="group">
                    <left>0</left>
                    <top>0</top>
                    <width>376</width>
                    <height>753</height>
                    <camera x="0" y="0" />
                    <animation type="WindowOpen" reversible="false">
                        <effect type="fade" start="0" end="100" time="150" tween="sine" easing="out" />
                        <effect type="rotatey" start="90" end="0" center="0,0" time="150" tween="sine" easing="out" />
                    </animation>
                    <animation type="WindowClose" reversible="false">
                        <effect type="fade" start="100" end="0" time="150" delay="150" tween="sine" easing="in" />
                        <effect type="rotatey" start="0" end="-90" center="0,0" time="150" delay="150" tween="sine" easing="out" />
                    </animation>
                    <include content="PosterTile">
                        <param name="width" value="376" />
                        <param name="height" value="376" />
                        <param name="order" value="0" />
                        <param name="view" value="58" />
                    </include>
                </control>
            </control>
        </control>
        <control type="list" id="58">
            <visible>Container.Content(Artists) | Container.Content(Albums) | Container.Content(Songs) | Container.Content(MusicVideos)  | Container.Content(Images)</visible>
            <left>162</left>
            <top>148</top>
            <width>798</width>
            <height>690</height>
            <onleft>ActivateWindow(1201)</onleft>
            <onright>60</onright>
            <viewtype label="50141">list</viewtype>
            <pagecontrol>60</pagecontrol>
            <scrolltime>200</scrolltime>
            <itemlayout height="69" width="798">
                <control type="image">
                    <left>0</left>
                    <top>0</top>
                    <width>798</width>
                    <height>69</height>
                    <texture border="4,5,6,8">controls\button_nf.png</texture>
                </control>
                <control type="image">
                    <left>15</left>
                    <top>6</top>
                    <width>52</width>
                    <height>52</height>
                    <texture>$INFO[ListItem.Icon]</texture>
                </control>
                <control type="label">
                    <visible>!Container.Content(Albums) + !Container.Content(Songs)</visible>
                    <left>82</left>
                    <top>6</top>
                    <width>700</width>
                    <height>52</height>
                    <font>Medium_Large</font>
                    <aligny>center</aligny>
                    <selectedcolor>Highlight</selectedcolor>
                    <textcolor>Text</textcolor>
                    <align>left</align>
                    <label>$INFO[ListItem.Label] [COLOR=TextMedium]$INFO[ListItem.Label2, - ,][/COLOR]</label>
                </control>
                <control type="label">
                    <visible>Container.Content(Albums)</visible>
                    <left>82</left>
                    <top>6</top>
                    <width>700</width>
                    <height>52</height>
                    <font>Medium_Large</font>
                    <aligny>center</aligny>
                    <selectedcolor>Highlight</selectedcolor>
                    <textcolor>Text</textcolor>
                    <align>left</align>
                    <label>$INFO[ListItem.Label]$INFO[ListItem.Year, (,)] [COLOR=TextMedium]$INFO[ListItem.Label2, - ,][/COLOR]</label>
                </control>
                <control type="label">
                    <visible>Container.Content(Songs)</visible>
                    <left>82</left>
                    <top>6</top>
                    <width>700</width>
                    <height>52</height>
                    <font>Medium_Large</font>
                    <aligny>center</aligny>
                    <selectedcolor>Highlight</selectedcolor>
                    <textcolor>Text</textcolor>
                    <align>left</align>
                    <label>$INFO[ListItem.TrackNumber,,.- ]$INFO[ListItem.Title][COLOR=TextMedium]$INFO[ListItem.Label2, - ,][/COLOR]</label>
                </control>
            </itemlayout>
            <focusedlayout height="69" width="798">
                <control type="image">
                    <left>0</left>
                    <top>0</top>
                    <width>798</width>
                    <height>69</height>
                    <texture border="4,5,6,8">controls\button_nf.png</texture>
                    <visible>!Control.HasFocus(58)</visible>
                </control>
                <control type="image">
                    <left>0</left>
                    <top>0</top>
                    <width>798</width>
                    <height>69</height>
                    <texture border="4,5,6,8">controls\button_f.png</texture>
                    <visible>Control.HasFocus(58)</visible>
                </control>
                <control type="image">
                    <left>15</left>
                    <top>6</top>
                    <width>52</width>
                    <height>52</height>
                    <texture>$INFO[ListItem.Icon]</texture>
                </control>
                <control type="label">
                    <visible>!Container.Content(Albums) + !Container.Content(Songs)</visible>
                    <left>82</left>
                    <top>6</top>
                    <width>700</width>
                    <height>52</height>
                    <font>Medium_Large</font>
                    <aligny>center</aligny>
                    <selectedcolor>Highlight</selectedcolor>
                    <textcolor>Text</textcolor>
                    <align>left</align>
                    <label>$INFO[ListItem.Label] [COLOR=TextMedium]$INFO[ListItem.Label2, - ,][/COLOR]</label>
                </control>
                <control type="label">
                    <visible>Container.Content(Songs)</visible>
                    <left>82</left>
                    <top>6</top>
                    <width>700</width>
                    <height>52</height>
                    <font>Medium_Large</font>
                    <aligny>center</aligny>
                    <selectedcolor>Highlight</selectedcolor>
                    <textcolor>Text</textcolor>
                    <align>left</align>
                    <label>$INFO[ListItem.TrackNumber,,.- ]$INFO[ListItem.Title][COLOR=TextMedium]$INFO[ListItem.Label2, - ,][/COLOR]</label>
                </control>
                <control type="label">
                    <visible>Container.Content(Albums)</visible>
                    <left>82</left>
                    <top>6</top>
                    <width>700</width>
                    <height>52</height>
                    <font>Medium_Large</font>
                    <aligny>center</aligny>
                    <selectedcolor>Highlight</selectedcolor>
                    <textcolor>Text</textcolor>
                    <align>left</align>
                    <label>$INFO[ListItem.Label]$INFO[ListItem.Year, (,)] [COLOR=TextMedium]$INFO[ListItem.Label2, - ,][/COLOR]</label>
                </control>
            </focusedlayout>
        </control>
        <control type="group">
            <visible>Control.IsVisible(58)</visible>
            <control type="image">
                <left>1804</left>
                <top>112</top>
                <width>60</width>
                <height>60</height>
                <texture>menu\nav\nav_arrow_up_NF.png</texture>
                <animation effect="fade" time="600">Visible</animation>
                <visible>!Container(58).OnPrevious</visible>
            </control>
            <control type="image">
                <left>1804</left>
                <top>112</top>
                <width>60</width>
                <height>60</height>
                <texture>menu\nav\nav_arrow_up_FO.png</texture>
                <animation type="Hidden" reversible="false">
                    <effect type="slide" start="0,-15" end="0" center="auto" time="300" />
                    <effect type="fade" start="100" end="0" time="300" />
                </animation>
                <visible>Container(58).OnPrevious</visible>
            </control>
            <control type="scrollbar" id="60">
                <left>1824</left>
                <height>690</height>
                <top>175</top>
                <width>18</width>
                <onleft>58</onleft>
                <onright>ActivateWindow(1201)</onright>
            </control>
            <control type="image">
                <left>1804</left>
                <top>868</top>
                <width>60</width>
                <height>60</height>
                <texture>menu\nav\nav_arrow_down_NF.png</texture>
                <animation effect="fade" time="600">Visible</animation>
                <visible>!Container(58).OnNext</visible>
            </control>
            <control type="image">
                <left>1804</left>
                <top>868</top>
                <width>60</width>
                <height>60</height>
                <texture>menu\nav\nav_arrow_down_FO.png</texture>
                <animation type="Hidden" reversible="false">
                    <effect type="slide" start="0,15" end="0" center="auto" time="300" />
                    <effect type="fade" start="100" end="0" time="300" />
                </animation>
                <visible>Container(58).OnNext</visible>
            </control>
            <control type="label">
                <visible>!ListItem.IsParentFolder</visible>
                <left>575</left>
                <top>950</top>
                <width>1200</width>
                <align>right</align>
                <font>Medium_Large</font>
                <scroll>true</scroll>
                <label>$INFO[Container(58).CurrentItem] $LOCALIZE[20163] $INFO[Container(58).NumItems] $LOCALIZE[50129] - $LOCALIZE[50130] $INFO[Container(58).CurrentPage] $LOCALIZE[20163] $INFO[Container(58).NumPages]</label>
            </control>
        </control>
        <control type="group">
            <left>453</left>
            <top>434</top>
            <visible>Control.IsVisible(58)</visible>
            <include>Sort_Letter</include>
        </control>
        <control type="grouplist">
            <visible>Control.IsVisible(58)</visible>
            <visible>String.IsEqual(ListItem.DBType,artist) | String.IsEqual(ListItem.DBType,album) | String.IsEqual(ListItem.DBType,song)</visible>
            <left>1000</left>
            <top>140</top>
            <width>750</width>
            <height>33</height>
            <itemgap>13</itemgap>
            <align>center</align>
            <orientation>horizontal</orientation>
            <control type="label">
                <width>auto</width>
                <height>33</height>
                <font>Library_Normal_14</font>
                <textcolor>grey</textcolor>
                <label>$LOCALIZE[50163]</label>
                <align>right</align>
                <aligny>bottom</aligny>
            </control>
            <control type="image">
                <width>33</width>
                <height>33</height>
                <texture>menu\library\info-icon.png</texture>
            </control>
            <control type="label">
                <width>auto</width>
                <height>33</height>
                <font>Library_Normal_14</font>
                <textcolor>grey</textcolor>
                <label>$LOCALIZE[50065]</label>
                <align>left</align>
                <aligny>bottom</aligny>
            </control>
        </control>
        <control type="group">
            <visible>Control.IsVisible(58) + !Window.IsActive(1201)</visible>
            <visible>!Skin.HasSetting(Disable_Icon_Labels)</visible>
            <animation effect="fade" time="300">Visible</animation>
            <animation effect="fade" time="300">Hidden</animation>
            <animation effect="fade" time="300">WindowOpen</animation>
            <animation effect="fade" time="300">WindowClose</animation>
            <control type="label">
                <visible>String.IsEmpty(ListItem.Art(Clearlogo))</visible>
                <visible>Container.Content(Artists)</visible>
                <left>0</left>
                <top>890</top>
                <width>1920</width>
                <height>72</height>
                <align>center</align>
                <aligny>center</aligny>
                <label>$INFO[Container(58).ListItem.Label]</label>
                <font>Selected_Item</font>
                <textcolor>TextSelectedItem</textcolor>
                <shadowcolor>TextShadow</shadowcolor>
            </control>
            <control type="image">
                <visible>Container.Content(Artists)</visible>
                <left>835</left>
                <top>880</top>
                <width>250</width>
                <height>150</height>
                <texture background="true">$INFO[ListItem.Art(clearlogo)]</texture>
                <aspectratio align="center" aligny="top">keep</aspectratio>
            </control>
            <control type="label">
                <visible>String.IsEmpty(ListItem.Art(artist.Clearlogo))</visible>
                <visible>Container.Content(Albums)</visible>
                <left>0</left>
                <top>890</top>
                <width>1920</width>
                <height>72</height>
                <align>center</align>
                <aligny>center</aligny>
                <label>$INFO[Container(58).ListItem.Artist]</label>
                <font>Selected_Item</font>
                <textcolor>TextSelectedItem</textcolor>
                <shadowcolor>TextShadow</shadowcolor>
            </control>
            <control type="image">
                <visible>Container.Content(Albums)</visible>
                <left>835</left>
                <top>880</top>
                <width>250</width>
                <height>150</height>
                <texture background="true">$INFO[ListItem.Art(artist.clearlogo)]</texture>
                <aspectratio align="center" aligny="top">keep</aspectratio>
            </control>
            <control type="grouplist">
                <visible>Container.Content(Songs)</visible>
                <left>100</left>
                <top>850</top>
                <height>105</height>
                <width>1690</width>
                <align>center</align>
                <itemgap>40</itemgap>
                <orientation>horizontal</orientation>
                <control type="label">
                    <width>auto</width>
                    <height>90</height>
                    <align>center</align>
                    <aligny>center</aligny>
                    <label>$INFO[ListItem.Album]$INFO[ListItem.Year, (,)]</label>
                    <font>Library_Normal_25</font>
                    <textcolor>TextSelectedItem</textcolor>
                    <shadowcolor>TextShadow</shadowcolor>
                </control>
                <control type="image">
                    <visible>!String.IsEmpty(ListItem.Art(artist.clearlogo))</visible>
                    <width>175</width>
                    <height>105</height>
                    <texture background="true">$INFO[ListItem.Art(artist.clearlogo)]</texture>
                    <aspectratio align="center" aligny="center">keep</aspectratio>
                </control>
                <control type="label">
                    <visible>String.IsEmpty(ListItem.Art(artist.clearlogo))</visible>
                    <width>auto</width>
                    <height>90</height>
                    <align>center</align>
                    <aligny>center</aligny>
                    <label>$INFO[ListItem.Artist,-   ,]</label>
                    <font>Library_Normal_25</font>
                    <textcolor>TextSelectedItem</textcolor>
                    <shadowcolor>TextShadow</shadowcolor>
                </control>
            </control>
        </control>
        <control type="grouplist">
            <visible>Container.Content(musicvideos)</visible>
            <left>5</left>
            <top>952</top>
            <width>800</width>
            <height>45</height>
            <itemgap>10</itemgap>
            <align>center</align>
            <orientation>horizontal</orientation>
            <include>MediaFlags</include>
        </control>
    </include>
</includes>
