<includes>
    <include name="PVR_SearchViews">
        <control type="group">
            <description>Channels group</description>
            <visible>Control.IsVisible(68)</visible>
            <top>88</top>
            <control type="list" id="68">
                <left>82</left>
                <top>32</top>
                <width>1100</width>
                <height>836</height>
                <onleft>ActivateWindow(1201)</onleft>
                <onright>70</onright>
                <onup>68</onup>
                <ondown>68</ondown>
                <viewtype label="535">list</viewtype>
                <pagecontrol>70</pagecontrol>
                <scrolltime tween="quadratic" easing="out">200</scrolltime>
                <itemlayout height="76" width="1100">
                    <control type="image">
                        <width>1100</width>
                        <height>76</height>
                        <texture border="4,5,6,8">controls\button_nf.png</texture>
                    </control>
                    <control type="label">
                        <visible>String.IsEmpty(ListItem.Date)</visible>
                        <left>130</left>
                        <top>9</top>
                        <width>1267</width>
                        <height>52</height>
                        <font>Default</font>
                        <aligny>center</aligny>
                        <textcolor>Text</textcolor>
                        <align>left</align>
                        <label>[B]$INFO[ListItem.Label][/B]</label>
                    </control>
                    <control type="label">
                        <width>128</width>
                        <height>95</height>
                        <textcolor>grey</textcolor>
                        <selectedcolor>Highlight</selectedcolor>
                        <align>center</align>
                        <label>[B]$INFO[ListItem.ChannelNumberLabel][/B]</label>
                    </control>
                    <control type="label">
                        <top>-4</top>
                        <left>130</left>
                        <width>532</width>
                        <height>50</height>
                        <align>left</align>
                        <font>Heading_Small</font>
                        <textcolor>grey</textcolor>
                        <selectedcolor>Highlight</selectedcolor>
                        <label>$INFO[ListItem.ChannelName]</label>
                    </control>
                    <control type="label">
                        <top>14</top>
                        <left>662</left>
                        <width>300</width>
                        <align>right</align>
                        <height>50</height>
                        <font>Medium</font>
                        <scroll>true</scroll>
                        <textcolor>grey</textcolor>
                        <label>$INFO[ListItem.Date]</label>
                    </control>
                    <control type="label">
                        <aligny>top</aligny>
                        <left>130</left>
                        <top>32</top>
                        <width>532</width>
                        <height>60</height>
                        <font>Medium</font>
                        <textcolor>grey</textcolor>
                        <selectedcolor>grey</selectedcolor>
                        <label>$INFO[ListItem.Title]</label>
                    </control>
                    <control type="progress">
                        <description>Progressbar</description>
                        <visible>!String.IsEmpty(ListItem.Date)</visible>
                        <left>15</left>
                        <top>50</top>
                        <width>102</width>
                        <height>10</height>
                        <info>ListItem.Progress</info>
                        <midtexture colordiffuse="Highlight">new_pvr/texturebg_white.png</midtexture>
                        <texturebg colordiffuse="grey">new_pvr/texturebg.png</texturebg>
                    </control>
                    <control type="image">
                        <visible>!String.IsEmpty(ListItem.Date)</visible>
                        <top>4</top>
                        <left>978</left>
                        <width>105</width>
                        <height>66</height>
                        <aspectratio align="center" aligny="center">keep</aspectratio>
                        <texture background="true">$INFO[ListItem.Icon]</texture>
                    </control>
                </itemlayout>
                <focusedlayout height="76" width="1100">
                    <control type="image">
                        <width>1100</width>
                        <height>76</height>
                        <texture border="4,5,6,8">controls\button_f.png</texture>
                        <animation effect="fade" start="100" end="50" time="300" tween="sine" easing="inout" condition="!Control.HasFocus(68)">Conditional</animation>
                    </control>
                    <control type="label">
                        <visible>String.IsEmpty(ListItem.Date)</visible>
                        <left>130</left>
                        <top>9</top>
                        <width>1267</width>
                        <height>52</height>
                        <font>Default</font>
                        <aligny>center</aligny>
                        <textcolor>Text</textcolor>
                        <align>left</align>
                        <label>[B]$INFO[ListItem.Label][/B]</label>
                    </control>
                    <control type="label">
                        <width>128</width>
                        <height>95</height>
                        <textcolor>white</textcolor>
                        <selectedcolor>Highlight</selectedcolor>
                        <align>center</align>
                        <label>[B]$INFO[ListItem.ChannelNumberLabel][/B]</label>
                    </control>
                    <control type="label">
                        <top>-4</top>
                        <left>130</left>
                        <width>532</width>
                        <height>50</height>
                        <align>left</align>
                        <font>Heading_Small</font>
                        <textcolor>white</textcolor>
                        <selectedcolor>Highlight</selectedcolor>
                        <label>$INFO[ListItem.ChannelName]</label>
                    </control>
                    <control type="label">
                        <top>14</top>
                        <left>662</left>
                        <width>300</width>
                        <align>right</align>
                        <height>50</height>
                        <font>Medium</font>
                        <scroll>true</scroll>
                        <textcolor>white</textcolor>
                        <label>$INFO[ListItem.Date]</label>
                    </control>
                    <control type="label">
                        <aligny>top</aligny>
                        <left>130</left>
                        <top>32</top>
                        <width>532</width>
                        <height>60</height>
                        <font>Medium</font>
                        <textcolor>white</textcolor>
                        <selectedcolor>grey</selectedcolor>
                        <label>$INFO[ListItem.Title]</label>
                    </control>
                    <control type="progress">
                        <description>Progressbar</description>
                        <visible>!String.IsEmpty(ListItem.Date)</visible>
                        <left>15</left>
                        <top>50</top>
                        <width>102</width>
                        <height>10</height>
                        <info>ListItem.Progress</info>
                        <midtexture colordiffuse="Highlight">new_pvr/texturebg_white.png</midtexture>
                        <texturebg colordiffuse="grey">new_pvr/texturebg.png</texturebg>
                    </control>
                    <control type="image">
                        <visible>!String.IsEmpty(ListItem.Date)</visible>
                        <top>4</top>
                        <left>978</left>
                        <width>105</width>
                        <height>66</height>
                        <aspectratio align="center" aligny="center">keep</aspectratio>
                        <texture background="true">$INFO[ListItem.Icon]</texture>
                    </control>
                </focusedlayout>
            </control>
            <control type="group">
                <left>265</left>
                <control type="image">
                    <left>919</left>
                    <top>15</top>
                    <width>50</width>
                    <height>50</height>
                    <texture>menu\nav\nav_arrow_up_NF.png</texture>
                    <animation effect="fade" time="600">Visible</animation>
                    <visible>!Container(68).OnPrevious</visible>
                </control>
                <control type="image">
                    <left>919</left>
                    <top>15</top>
                    <width>50</width>
                    <height>50</height>
                    <texture>menu\nav\nav_arrow_up_FO.png</texture>
                    <animation type="Hidden" reversible="false">
                        <effect type="slide" start="0,-15" end="0" center="auto" time="300" />
                        <effect type="fade" start="100" end="0" time="300" />
                    </animation>
                    <visible>Container(68).OnPrevious</visible>
                </control>
                <control type="scrollbar" id="70">
                    <left>936</left>
                    <top>65</top>
                    <height>775</height>
                    <width>16</width>
                    <onleft>68</onleft>
                    <orientation>vertical</orientation>
                    <ondown>70</ondown>
                    <onup>70</onup>
                    <showonepage>false</showonepage>
                    <onright>ActivateWindow(1201)</onright>
                </control>
                <control type="image">
                    <left>919</left>
                    <top>842</top>
                    <width>50</width>
                    <height>50</height>
                    <texture>menu\nav\nav_arrow_down_NF.png</texture>
                    <animation effect="fade" time="600">Visible</animation>
                    <visible>!Container(68).OnNext</visible>
                </control>
                <control type="image">
                    <left>919</left>
                    <top>842</top>
                    <width>50</width>
                    <height>50</height>
                    <texture>menu\nav\nav_arrow_down_FO.png</texture>
                    <animation type="Hidden" reversible="false">
                        <effect type="slide" start="0,15" end="0" center="auto" time="300" />
                        <effect type="fade" start="100" end="0" time="300" />
                    </animation>
                    <visible>Container(68).OnNext</visible>
                </control>
                <control type="label">
                    <visible>!ListItem.IsParentFolder</visible>
                    <left>640</left>
                    <top>875</top>
                    <width>920</width>
                    <align>right</align>
                    <font>Medium_Large</font>
                    <scroll>true</scroll>
                    <label>$INFO[Container(68).CurrentItem] $LOCALIZE[20163] $INFO[Container(68).NumItems] $LOCALIZE[50129] - $LOCALIZE[50130] $INFO[Container(68).CurrentPage] $LOCALIZE[20163] $INFO[Container(68).NumPages]</label>
                </control>
            </control>
            <control type="group">
                <description>Small Media Window</description>
                <left>1210</left>
                <control type="image">
                    <left>35</left>
                    <top>32</top>
                    <width>580</width>
                    <height>325</height>
                    <texture>search-tv.jpg</texture>
                    <visible>String.IsEmpty(ListItem.Date)</visible>
                    <visible>!Player.HasVideo</visible>
                </control>
                <control type="image">
                    <left>35</left>
                    <top>32</top>
                    <width>580</width>
                    <height>325</height>
                    <texture background="true">$INFO[ListItem.Icon]</texture>
                    <aspectratio align="center" aligny="center">keep</aspectratio>
                    <visible>!String.IsEmpty(ListItem.Date)</visible>
                    <fadetime>400</fadetime>
                    <visible>!Player.HasVideo</visible>
                </control>
                <control type="videowindow">
                    <left>35</left>
                    <top>32</top>
                    <width>580</width>
                    <height>325</height>
                    <visible>Player.HasVideo</visible>
                </control>
            </control>
            <control type="group">
                <left>1245</left>
                <top>365</top>
                <control type="label">
                    <top>15</top>
                    <width>605</width>
                    <height>200</height>
                    <align>left</align>
                    <font>Default</font>
                    <textcolor>white</textcolor>
                    <shadowcolor>black</shadowcolor>
                    <label>[B]$INFO[ListItem.ChannelName][/B][CR]$INFO[ListItem.StartDate,,[CR]]$INFO[ListItem.StartTime,,]$INFO[ListItem.EndTime, - ][CR]$INFO[ListItem.Duration,[COLOR grey]$LOCALIZE[180]:[/COLOR] ]</label>
                </control>
                <control type="label">
                    <top>193</top>
                    <width>605</width>
                    <height>70</height>
                    <font>Selected_Item</font>
                    <aligny>center</aligny>
                    <wrapmultiline>true</wrapmultiline>
                    <label>[B][COLOR Highlight]$INFO[ListItem.Title][/B][/COLOR]</label>
                </control>
                <control type="textbox" id="80">
                    <label>[B]$INFO[ListItem.Genre,$LOCALIZE[515]: , - ][/B]$INFO[ListItem.Plot]</label>
                    <top>282</top>
                    <width>590</width>
                    <height>226</height>
                    <font>Library_Light_18</font>
                    <autoscroll delay="6500" time="2500" repeat="2500">Skin.HasSetting(Enable.AutoScroll)</autoscroll>
                </control>
            </control>
        </control>
        <control type="image">
            <width>1920</width>
            <height>1080</height>
            <texture>background.png</texture>
            <animation effect="fade" time="200">Visible</animation>
            <animation effect="fade" time="200">Hidden</animation>
            <visible>Window.IsActive(FileBrowser) | Window.IsActive(PVRGuideInfo) | Window.IsActive(PVRRecordingInfo) | Window.IsActive(PVRTimerSetting) | Window.IsActive(PVRGroupManager) | Window.IsActive(PVRGuideSearch)</visible>
        </control>
    </include>
</includes>
