<includes>
    <include name="Game_View">
        <control type="list" id="54">
            <left>0</left>
            <top>0</top>
            <width>1920</width>
            <height>1080</height>
            <onup>9000</onup>
            <ondown>ActivateWindow(1201)</ondown>
            <viewtype label="50133">list</viewtype>
            <focusposition>2</focusposition>
            <orientation>horizontal</orientation>
            <scrolltime>250</scrolltime>
            <itemlayout height="768" width="384">
                <control type="label">
                    <left>0</left>
                    <top>0</top>
                    <width>384</width>
                    <height>768</height>
                    <font>Default</font>
                    <align>center</align>
                    <info>ListItem.label</info>
                    <visible>false</visible>
                </control>
            </itemlayout>
            <focusedlayout height="768" width="384">
                <control type="label">
                    <left>0</left>
                    <top>0</top>
                    <width>384</width>
                    <height>768</height>
                    <font>Default</font>
                    <align>center</align>
                    <info>ListItem.label</info>
                    <visible>false</visible>
                </control>
            </focusedlayout>
        </control>
        <control type="group">
            <left>960</left>
            <top>254</top>
            <visible>Control.IsVisible(54)</visible>
            <!-- DVD View Icons - Counter Clockwise Mothion -->
            <control type="group" id="5401">
                <visible>Container(54).OnPrevious</visible>
                <animation effect="slide" end="0,0" time="250" reversible="false">Hidden</animation>
                <!-- Show Far Left Icon On Move Previous -->
                <control type="group">
                    <visible>Container(54).OnPrevious</visible>
                    <visible>!String.IsEmpty(Container(54).ListItemNoWrap(-2).Label)</visible>
                    <animation type="Hidden" reversible="false">
                        <effect type="fade" start="0" end="100" time="250" />
                        <effect type="slide" start="0,0" end="248,0" time="250" />
                    </animation>
                    <animation effect="fade" start="0" end="0" time="0" reversible="false">Visible</animation>
                    <left>-1131</left>
                    <top>82</top>
                    <width>171</width>
                    <height>507</height>
                    <include content="PosterGames">
                        <param name="width" value="171" />
                        <param name="height" value="254" />
                        <param name="order" value="-2" />
                    </include>
                </control>
                <!-- Move Icon 1 To Icon 2 Position On Move Previous -->
                <control type="group">
                    <visible>Container(54).OnPrevious</visible>
                    <visible>!String.IsEmpty(Container(54).ListItemNoWrap(-1).Label)</visible>
                    <animation effect="zoom" start="-884,82,171,507" end="-531,75,214,633" time="250" reversible="false">Hidden</animation>
                    <left>-884</left>
                    <top>82</top>
                    <width>171</width>
                    <height>507</height>
                    <include content="PosterGames">
                        <param name="width" value="171" />
                        <param name="height" value="254" />
                        <param name="order" value="-1" />
                    </include>
                </control>
                <!-- Move Icon 2 To Icon 3 Position On Move Next -->
                <control type="group">
                    <visible>Container(54).OnPrevious</visible>
                    <animation effect="zoom" start="-531,75,214,633" end="-171,0,344,1011" time="250" reversible="false">Hidden</animation>
                    <left>-531</left>
                    <top>75</top>
                    <width>214</width>
                    <height>633</height>
                    <include content="PosterGames">
                        <param name="width" value="214" />
                        <param name="height" value="316" />
                        <param name="order" value="0" />
                    </include>
                </control>
                <!-- Move Icon 3 To Icon 4 Position On Move Previous -->
                <control type="group">
                    <visible>Container(54).OnPrevious</visible>
                    <visible>!String.IsEmpty(Container(54).ListItemNoWrap(1).Label)</visible>
                    <animation effect="zoom" start="-171,0,344,1011" end="330,75,214,633" time="250" reversible="false">Hidden</animation>
                    <left>-171</left>
                    <top>0</top>
                    <width>344</width>
                    <height>1011</height>
                    <include content="PosterGames">
                        <param name="width" value="344" />
                        <param name="height" value="506" />
                        <param name="order" value="1" />
                    </include>
                </control>
                <!-- Move Icon 4 To Icon 5 Position On Move Previous -->
                <control type="group">
                    <visible>Container(54).OnPrevious</visible>
                    <visible>!String.IsEmpty(Container(54).ListItemNoWrap(2).Label)</visible>
                    <animation effect="zoom" start="330,75,214,633" end="712,82,171,507" time="250" reversible="false">Hidden</animation>
                    <left>330</left>
                    <top>75</top>
                    <width>214</width>
                    <height>633</height>
                    <include content="PosterGames">
                        <param name="width" value="214" />
                        <param name="height" value="316" />
                        <param name="order" value="2" />
                    </include>
                </control>
                <!-- Hide Far Right Icon On Move Previous -->
                <control type="group">
                    <visible>Container(54).OnPrevious</visible>
                    <visible>!String.IsEmpty(Container(54).ListItemNoWrap(3).Label)</visible>
                    <animation type="Hidden" reversible="false">
                        <effect type="fade" start="100" end="0" time="250" />
                        <effect type="slide" start="0,0" end="248,0" time="250" />
                    </animation>
                    <left>712</left>
                    <top>82</top>
                    <width>171</width>
                    <height>507</height>
                    <include content="PosterGames">
                        <param name="width" value="171" />
                        <param name="height" value="254" />
                        <param name="order" value="3" />
                    </include>
                </control>
            </control>
            <!-- DVD View Icons - Clockwise Mothion -->
            <control type="group" id="5402">
                <visible>Container(54).OnNext</visible>
                <animation effect="slide" end="0,0" time="250" reversible="false">Hidden</animation>
                <!-- Hide Far Left Icon On Move Next -->
                <control type="group">
                    <visible>Container(54).OnNext</visible>
                    <visible>!String.IsEmpty(Container(54).ListItemNoWrap(-3).Label)</visible>
                    <animation type="Hidden" reversible="false">
                        <effect type="fade" start="100" end="0" time="250" />
                        <effect type="slide" start="0,0" end="-248,0" time="250" />
                    </animation>
                    <left>-884</left>
                    <top>82</top>
                    <width>171</width>
                    <height>507</height>
                    <include content="PosterGames">
                        <param name="width" value="171" />
                        <param name="height" value="254" />
                        <param name="order" value="-3" />
                    </include>
                </control>
                <!-- Move Icon 2 To Icon 1 Position On Move Next -->
                <control type="group">
                    <visible>Container(54).OnNext</visible>
                    <visible>!String.IsEmpty(Container(54).ListItemNoWrap(-2).Label)</visible>
                    <animation effect="zoom" start="-531,75,214,633" end="-884,82,171,507" time="250" reversible="false">Hidden</animation>
                    <left>-531</left>
                    <top>75</top>
                    <width>214</width>
                    <height>633</height>
                    <include content="PosterGames">
                        <param name="width" value="214" />
                        <param name="height" value="316" />
                        <param name="order" value="-2" />
                    </include>
                </control>
                <!-- Move Icon 3 To Icon 2 Position On Move Next -->
                <control type="group">
                    <visible>Container(54).OnNext</visible>
                    <visible>!String.IsEmpty(Container(54).ListItemNoWrap(-1).Label)</visible>
                    <animation effect="zoom" start="-171,0,344,1011" end="-531,75,214,633" time="250" reversible="false">Hidden</animation>
                    <left>-171</left>
                    <top>0</top>
                    <width>344</width>
                    <height>1011</height>
                    <include content="PosterGames">
                        <param name="width" value="344" />
                        <param name="height" value="506" />
                        <param name="order" value="-1" />
                    </include>
                </control>
                <!-- Move Icon 4 To Icon 3 Position On Move Next -->
                <control type="group">
                    <visible>Container(54).OnNext</visible>
                    <animation effect="zoom" start="330,75,214,633" end="-171,0,344,1011" time="250" reversible="false">Hidden</animation>
                    <left>330</left>
                    <top>75</top>
                    <width>214</width>
                    <height>633</height>
                    <include content="PosterGames">
                        <param name="width" value="214" />
                        <param name="height" value="316" />
                        <param name="order" value="0" />
                    </include>
                </control>
                <!-- Move Icon 5 To Icon 4 Position On Move Next -->
                <control type="group">
                    <visible>Container(54).OnNext</visible>
                    <visible>!String.IsEmpty(Container(54).ListItemNoWrap(1).Label)</visible>
                    <animation effect="zoom" start="712,82,171,507" end="330,75,214,633" time="250" reversible="false">Hidden</animation>
                    <left>712</left>
                    <top>82</top>
                    <width>171</width>
                    <height>507</height>
                    <include content="PosterGames">
                        <param name="width" value="171" />
                        <param name="height" value="254" />
                        <param name="order" value="1" />
                    </include>
                </control>
                <!-- Show Far Right Icon On Move Next -->
                <control type="group">
                    <visible>Container(54).OnNext</visible>
                    <visible>!String.IsEmpty(Container(54).ListItemNoWrap(2).Label)</visible>
                    <animation type="Hidden" reversible="false">
                        <effect type="fade" start="0" end="100" time="250" />
                        <effect type="slide" start="248,0" end="0,0" time="250" />
                    </animation>
                    <animation effect="fade" start="0" end="0" time="0" reversible="false">Visible</animation>
                    <left>712</left>
                    <top>82</top>
                    <width>171</width>
                    <height>507</height>
                    <include content="PosterGames">
                        <param name="width" value="171" />
                        <param name="height" value="254" />
                        <param name="order" value="2" />
                    </include>
                </control>
            </control>
            <!-- DVD View Static Icons -->
            <control type="group" id="5400">
                <visible>!Control.IsVisible(5401)  + !Control.IsVisible(5402)</visible>
                <animation effect="fade" time="600">WindowOpen</animation>
                <animation effect="fade" time="600">WindowClose</animation>
                <!-- Icon 1 -->
                <control type="group">
                    <left>-884</left>
                    <top>82</top>
                    <width>171</width>
                    <height>507</height>
                    <visible>!String.IsEmpty(Container(54).ListItemNoWrap(-2).Label)</visible>
                    <include content="PosterGames">
                        <param name="width" value="171" />
                        <param name="height" value="254" />
                        <param name="order" value="-2" />
                    </include>
                </control>
                <!-- Icon 2 -->
                <control type="group">
                    <left>-531</left>
                    <top>75</top>
                    <width>214</width>
                    <height>633</height>
                    <visible>!String.IsEmpty(Container(54).ListItemNoWrap(-1).Label)</visible>
                    <include content="PosterGames">
                        <param name="width" value="214" />
                        <param name="height" value="316" />
                        <param name="order" value="-1" />
                    </include>
                </control>
                <!-- Icon 3 -->
                <control type="group">
                    <left>-171</left>
                    <top>0</top>
                    <width>344</width>
                    <height>1011</height>
                    <include content="PosterGames">
                        <param name="width" value="344" />
                        <param name="height" value="506" />
                        <param name="order" value="0" />
                    </include>
                </control>
                <!-- Icon 4 -->
                <control type="group">
                    <left>330</left>
                    <top>75</top>
                    <width>214</width>
                    <height>633</height>
                    <visible>!String.IsEmpty(Container(54).ListItemNoWrap(1).Label)</visible>
                    <include content="PosterGames">
                        <param name="width" value="214" />
                        <param name="height" value="316" />
                        <param name="order" value="1" />
                    </include>
                </control>
                <!-- Icon 5 -->
                <control type="group">
                    <left>712</left>
                    <top>82</top>
                    <width>171</width>
                    <height>507</height>
                    <visible>!String.IsEmpty(Container(54).ListItemNoWrap(2).Label)</visible>
                    <include content="PosterGames">
                        <param name="width" value="171" />
                        <param name="height" value="254" />
                        <param name="order" value="2" />
                    </include>
                </control>
            </control>
        </control>
        <control type="group">
            <left>850</left>
            <top>434</top>
            <visible>Control.IsVisible(54)</visible>
            <include>Sort_Letter</include>
        </control>
        <control type="group">
            <visible>Control.IsVisible(54) + !Window.IsActive(1201)</visible>
            <visible>!Skin.HasSetting(Disable_Icon_Labels)</visible>
            <animation effect="fade" time="300">Visible</animation>
            <animation effect="fade" time="300">Hidden</animation>
            <animation effect="fade" time="300">WindowOpen</animation>
            <animation effect="fade" time="300">WindowClose</animation>
            <control type="image" id="328">
                <left>810</left>
                <top>800</top>
                <width>300</width>
                <height>180</height>
                <texture fallback="transp.png">$INFO[Container(54).ListItem.Path]$INFO[Container(54).ListItem.FileNameNoExtension].png</texture>
                <aspectratio align="center" aligny="center">keep</aspectratio>
            </control>
            <control type="label">
                <visible>String.Contains(Control.GetLabel(328),transp.png)</visible>
                <description>Current Selection</description>
                <left>0</left>
                <top>850</top>
                <width>1920</width>
                <height>72</height>
                <align>center</align>
                <aligny>center</aligny>
                <label>[B][LOWERCASE][CAPITALIZE]$INFO[Container(54).ListItem.FileNameNoExtension][/CAPITALIZE][/LOWERCASE][/B]</label>
                <font>Extra_Large</font>
                <textcolor>TextSelectedItem</textcolor>
                <shadowcolor>TextShadow</shadowcolor>
            </control>
            <control type="group">
                <visible>Control.IsVisible(54)</visible>
                <control type="image">
                    <left>94</left>
                    <top>790</top>
                    <width>70</width>
                    <height>70</height>
                    <texture>menu\nav\nav_arrow_left_NF.png</texture>
                    <animation effect="fade" time="600">Visible</animation>
                    <visible>!Container(54).OnPrevious</visible>
                </control>
                <control type="image">
                    <left>94</left>
                    <top>790</top>
                    <width>70</width>
                    <height>70</height>
                    <texture>menu\nav\nav_arrow_left_FO.png</texture>
                    <animation type="Hidden" reversible="false">
                        <effect type="slide" start="-15" end="0" center="auto" time="300" />
                        <effect type="fade" start="100" end="0" time="300" />
                    </animation>
                    <visible>Container(54).OnPrevious</visible>
                </control>
                <control type="image">
                    <left>1731</left>
                    <top>790</top>
                    <width>70</width>
                    <height>70</height>
                    <texture>menu\nav\nav_arrow_right_NF.png</texture>
                    <animation effect="fade" time="600">Visible</animation>
                    <visible>!Container(54).OnNext</visible>
                </control>
                <control type="image">
                    <left>1731</left>
                    <top>790</top>
                    <width>70</width>
                    <height>70</height>
                    <texture>menu\nav\nav_arrow_right_FO.png</texture>
                    <animation type="Hidden" reversible="false">
                        <effect type="slide" start="15" end="0" center="auto" time="300" />
                        <effect type="fade" start="100" end="0" time="300" />
                    </animation>
                    <visible>Container(54).OnNext</visible>
                </control>
            </control>
            <control type="label">
                <visible>!ListItem.IsParentFolder</visible>
                <left>635</left>
                <top>945</top>
                <width>1200</width>
                <align>right</align>
                <font>Medium_Large</font>
                <scroll>true</scroll>
                <label>$INFO[Container(54).CurrentItem] $LOCALIZE[20163] $INFO[Container(54).NumItems] $LOCALIZE[50129] - $LOCALIZE[50130] $INFO[Container(54).CurrentPage] $LOCALIZE[20163] $INFO[Container(54).NumPages]</label>
            </control>
        </control>
    </include>
</includes>
