<includes>
    <include name="FlagLayout">
        <left>0</left>
        <top>0</top>
        <width>82</width>
        <height>45</height>
    </include>
    <include name="MediaFlags">
        <control type="image">
            <include>FlagLayout</include>
            <texture>$INFO[ListItem.VideoAspect,flags\videoaspect\,.png]</texture>
            <visible>!String.IsEmpty(ListItem.VideoAspect)</visible>
        </control>
        <control type="image">
            <include>FlagLayout</include>
            <texture>$INFO[ListItem.VideoResolution,flags\videoresolution\,.png]</texture>
            <visible>!String.IsEmpty(ListItem.VideoResolution)</visible>
        </control>
        <control type="image">
            <include>FlagLayout</include>
            <texture>$INFO[ListItem.VideoCodec,flags\videocodec\,.png]</texture>
            <visible>!String.IsEmpty(ListItem.VideoCodec)</visible>
        </control>
        <control type="image">
            <include>FlagLayout</include>
            <texture>$INFO[ListItem.AudioChannels,flags\audiochannels\,.png]</texture>
            <visible>!String.IsEmpty(ListItem.AudioChannels)</visible>
        </control>
        <control type="image">
            <include>FlagLayout</include>
            <texture>$VAR[audioc_1]</texture>
            <visible>!String.IsEmpty(ListItem.AudioCodec)</visible>
        </control>
        <control type="image">
            <include>FlagLayout</include>
            <aspectratio aligny="center" align="center">keep</aspectratio>
            <texture>$VAR[mpaa]</texture>
            <visible>!String.IsEmpty(ListItem.MPAA)</visible>
        </control>
        <control type="image">
            <visible>!String.Contains(Control.GetLabel(358),empty.png)</visible>
            <visible>!String.Contains(ListItem.Studio,/)</visible>
            <visible>!String.IsEmpty(ListItem.Studio)</visible>
            <aspectratio align="center" aligny="center">keep</aspectratio>
            <left>1</left>
            <top>-5</top>
            <width>100</width>
            <height>50</height>
            <texture>resource://resource.images.studios.white/$INFO[ListItem.Studio,,.png]</texture>
        </control>
        <control type="textbox">
            <visible>String.Contains(Control.GetLabel(358),empty.png) | String.Contains(ListItem.Studio,/)</visible>
            <visible>!String.IsEmpty(ListItem.Studio)</visible>
            <top>1</top>
            <left>1</left>
            <width>100</width>
            <height>45</height>
            <align>center</align>
            <aligny>center</aligny>
            <label>$INFO[ListItem.Studio]</label>
            <font>Tiny</font>
        </control>
    </include>
    <include name="MediaFlagsInfo">
        <control type="image">
            <include>FlagLayout</include>
            <texture>$INFO[ListItem.VideoAspect,flags\videoaspect\,.png]</texture>
            <visible>!String.IsEmpty(ListItem.VideoAspect)</visible>
        </control>
        <control type="image">
            <include>FlagLayout</include>
            <texture>$INFO[ListItem.VideoResolution,flags\videoresolution\,.png]</texture>
            <visible>!String.IsEmpty(ListItem.VideoResolution)</visible>
        </control>
        <control type="image">
            <include>FlagLayout</include>
            <texture>$INFO[ListItem.VideoCodec,flags\videocodec\,.png]</texture>
            <visible>!String.IsEmpty(ListItem.VideoCodec)</visible>
        </control>
        <control type="image">
            <include>FlagLayout</include>
            <texture>$INFO[ListItem.AudioChannels,flags\audiochannels\,.png]</texture>
            <visible>!String.IsEmpty(ListItem.AudioChannels)</visible>
        </control>
        <control type="image">
            <include>FlagLayout</include>
            <texture>$VAR[audioc_1]</texture>
            <visible>!String.IsEmpty(ListItem.AudioCodec)</visible>
        </control>
        <control type="image">
            <include>FlagLayout</include>
            <aspectratio aligny="center" align="center">keep</aspectratio>
            <texture>$VAR[mpaa]</texture>
            <visible>!String.IsEmpty(ListItem.MPAA)</visible>
        </control>
        <control type="image">
            <visible>!String.Contains(Control.GetLabel(359),empty.png)</visible>
            <visible>!String.Contains(ListItem.Studio,/)</visible>
            <visible>!String.IsEmpty(ListItem.Studio)</visible>
            <aspectratio align="center" aligny="center">keep</aspectratio>
            <left>1</left>
            <top>-5</top>
            <width>100</width>
            <height>50</height>
            <texture>resource://resource.images.studios.white/$INFO[ListItem.Studio,,.png]</texture>
        </control>
        <control type="textbox">
            <visible>String.Contains(Control.GetLabel(359),empty.png) | String.Contains(ListItem.Studio,/)</visible>
            <visible>!String.IsEmpty(ListItem.Studio)</visible>
            <top>1</top>
            <left>1</left>
            <width>100</width>
            <height>45</height>
            <align>center</align>
            <aligny>center</aligny>
            <label>$INFO[ListItem.Studio]</label>
            <font>Tiny</font>
        </control>
    </include>
</includes>
