<window>
    <defaultcontrol></defaultcontrol>
    <include>Fade_In_WindowOpen</include>
    <include>Fade_Out_WindowClose</include>
    <controls>
        <control type="image">
            <left>0</left>
            <top>0</top>
            <width>1920</width>
            <height>1080</height>
            <texture background="true">$INFO[Player.Art(artist.fanart)]</texture>
        </control>
        <control type="visualisation" id="2">
            <description>visualisation</description>
            <left>0</left>
            <top>0</top>
            <width>1920</width>
            <height>1080</height>
        </control>
        <control type="group">
            <visible>Player.ShowInfo + !Skin.HasSetting(Hide_MusicInfo_Visualisation)</visible>
            <include>Zoom_In_WindowOpen</include>
            <include>Zoom_Out_WindowClose</include>
            <include>Fade_And_Zoom_In_Visible</include>
            <include>Fade_And_Zoom_Out_Hidden</include>
            <left>351</left>
            <top>564</top>
            <control type="image">
                <left>0</left>
                <top>0</top>
                <width>1218</width>
                <height>267</height>
                <texture border="15,15,15,15">menu\fullscreen\info-popup-panel-fullscreen.png</texture>
                <colordiffuse>InfoPanelDiffuse</colordiffuse>
            </control>
            <control type="image">
                <left>15</left>
                <top>15</top>
                <width>237</width>
                <height>237</height>
                <aspectratio align="center" scalediffuse="false">scale</aspectratio>
                <texture diffuse="iconview-diffuse.png" />
                <info>MusicPlayer.Cover</info>
            </control>
            <control type="image">
                <left>15</left>
                <top>15</top>
                <width>237</width>
                <height>237</height>
                <texture>iconview-overlay.png</texture>
            </control>
            <control type="label">
                <left>282</left>
                <top>30</top>
                <width>690</width>
                <height>45</height>
                <font>Library_Bold_24</font>
                <textcolor>TextGrey</textcolor>
                <align>left</align>
                <label>$INFO[MusicPlayer.Title]</label>
                <scroll>true</scroll>
            </control>
            <control type="image">
                <left>987</left>
                <top>44</top>
                <width>216</width>
                <height>34</height>
                <texture>$INFO[MusicPlayer.UserRating]rating.png</texture>
            </control>
            <control type="label">
                <left>282</left>
                <top>84</top>
                <width>936</width>
                <height>45</height>
                <font>Library_Normal_24</font>
                <textcolor>TextGrey</textcolor>
                <label>$INFO[MusicPlayer.Artist]</label>
                <scroll>true</scroll>
            </control>
            <control type="label">
                <left>282</left>
                <top>135</top>
                <width>936</width>
                <height>45</height>
                <font>Library_Light_24</font>
                <textcolor>TextGrey</textcolor>
                <label>$INFO[MusicPlayer.Album]$INFO[MusicPlayer.Year, (,)]</label>
                <scroll>true</scroll>
            </control>
            <control type="label">
                <left>282</left>
                <top>206</top>
                <width>255</width>
                <height>45</height>
                <font>Library_Bold_22</font>
                <textcolor>TextGrey</textcolor>
                <label>$INFO[MusicPlayer.PlaylistPosition,$LOCALIZE[554] ]$INFO[MusicPlayer.PlaylistLength, $LOCALIZE[20163] ]</label>
            </control>
            <control type="label">
                <left>550</left>
                <top>208</top>
                <width>640</width>
                <height>45</height>
                <font>Library_Light_22</font>
                <textcolor>TextGrey</textcolor>
                <label>[B]$LOCALIZE[50128]:[/B] $INFO[MusicPlayer.Offset(1).Artist,, - ]$INFO[MusicPlayer.Offset(1).Title]</label>
                <align>left</align>
                <scroll>true</scroll>
            </control>
        </control>
        <include>Debug</include>
    </controls>
</window>
