<window>
    <defaultcontrol always="true">50</defaultcontrol>
    <views>50</views>
    <controls>
        <!-- Backgrounds -->
        <include>Background</include>
        <!-- Elipsis Visor -->
        <include>Visor_Filter</include>
        <control type="group">
            <include>Fade_In_WindowOpen</include>
            <include>Fade_Out_WindowClose</include>
            <control type="group">
                <include>Zoom_In_WindowOpen</include>
                <include>Zoom_Out_WindowClose</include>
                <left>12</left>
                <top>106</top>
                <width>800</width>
                <height>923</height>
                <control type="label">
                    <description>Files directory text label left</description>
                    <align>left</align>
                    <left>50</left>
                    <top>8</top>
                    <width>705</width>
                    <label>10129</label>
                    <font>Large</font>
                    <textcolor>Highlight</textcolor>
                </control>
                <control type="list" id="50">
                    <animation effect="fade" start="100" end="40" condition="!Control.HasFocus(50) + !Control.HasFocus(65)">Conditional</animation>
                    <left>38</left>
                    <top>75</top>
                    <width>705</width>
                    <height>759</height>
                    <onleft>ActivateWindow(1203)</onleft>
                    <onright>65</onright>
                    <onup>50</onup>
                    <ondown>50</ondown>
                    <pagecontrol>65</pagecontrol>
                    <scrolltime>200</scrolltime>
                    <itemlayout height="69">
                        <control type="image">
                            <left>0</left>
                            <top>0</top>
                            <width>705</width>
                            <height>69</height>
                            <texture border="4,5,6,8">controls\button_nf.png</texture>
                        </control>
                        <control type="image">
                            <left>15</left>
                            <top>6</top>
                            <width>52</width>
                            <height>52</height>
                            <texture>$INFO[ListItem.Icon]</texture>
                        </control>
                        <control type="label">
                            <left>82</left>
                            <top>6</top>
                            <width>610</width>
                            <height>52</height>
                            <font>Default</font>
                            <aligny>center</aligny>
                            <selectedcolor>Highlight</selectedcolor>
                            <textcolor>Text</textcolor>
                            <align>left</align>
                            <label>$INFO[ListItem.Label] [COLOR=TextMedium]$INFO[ListItem.Label2, - ,][/COLOR]</label>
                        </control>
                    </itemlayout>
                    <focusedlayout height="69" width="705">
                        <control type="image">
                            <left>0</left>
                            <top>0</top>
                            <width>705</width>
                            <height>69</height>
                            <texture border="4,5,6,8">controls\button_nf.png</texture>
                            <visible>!Control.HasFocus(50)</visible>
                        </control>
                        <control type="image">
                            <left>0</left>
                            <top>0</top>
                            <width>705</width>
                            <height>69</height>
                            <texture border="4,5,6,8">controls\button_f.png</texture>
                            <visible>Control.HasFocus(50)</visible>
                        </control>
                        <control type="image">
                            <left>15</left>
                            <top>6</top>
                            <width>52</width>
                            <height>52</height>
                            <texture>$INFO[ListItem.Icon]</texture>
                        </control>
                        <control type="label">
                            <left>82</left>
                            <top>6</top>
                            <width>610</width>
                            <height>52</height>
                            <font>Default</font>
                            <aligny>center</aligny>
                            <selectedcolor>Highlight</selectedcolor>
                            <textcolor>Text</textcolor>
                            <align>left</align>
                            <label>$INFO[ListItem.Label] [COLOR=TextMedium]$INFO[ListItem.Label2, - ,][/COLOR]</label>
                        </control>
                    </focusedlayout>
                </control>
                <control type="label">
                    <description>number of files in left list text label</description>
                    <align>left</align>
                    <left>50</left>
                    <top>848</top>
                    <width>705</width>
                    <label>($INFO[Container(50).NumItems]$LOCALIZE[50104]$INFO[Container(50).CurrentPage]/$INFO[Container(50).NumPages])</label>
                    <font>Medium_Large</font>
                    <textcolor>Text</textcolor>
                </control>
                <control type="image">
                    <left>742</left>
                    <top>20</top>
                    <width>54</width>
                    <height>54</height>
                    <texture>menu\nav\nav_arrow_up_NF.png</texture>
                    <animation effect="fade" time="600">Visible</animation>
                    <visible>!Container(50).OnPrevious</visible>
                </control>
                <control type="image">
                    <left>742</left>
                    <top>20</top>
                    <width>60</width>
                    <height>60</height>
                    <texture>menu\nav\nav_arrow_up_FO.png</texture>
                    <animation type="Hidden" reversible="false">
                        <effect type="slide" start="0,-15" end="0" center="auto" time="300" />
                        <effect type="fade" start="100" end="0" time="300" />
                    </animation>
                    <visible>Container(50).OnPrevious</visible>
                </control>
                <control type="scrollbar" id="65">
                    <left>762</left>
                    <height>752</height>
                    <top>77</top>
                    <width>14</width>
                    <onleft>50</onleft>
                    <onright>100</onright>
                </control>
                <control type="image">
                    <left>742</left>
                    <top>830</top>
                    <width>54</width>
                    <height>54</height>
                    <texture>menu\nav\nav_arrow_down_NF.png</texture>
                    <animation effect="fade" time="600">Visible</animation>
                    <visible>!Container(50).OnNext</visible>
                </control>
                <control type="image">
                    <left>742</left>
                    <top>830</top>
                    <width>54</width>
                    <height>54</height>
                    <texture>menu\nav\nav_arrow_down_FO.png</texture>
                    <animation type="Hidden" reversible="false">
                        <effect type="slide" start="0,15" end="0" center="auto" time="300" />
                        <effect type="fade" start="100" end="0" time="300" />
                    </animation>
                    <visible>Container(50).OnNext</visible>
                </control>
            </control>
            <control type="group">
                <include>Zoom_In_WindowOpen</include>
                <include>Zoom_Out_WindowClose</include>
                <control type="group">
                    <visible>Control.HasFocus(50) | Control.HasFocus(65)</visible>
                    <control type="image">
                        <left>816</left>
                        <top>240</top>
                        <width>288</width>
                        <height>288</height>
                        <aspectratio align="center" scalediffuse="false">scale</aspectratio>
                        <texture diffuse="iconview-diffuse.png">$INFO[Container(50).ListItem.Icon]</texture>
                    </control>
                    <control type="label">
                        <left>816</left>
                        <top>570</top>
                        <width>288</width>
                        <height>30</height>
                        <font>Medium</font>
                        <align>center</align>
                        <textcolor>Text</textcolor>
                        <label>$INFO[Container(50).ListItem.Title]</label>
                        <scroll>true</scroll>
                    </control>
                    <control type="label">
                        <left>816</left>
                        <top>615</top>
                        <width>288</width>
                        <height>30</height>
                        <font>Heading_Small</font>
                        <align>center</align>
                        <textcolor>Text</textcolor>
                        <label>$INFO[Container(50).ListItem.Artist]</label>
                        <scroll>true</scroll>
                    </control>
                    <control type="label">
                        <left>816</left>
                        <top>660</top>
                        <width>288</width>
                        <height>30</height>
                        <font>Medium</font>
                        <align>center</align>
                        <textcolor>Text</textcolor>
                        <label>$INFO[Container(50).ListItem.Album]</label>
                        <scroll>true</scroll>
                    </control>
                    <control type="label">
                        <left>816</left>
                        <top>705</top>
                        <width>288</width>
                        <height>30</height>
                        <font>Medium</font>
                        <align>center</align>
                        <textcolor>Text</textcolor>
                        <label>$INFO[Container(50).ListItem.Duration]</label>
                        <scroll>true</scroll>
                    </control>
                    <control type="label">
                        <left>816</left>
                        <top>750</top>
                        <width>288</width>
                        <height>30</height>
                        <font>Medium</font>
                        <align>center</align>
                        <textcolor>Text</textcolor>
                        <label>$INFO[Container(50).ListItem.TrackNumber]</label>
                        <scroll>true</scroll>
                    </control>
                    <control type="label">
                        <left>816</left>
                        <top>795</top>
                        <width>288</width>
                        <height>30</height>
                        <font>Medium</font>
                        <align>center</align>
                        <textcolor>Text</textcolor>
                        <label>$INFO[Container(50).ListItem.Genre]</label>
                        <scroll>true</scroll>
                    </control>
                </control>
                <control type="group">
                    <visible>Control.HasFocus(100) | Control.HasFocus(71)</visible>
                    <control type="image">
                        <left>816</left>
                        <top>240</top>
                        <width>288</width>
                        <height>288</height>
                        <aspectratio align="center" scalediffuse="false">scale</aspectratio>
                        <texture diffuse="iconview-diffuse.png">$INFO[Container(100).ListItem.Icon]</texture>
                    </control>
                    <control type="label">
                        <left>816</left>
                        <top>570</top>
                        <width>288</width>
                        <height>30</height>
                        <font>Medium</font>
                        <align>center</align>
                        <textcolor>Text</textcolor>
                        <label>$INFO[Container(100).ListItem.Title]</label>
                        <scroll>true</scroll>
                    </control>
                    <control type="label">
                        <left>816</left>
                        <top>615</top>
                        <width>288</width>
                        <height>30</height>
                        <font>Heading_Small</font>
                        <align>center</align>
                        <textcolor>Text</textcolor>
                        <label>$INFO[Container(100).ListItem.Artist]</label>
                        <scroll>true</scroll>
                    </control>
                    <control type="label">
                        <left>816</left>
                        <top>660</top>
                        <width>288</width>
                        <height>30</height>
                        <font>Medium</font>
                        <align>center</align>
                        <textcolor>Text</textcolor>
                        <label>$INFO[Container(100).ListItem.Album]</label>
                        <scroll>true</scroll>
                    </control>
                    <control type="label">
                        <left>816</left>
                        <top>705</top>
                        <width>288</width>
                        <height>30</height>
                        <font>Medium</font>
                        <align>center</align>
                        <textcolor>Text</textcolor>
                        <label>$INFO[Container(100).ListItem.Duration]</label>
                        <scroll>true</scroll>
                    </control>
                    <control type="label">
                        <left>816</left>
                        <top>750</top>
                        <width>288</width>
                        <height>30</height>
                        <font>Medium</font>
                        <align>center</align>
                        <textcolor>Text</textcolor>
                        <label>$INFO[Container(100).ListItem.TrackNumber]</label>
                        <scroll>true</scroll>
                    </control>
                    <control type="label">
                        <left>816</left>
                        <top>795</top>
                        <width>288</width>
                        <height>30</height>
                        <font>Medium</font>
                        <align>center</align>
                        <textcolor>Text</textcolor>
                        <label>$INFO[Container(100).ListItem.Genre]</label>
                        <scroll>true</scroll>
                    </control>
                </control>
            </control>
            <control type="group">
                <include>Zoom_In_WindowOpen</include>
                <include>Zoom_Out_WindowClose</include>
                <left>1092</left>
                <top>106</top>
                <width>800</width>
                <height>923</height>
                <control type="label">
                    <description>Playlist directory text label right</description>
                    <align>right</align>
                    <left>38</left>
                    <top>8</top>
                    <width>700</width>
                    <label>559</label>
                    <font>Large</font>
                    <textcolor>Highlight</textcolor>
                </control>
                <control type="list" id="100">
                    <animation effect="fade" start="100" end="40" condition="!Control.HasFocus(100) + !Control.HasFocus(71)">Conditional</animation>
                    <left>48</left>
                    <top>75</top>
                    <width>705</width>
                    <height>759</height>
                    <onleft>50</onleft>
                    <onright>71</onright>
                    <onup>100</onup>
                    <ondown>100</ondown>
                    <pagecontrol>71</pagecontrol>
                    <scrolltime>200</scrolltime>
                    <itemlayout height="69">
                        <control type="image">
                            <left>0</left>
                            <top>0</top>
                            <width>705</width>
                            <height>69</height>
                            <texture border="4,5,6,8">controls\button_nf.png</texture>
                        </control>
                        <control type="image">
                            <left>15</left>
                            <top>6</top>
                            <width>52</width>
                            <height>52</height>
                            <texture>$INFO[ListItem.Icon]</texture>
                        </control>
                        <control type="label">
                            <left>82</left>
                            <top>6</top>
                            <width>610</width>
                            <height>52</height>
                            <font>Default</font>
                            <aligny>center</aligny>
                            <selectedcolor>Highlight</selectedcolor>
                            <textcolor>Text</textcolor>
                            <align>left</align>
                            <label>$INFO[ListItem.Label] [COLOR=TextMedium]$INFO[ListItem.Label2, - ,][/COLOR]</label>
                        </control>
                    </itemlayout>
                    <focusedlayout height="69">
                        <control type="image">
                            <left>0</left>
                            <top>0</top>
                            <width>705</width>
                            <height>69</height>
                            <texture border="4,5,6,8">controls\button_nf.png</texture>
                            <visible>!Control.HasFocus(100)</visible>
                        </control>
                        <control type="image">
                            <left>0</left>
                            <top>0</top>
                            <width>705</width>
                            <height>69</height>
                            <texture border="4,5,6,8">controls\button_f.png</texture>
                            <visible>Control.HasFocus(100)</visible>
                        </control>
                        <control type="image">
                            <left>15</left>
                            <top>6</top>
                            <width>52</width>
                            <height>52</height>
                            <texture>$INFO[ListItem.Icon]</texture>
                        </control>
                        <control type="label">
                            <left>82</left>
                            <top>6</top>
                            <width>610</width>
                            <height>52</height>
                            <font>Default</font>
                            <aligny>center</aligny>
                            <selectedcolor>Highlight</selectedcolor>
                            <textcolor>Text</textcolor>
                            <align>left</align>
                            <label>$INFO[ListItem.Label] [COLOR=TextMedium]$INFO[ListItem.Label2, - ,][/COLOR]</label>
                        </control>
                    </focusedlayout>
                </control>
                <control type="label">
                    <description>number of files in right list text label</description>
                    <align>right</align>
                    <left>43</left>
                    <top>848</top>
                    <width>705</width>
                    <label>($INFO[Container(100).NumItems]$LOCALIZE[50104]$INFO[Container(100).CurrentPage]/$INFO[Container(100).NumPages])</label>
                    <font>Medium_Large</font>
                    <textcolor>Text</textcolor>
                </control>
                <control type="group">
                    <left>12</left>
                    <control type="image">
                        <left>742</left>
                        <top>20</top>
                        <width>54</width>
                        <height>54</height>
                        <texture>menu\nav\nav_arrow_up_NF.png</texture>
                        <animation effect="fade" time="600">Visible</animation>
                        <visible>!Container(100).OnPrevious</visible>
                    </control>
                    <control type="image">
                        <left>742</left>
                        <top>20</top>
                        <width>60</width>
                        <height>60</height>
                        <texture>menu\nav\nav_arrow_up_FO.png</texture>
                        <animation type="Hidden" reversible="false">
                            <effect type="slide" start="0,-15" end="0" center="auto" time="300" />
                            <effect type="fade" start="100" end="0" time="300" />
                        </animation>
                        <visible>Container(100).OnPrevious</visible>
                    </control>
                    <control type="scrollbar" id="71">
                        <left>762</left>
                        <height>752</height>
                        <top>77</top>
                        <width>14</width>
                        <onleft>100</onleft>
                        <onright>ActivateWindow(1203)</onright>
                    </control>
                    <control type="image">
                        <left>742</left>
                        <top>830</top>
                        <width>54</width>
                        <height>54</height>
                        <texture>menu\nav\nav_arrow_down_NF.png</texture>
                        <animation effect="fade" time="600">Visible</animation>
                        <visible>!Container(100).OnNext</visible>
                    </control>
                    <control type="image">
                        <left>742</left>
                        <top>830</top>
                        <width>54</width>
                        <height>54</height>
                        <texture>menu\nav\nav_arrow_down_FO.png</texture>
                        <animation type="Hidden" reversible="false">
                            <effect type="slide" start="0,15" end="0" center="auto" time="300" />
                            <effect type="fade" start="100" end="0" time="300" />
                        </animation>
                        <visible>Container(100).OnNext</visible>
                    </control>
                </control>
            </control>
        </control>
        <!-- Edge Filter -->
        <include>Edge_Filter</include>
        <!-- Clock -->
        <include>Clock</include>
        <!-- Now Playing Widget -->
        <include>Now_Playing_Widget</include>
        <!-- Elipsis Button -->
        <control type="group">
            <left>960</left>
            <top>1080</top>
            <include>Dock_Elipsis_Home</include>
        </control>
        <include>Debug</include>
    </controls>
</window>
