<window>
    <defaultcontrol always="true">50</defaultcontrol>
    <views>50,51,57,58</views>
    <onload condition="String.Contains(Container.Viewmode,$LOCALIZE[50139]) + !Integer.IsGreater(Container.CurrentItem,2)">Control.SetFocus(51,2,absolute)</onload>
    <controls>
        <include>Background</include>
        <!-- Elipsis Visor -->
        <include>Visor_Filter</include>
        <!-- Edge Filter -->
        <include>Edge_Filter</include>
        <include>Picture_Views</include>
        <!-- Clock -->
        <include>Clock</include>
        <!-- Folder Name -->
        <include>FolderName</include>
        <!-- Now Playing Widget -->
        <include>Now_Playing_Widget</include>
        <!-- Elipsis Button -->
        <control type="group">
            <left>960</left>
            <top>1080</top>
            <include>Dock_Elipsis_Home</include>
        </control>
        <include>Debug</include>
    </controls>
</window>
