<window>
    <defaultcontrol always="true">59</defaultcontrol>
    <views>59</views>
    <controls>
        <include>Background</include>
        <!-- Elipsis Visor -->
        <include>Visor_Filter</include>
        <!-- Edge Filter -->
        <include>Edge_Filter</include>
        <include>List_View_Media</include>
        <!-- Clock -->
        <include>Clock</include>
        <!-- Folder Name -->
        <include>FolderName</include>
        <!-- Now Playing Widget -->
        <include>Now_Playing_Widget</include>
        <!-- Elipsis Button -->
        <control type="group">
            <left>960</left>
            <top>1080</top>
            <include>Dock_Elipsis_Home</include>
        </control>
        <include>Debug</include>
    </controls>
</window>
