<window>
    <defaultcontrol>68</defaultcontrol>
    <views>68</views>
    <controls>
        <include>Background</include>
        <!-- Elipsis Visor -->
        <include>Visor_Filter</include>
        <!-- Edge Filter -->
        <include>Edge_Filter</include>
        <include>PVR_SearchViews</include>
        <!-- Clock -->
        <include>Clock</include>
        <!-- Elipsis Button -->
        <control type="group">
            <left>960</left>
            <top>1080</top>
            <include>Dock_Elipsis_Home</include>
        </control>
        <include>Debug</include>
    </controls>
</window>
