<window>
    <defaultcontrol always="true">50</defaultcontrol>
    <views>50,51,53,55,58,59,62</views>
    <controls>
        <include>Background</include>
        <!-- Elipsis Visor -->
        <include>Visor_Filter</include>
        <!-- Edge Filter -->
        <include>Edge_Filter</include>
        <include>Video_Library_Views</include>
        <!-- Clock -->
        <include>Clock</include>
        <!-- Folder Name -->
        <include>CurrentSection</include>
        <!-- Now Playing Widget -->
        <include>Now_Playing_Widget</include>
        <!-- Elipsis Button -->
        <control type="group">
            <left>960</left>
            <top>1080</top>
            <include>Dock_Elipsis_Home</include>
        </control>
        <control type="image">
            <width>1920</width>
            <height>1080</height>
            <texture>filter_dockshadow2.png</texture>
            <visible>Window.IsActive(1201)</visible>
            <animation effect="fade" time="200">Visible</animation>
            <animation effect="fade" time="300">Hidden</animation>
        </control>
        <control type="button" id="10">
            <left>0</left>
            <top>0</top>
            <height>15</height>
            <width>15</width>
            <label />
            <visible>false</visible>
        </control>
        <control type="label">
            <top>840</top>
            <width>1920</width>
            <align>center</align>
            <font>Selected_Item_Upper</font>
            <label>$LOCALIZE[50178]$INFO[Control.GetLabel(10)]</label>
            <visible>Window.IsActive(1201)</visible>
            <visible>String.Contains(Window(home).Property(ItemDock),recordings_filter)</visible>
        </control>
        <control type="radiobutton" id="19">
            <left>0</left>
            <top>0</top>
            <height>15</height>
            <width>15</width>
            <label />
            <visible>false</visible>
        </control>
        <include>Debug</include>
    </controls>
</window>
