<window type="dialog">
    <defaultcontrol always="true">99</defaultcontrol>
    <include>Fade_In_WindowOpen</include>
    <include>Fade_Out_WindowClose</include>
    <coordinates>
        <system>1</system>
        <left>0</left>
        <top>0</top>
    </coordinates>
    <controls>
        <control type="button" id="99">
            <left>-30</left>
            <top>-30</top>
            <width>1</width>
            <height>1</height>
            <label />
            <texturenofocus />
            <texturefocus />
            <onfocus>SetFocus(100)</onfocus>
        </control>
        <control type="image">
            <left>0</left>
            <top>0</top>
            <width>1920</width>
            <height>1080</height>
            <texture>filter_keyboard_shadow.png</texture>
        </control>
        <control type="group">
            <left>292</left>
            <top>118</top>
            <width>1335</width>
            <height>842</height>
            <include>Zoom_In_WindowOpen</include>
            <include>Zoom_Out_WindowClose</include>
            <control type="image">
                <left>0</left>
                <top>0</top>
                <width>1335</width>
                <height>842</height>
                <texture>dialogs\dialog-background-nav.png</texture>
            </control>
            <control type="image">
                <left>0</left>
                <top>0</top>
                <width>1335</width>
                <height>842</height>
                <texture>menu\nav\nav_tbb_spatter.png</texture>
                <animation effect="fade" time="300">Visible</animation>
                <animation effect="fade" time="300">Hidden</animation>
                <visible>Container(500).HasFocus(3)</visible>
            </control>
            <control type="wraplist" id="500">
                <left>0</left>
                <top>0</top>
                <width>0</width>
                <height>0</height>
                <pagecontrol />
                <orientation>horizontal</orientation>
                <scrolltime>300</scrolltime>
                <visible>false</visible>
                <itemlayout />
                <focusedlayout />
                <content>
                    <item id="1">
                        <onclick />
                    </item>
                    <item id="2">
                        <onclick />
                    </item>
                    <item id="3">
                        <onclick />
                    </item>
                </content>
            </control>
            <control type="image">
                <left>42</left>
                <top>374</top>
                <width>96</width>
                <height>96</height>
                <texture>menu\nav\nav_arrow_left_NF.png</texture>
                <animation effect="fade" time="600">Visible</animation>
                <visible>!Container(500).OnPrevious</visible>
            </control>
            <control type="image">
                <left>42</left>
                <top>374</top>
                <width>96</width>
                <height>96</height>
                <texture>menu\nav\nav_arrow_left_FO.png</texture>
                <animation type="Hidden" reversible="false">
                    <effect type="slide" start="-15" end="0" center="auto" time="300" />
                    <effect type="fade" start="100" end="0" time="300" />
                </animation>
                <visible>Container(500).OnPrevious</visible>
            </control>
            <control type="image">
                <left>1197</left>
                <top>374</top>
                <width>96</width>
                <height>96</height>
                <texture>menu\nav\nav_arrow_right_NF.png</texture>
                <animation effect="fade" time="600">Visible</animation>
                <visible>!Container(500).OnNext</visible>
            </control>
            <control type="image">
                <left>1197</left>
                <top>374</top>
                <width>96</width>
                <height>96</height>
                <texture>menu\nav\nav_arrow_right_FO.png</texture>
                <animation type="Hidden" reversible="false">
                    <effect type="slide" start="15" end="0" center="auto" time="300" />
                    <effect type="fade" start="100" end="0" time="300" />
                </animation>
                <visible>Container(500).OnNext</visible>
            </control>
            <control type="group">
                <visible>Container(500).HasFocus(1)</visible>
                <animation effect="fade" time="300">Visible</animation>
                <animation effect="fade" time="300">Hidden</animation>
                <control type="image">
                    <left>610</left>
                    <top>70</top>
                    <width>128</width>
                    <height>128</height>
                    <texture>menu\nav\icon-nav.png</texture>
                </control>
                <control type="image">
                    <left>610</left>
                    <top>70</top>
                    <width>128</width>
                    <height>128</height>
                    <texture>menu\nav\icon-nav.png</texture>
                </control>
                <control type="image">
                    <left>573</left>
                    <top>650</top>
                    <width>190</width>
                    <height>48</height>
                    <texture>menu\nav\tab1.png</texture>
                </control>
                <control type="textbox">
                    <left>660</left>
                    <top>228</top>
                    <width>525</width>
                    <height>294</height>
                    <align>left</align>
                    <font>Medium</font>
                    <label>$LOCALIZE[50107]</label>
                    <textcolor>Text</textcolor>
                    <autoscroll delay="3000" time="1000" repeat="5000" />
                </control>
                <control type="image">
                    <visible>system.getbool(lookandfeel.enablerssfeeds)</visible>
                    <left>63</left>
                    <top>555</top>
                    <width>1209</width>
                    <height>76</height>
                    <texture>menu\nav\rss_frame.png</texture>
                </control>
                <control type="rss">
                    <description>rss feed</description>
                    <visible>system.getbool(lookandfeel.enablerssfeeds)</visible>
                    <left>160</left>
                    <top>570</top>
                    <width>1080</width>
                    <font>RSS_Feed</font>
                    <urlset>1</urlset>
                    <textcolor>99FFFFFF</textcolor>
                    <titlecolor>BBFFFFFF</titlecolor>
                    <headlinecolor>RSSHomeHeadline</headlinecolor>
                </control>
            </control>
            <control type="group">
                <visible>Container(500).HasFocus(2)</visible>
                <animation effect="fade" time="300">Visible</animation>
                <animation effect="fade" time="300">Hidden</animation>
                <control type="image">
                    <left>620</left>
                    <top>62</top>
                    <width>96</width>
                    <height>96</height>
                    <texture>menu\nav\icon-sysinfo.png</texture>
                </control>
                <control type="label">
                    <left>0</left>
                    <top>158</top>
                    <width>1335</width>
                    <align>center</align>
                    <font>Heading</font>
                    <label>$LOCALIZE[50109]</label>
                    <textcolor>Text</textcolor>
                </control>
                <control type="image">
                    <left>573</left>
                    <top>650</top>
                    <width>190</width>
                    <height>48</height>
                    <texture>menu\nav\tab2.png</texture>
                </control>
                <control type="image">
                    <left>150</left>
                    <top>225</top>
                    <width>96</width>
                    <height>96</height>
                    <texture>dialogs\internet-nav-icon.png</texture>
                </control>
                <control type="label">
                    <left>270</left>
                    <top>225</top>
                    <width>350</width>
                    <height>96</height>
                    <align>left</align>
                    <aligny>center</aligny>
                    <font>Seek</font>
                    <label>$LOCALIZE[50110] $INFO[network.ipaddress]</label>
                    <textcolor>Text</textcolor>
                </control>
                <control type="image">
                    <left>150</left>
                    <top>330</top>
                    <width>96</width>
                    <height>96</height>
                    <texture>dialogs\internet-nav-icon.png</texture>
                </control>
                <control type="fadelabel">
                    <left>270</left>
                    <top>330</top>
                    <width>350</width>
                    <height>96</height>
                    <align>left</align>
                    <aligny>center</aligny>
                    <font>Seek</font>
                    <label>$LOCALIZE[50111] $INFO[system.internetstate]</label>
                    <textcolor>Text</textcolor>
                    <scrollout>false</scrollout>
                </control>
                <control type="image">
                    <left>150</left>
                    <top>435</top>
                    <width>96</width>
                    <height>96</height>
                    <texture>dialogs\resolution-nav-icon.png</texture>
                </control>
                <control type="label">
                    <left>270</left>
                    <top>435</top>
                    <width>350</width>
                    <height>96</height>
                    <align>left</align>
                    <aligny>center</aligny>
                    <font>Seek</font>
                    <label>$LOCALIZE[50112]$INFO[system.screenwidth] $LOCALIZE[50113] $INFO[system.screenheight]</label>
                    <textcolor>Text</textcolor>
                </control>
                <control type="image">
                    <left>668</left>
                    <top>225</top>
                    <width>96</width>
                    <height>96</height>
                    <texture>dialogs\ram-nav-icon.png</texture>
                </control>
                <control type="label">
                    <left>788</left>
                    <top>225</top>
                    <width>350</width>
                    <height>96</height>
                    <align>left</align>
                    <aligny>center</aligny>
                    <font>Seek</font>
                    <label>$LOCALIZE[50114]$INFO[System.FreeMemory]</label>
                    <textcolor>Text</textcolor>
                </control>
                <control type="image">
                    <left>668</left>
                    <top>330</top>
                    <width>96</width>
                    <height>96</height>
                    <texture>dialogs\cpu-nav-icon.png</texture>
                </control>
                <control type="label">
                    <left>788</left>
                    <top>330</top>
                    <width>350</width>
                    <height>96</height>
                    <align>left</align>
                    <aligny>center</aligny>
                    <font>Seek</font>
                    <label>$LOCALIZE[50115] $INFO[System.CpuUsage]</label>
                    <textcolor>Text</textcolor>
                </control>
                <control type="image">
                    <left>668</left>
                    <top>435</top>
                    <width>96</width>
                    <height>96</height>
                    <texture>dialogs\uptime-nav-icon.png</texture>
                </control>
                <control type="label">
                    <left>788</left>
                    <top>435</top>
                    <width>350</width>
                    <height>96</height>
                    <align>left</align>
                    <aligny>center</aligny>
                    <font>Seek</font>
                    <label>$LOCALIZE[50116]$INFO[system.uptime]</label>
                    <textcolor>Text</textcolor>
                </control>
                <control type="image">
                    <left>588</left>
                    <top>550</top>
                    <width>150</width>
                    <height>45</height>
                    <texture>menu\nav\kodilogo_nav.png</texture>
                </control>
                <control type="label">
                    <description>Kodi XBE BUILD Version</description>
                    <left>100</left>
                    <top>600</top>
                    <width>1135</width>
                    <label>$INFO[system.buildversion] $LOCALIZE[50117] $INFO[system.builddate])</label>
                    <textcolor>Text</textcolor>
                    <font>Medium_Bold</font>
                    <align>center</align>
                </control>
            </control>
            <control type="group">
                <visible>Container(500).HasFocus(3)</visible>
                <animation effect="fade" time="300">Visible</animation>
                <animation effect="fade" time="300">Hidden</animation>
                <control type="image">
                    <left>340</left>
                    <top>70</top>
                    <width>656</width>
                    <height>125</height>
                    <aspectratio>keep</aspectratio>
                    <texture>menu\nav\tbb_navtitle.png</texture>
                </control>
                <control type="image">
                    <left>573</left>
                    <top>650</top>
                    <width>190</width>
                    <height>48</height>
                    <texture>menu\nav\tab3.png</texture>
                </control>
                <control type="textbox">
                    <left>150</left>
                    <top>205</top>
                    <width>750</width>
                    <height>405</height>
                    <textcolor>Text</textcolor>
                    <font>Default</font>
                    <align>center</align>
                    <label>$LOCALIZE[50103][CR][CR]$LOCALIZE[50175]</label>
                    <autoscroll delay="8000" time="2000" repeat="10000" />
                </control>
                <control type="image">
                    <left>935</left>
                    <top>310</top>
                    <width>230</width>
                    <height>230</height>
                    <texture>donate_ellipsisui.png</texture>
                </control>
            </control>
            <control type="list" id="100">
                <left>150</left>
                <top>225</top>
                <width>480</width>
                <height>312</height>
                <onup>100</onup>
                <ondown condition="Player.HasMedia">203</ondown>
                <ondown condition="!Player.HasMedia">100</ondown>
                <onleft>Control.Move(500,-1)</onleft>
                <onright>Control.Move(500,1)</onright>
                <itemlayout width="480" height="78">
                    <control type="image">
                        <visible>Container(500).HasFocus(1)</visible>
                        <left>0</left>
                        <top>0</top>
                        <width>480</width>
                        <height>69</height>
                        <texture border="4,5,6,8">controls\button_nf.png</texture>
                    </control>
                    <control type="label">
                        <visible>Container(500).HasFocus(1)</visible>
                        <left>15</left>
                        <top>0</top>
                        <width>450</width>
                        <height>69</height>
                        <aligny>center</aligny>
                        <info>ListItem.Label</info>
                        <selectedcolor>Text</selectedcolor>
                        <font>Default</font>
                    </control>
                </itemlayout>
                <focusedlayout width="480" height="78">
                    <control type="image">
                        <visible>Container(500).HasFocus(1)</visible>
                        <left>0</left>
                        <top>0</top>
                        <width>480</width>
                        <height>69</height>
                        <texture border="4,5,6,8">controls\button_f.png</texture>
                        <visible>Control.HasFocus(100)</visible>
                    </control>
                    <control type="image">
                        <visible>Container(500).HasFocus(1)</visible>
                        <left>0</left>
                        <top>0</top>
                        <width>480</width>
                        <height>69</height>
                        <texture border="4,5,6,8">controls\button_nf.png</texture>
                        <visible>!Control.HasFocus(100)</visible>
                    </control>
                    <control type="label">
                        <visible>Container(500).HasFocus(1)</visible>
                        <left>15</left>
                        <top>0</top>
                        <width>450</width>
                        <height>69</height>
                        <aligny>center</aligny>
                        <info>ListItem.Label</info>
                        <selectedcolor>Text</selectedcolor>
                        <font>Default</font>
                    </control>
                </focusedlayout>
                <content>
                    <item>
                        <label>$LOCALIZE[50067]</label>
                        <onclick condition="Container(500).HasFocus(1)">Dialog.Close(114)</onclick>
                        <onclick condition="Container(500).HasFocus(1)">ActivateWindow(Videos,TvShowTitles)</onclick>
                    </item>
                    <item>
                        <label>$LOCALIZE[2]</label>
                        <onclick>Dialog.Close(114)</onclick>
                        <onclick>ActivateWindow(Music)</onclick>
                        <visible>Container(500).HasFocus(1)</visible>
                    </item>
                    <item>
                        <label>$LOCALIZE[10004]</label>
                        <onclick>Dialog.Close(114)</onclick>
                        <onclick>ActivateWindow(Settings)</onclick>
                        <visible>Container(500).HasFocus(1)</visible>
                    </item>
                    <item>
                        <label>$LOCALIZE[470]  (Frodo - 2012)</label>
                        <onclick>Dialog.Close(114)</onclick>
                        <onclick>ActivateWindow(1204)</onclick>
                        <visible>Container(500).HasFocus(1)</visible>
                    </item>
                </content>
            </control>
            <control type="group">
                <visible>!Player.HasMedia</visible>
                <control type="image">
                    <left>62</left>
                    <top>702</top>
                    <width>96</width>
                    <height>96</height>
                    <texture>menu\nav\nav_player_skipback_DE.png</texture>
                </control>
                <control type="image">
                    <left>248</left>
                    <top>702</top>
                    <width>96</width>
                    <height>96</height>
                    <texture>menu\nav\nav_player_rewind_DE.png</texture>
                </control>
                <control type="image">
                    <left>434</left>
                    <top>702</top>
                    <width>96</width>
                    <height>96</height>
                    <texture>menu\nav\nav_player_stop_DE.png</texture>
                </control>
                <control type="image">
                    <left>620</left>
                    <top>702</top>
                    <width>96</width>
                    <height>96</height>
                    <texture>menu\nav\nav_player_play_DE.png</texture>
                </control>
                <control type="image">
                    <left>806</left>
                    <top>702</top>
                    <width>96</width>
                    <height>96</height>
                    <texture>menu\nav\nav_player_fforward_DE.png</texture>
                </control>
                <control type="image">
                    <left>992</left>
                    <top>702</top>
                    <width>96</width>
                    <height>96</height>
                    <texture>menu\nav\nav_player_skipforward_DE.png</texture>
                </control>
                <control type="image">
                    <left>1178</left>
                    <top>702</top>
                    <width>96</width>
                    <height>96</height>
                    <texture>menu\nav\nav_player_record_DE.png</texture>
                </control>
            </control>
            <control type="group">
                <visible>Player.HasMedia</visible>
                <control type="button" id="200">
                    <left>62</left>
                    <top>702</top>
                    <width>96</width>
                    <height>96</height>
                    <label />
                    <font />
                    <texturenofocus>menu\nav\nav_player_skipback_NF.png</texturenofocus>
                    <texturefocus>menu\nav\nav_player_skipback_FO.png</texturefocus>
                    <onleft>206</onleft>
                    <onright>201</onright>
                    <onup>100</onup>
                    <onclick>PlayerControl(Previous)</onclick>
                </control>
                <control type="button" id="201">
                    <left>248</left>
                    <top>702</top>
                    <width>96</width>
                    <height>96</height>
                    <label />
                    <font />
                    <texturenofocus>menu\nav\nav_player_rewind_NF.png</texturenofocus>
                    <texturefocus>menu\nav\nav_player_rewind_FO.png</texturefocus>
                    <onleft>200</onleft>
                    <onright>202</onright>
                    <onup>100</onup>
                    <onclick>PlayerControl(Rewind)</onclick>
                </control>
                <control type="button" id="202">
                    <left>434</left>
                    <top>702</top>
                    <width>96</width>
                    <height>96</height>
                    <label />
                    <font />
                    <texturenofocus>menu\nav\nav_player_stop_NF.png</texturenofocus>
                    <texturefocus>menu\nav\nav_player_stop_FO.png</texturefocus>
                    <onleft>201</onleft>
                    <onright>203</onright>
                    <onup>100</onup>
                    <onclick>PlayerControl(Stop)</onclick>
                </control>
                <control type="button" id="203">
                    <left>620</left>
                    <top>702</top>
                    <width>96</width>
                    <height>96</height>
                    <label />
                    <font />
                    <texturenofocus />
                    <texturefocus />
                    <onleft>202</onleft>
                    <onright>204</onright>
                    <onup>100</onup>
                    <onclick>PlayerControl(Play)</onclick>
                </control>
                <control type="image">
                    <left>620</left>
                    <top>702</top>
                    <width>96</width>
                    <height>96</height>
                    <texture>menu\nav\nav_player_play_NF.png</texture>
                    <visible>!Control.HasFocus(203)</visible>
                    <visible>Player.Paused</visible>
                </control>
                <control type="image">
                    <left>620</left>
                    <top>702</top>
                    <width>96</width>
                    <height>96</height>
                    <texture>menu\nav\nav_player_play_FO.png</texture>
                    <visible>Control.HasFocus(203)</visible>
                    <visible>Player.Paused</visible>
                </control>
                <control type="image">
                    <left>620</left>
                    <top>702</top>
                    <width>96</width>
                    <height>96</height>
                    <texture>menu\nav\nav_player_pause_NF.png</texture>
                    <visible>!Control.HasFocus(203)</visible>
                    <visible>!Player.Paused</visible>
                </control>
                <control type="image">
                    <left>620</left>
                    <top>702</top>
                    <width>96</width>
                    <height>96</height>
                    <texture>menu\nav\nav_player_pause_FO.png</texture>
                    <visible>Control.HasFocus(203)</visible>
                    <visible>!Player.Paused</visible>
                </control>
                <control type="button" id="204">
                    <left>806</left>
                    <top>702</top>
                    <width>96</width>
                    <height>96</height>
                    <label />
                    <font />
                    <texturenofocus>menu\nav\nav_player_fforward_NF.png</texturenofocus>
                    <texturefocus>menu\nav\nav_player_fforward_FO.png</texturefocus>
                    <onleft>203</onleft>
                    <onright>205</onright>
                    <onup>100</onup>
                    <onclick>PlayerControl(Forward)</onclick>
                </control>
                <control type="button" id="205">
                    <left>992</left>
                    <top>702</top>
                    <width>96</width>
                    <height>96</height>
                    <label />
                    <font />
                    <texturenofocus>menu\nav\nav_player_skipforward_NF.png</texturenofocus>
                    <texturefocus>menu\nav\nav_player_skipforward_FO.png</texturefocus>
                    <onleft>204</onleft>
                    <onright>206</onright>
                    <onup>100</onup>
                    <onclick>PlayerControl(Next)</onclick>
                </control>
            </control>
        </control>
        <include>Debug</include>
    </controls>
</window>
