<window>
    <defaultcontrol>2</defaultcontrol>
    <controls>
        <!-- Backgrounds -->
        <include>Background</include>
        <include>Profiles_View</include>
        <control type="image">
            <left>681</left>
            <top>780</top>
            <width>558</width>
            <height>558</height>
            <texture>settings-big-cog.png</texture>
            <aspectratio>keep</aspectratio>
            <animation type="Conditional" reversible="false" condition="Control.IsVisible(7001)">
                <effect type="rotate" start="0" end="-45" center="auto" time="200" />
            </animation>
            <animation type="Conditional" reversible="false" condition="Control.IsVisible(7002)">
                <effect type="rotate" start="0" end="45" center="auto" time="200" />
            </animation>
        </control>
        <control type="radiobutton" id="4">
            <description>fake login screen</description>
            <left>-150</left>
            <top>0</top>
            <width>15</width>
            <height>15</height>
            <label />
            <onleft>4</onleft>
            <onright>4</onright>
            <onup>2</onup>
            <ondown>4</ondown>
            <font></font>
            <texturefocus></texturefocus>
            <texturenofocus></texturenofocus>
            <textureradioonfocus></textureradioonfocus>
            <textureradioonnofocus></textureradioonnofocus>
        </control>
        <!-- Elipsis Visor -->
        <include>Visor_Filter</include>
        <!-- Edge Filter -->
        <include>Edge_Filter</include>
        <!-- Clock -->
        <include>Clock</include>
        <!-- Now Playing Widget -->
        <include>Now_Playing_Widget</include>
        <!-- Elipsis Button -->
        <control type="group">
            <left>960</left>
            <top>1080</top>
            <include>Dock_Elipsis_Home</include>
        </control>
        <control type="group">
            <left>960</left>
            <top>930</top>
            <control type="image">
                <left>-960</left>
                <top>-930</top>
                <width>1920</width>
                <height>1080</height>
                <texture>filter_dockshadow.png</texture>
                <animation effect="fade" start="0" end="100" time="200" condition="Control.HasFocus(4)">conditional</animation>
                <animation effect="fade" start="100" end="0" time="200" condition="Control.HasFocus(2)">conditional</animation>
                <visible>!Window.IsActive(FullScreenVideo)</visible>
            </control>
            <control type="group">
                <visible>Control.HasFocus(4)</visible>
                <visible>!Skin.HasSetting(Disable_Icon_Labels)</visible>
                <animation effect="fade" time="300">Visible</animation>
                <animation effect="fade" time="300">Hidden</animation>
                <animation effect="fade" time="300">WindowOpen</animation>
                <animation effect="fade" time="300">WindowClose</animation>
                <control type="label">
                    <description>Current Selection</description>
                    <left>-960</left>
                    <top>-18</top>
                    <width>1920</width>
                    <height>72</height>
                    <align>center</align>
                    <aligny>center</aligny>
                    <label>$LOCALIZE[50118]</label>
                    <font>Selected_Item</font>
                    <textcolor>TextSelectedItem</textcolor>
                    <shadowcolor>TextShadow</shadowcolor>
                    <visible>system.hasloginscreen</visible>
                </control>
                <control type="label">
                    <description>Current Selection</description>
                    <left>-960</left>
                    <top>-18</top>
                    <width>1920</width>
                    <height>72</height>
                    <align>center</align>
                    <aligny>center</aligny>
                    <label>$LOCALIZE[50119]</label>
                    <font>Selected_Item</font>
                    <textcolor>TextSelectedItem</textcolor>
                    <shadowcolor>TextShadow</shadowcolor>
                    <visible>!system.hasloginscreen</visible>
                </control>
            </control>
            <control type="image">
                <left>-68</left>
                <top>0</top>
                <width>135</width>
                <height>135</height>
                <texture>button_ex_idle.png</texture>
                <animation type="conditional" condition="Control.HasFocus(4)" reversible="false">
                    <effect type="zoom" start="150" center="auto" time="400" />
                    <effect type="fade" end="100" time="600" />
                </animation>
                <animation type="conditional" condition="Control.HasFocus(2)" reversible="false">
                    <effect type="zoom" end="150" center="auto" time="400" />
                    <effect type="fade" end="0" time="600" />
                </animation>
            </control>
            <control type="group">
                <left>0</left>
                <top>22</top>
                <animation type="conditional" condition="Control.HasFocus(4)" reversible="false">
                    <effect type="slide" start="0,128" time="300" tween="elastic" easing="out" />
                    <effect type="fade" start="0" end="100" time="300" tween="sine" easing="out" />
                </animation>
                <animation type="conditional" condition="Control.HasFocus(2)" reversible="false">
                    <effect type="slide" end="0,128" time="300" tween="back" easing="in" />
                    <effect type="fade" start="100" end="0" time="300" tween="sine" easing="in" />
                </animation>
                <control type="group">
                    <left>-45</left>
                    <top>0</top>
                    <width>90</width>
                    <height>90</height>
                    <control type="image">
                        <left>0</left>
                        <top>0</top>
                        <width>90</width>
                        <height>90</height>
                        <texture>dock\icons\login-screen-on.png</texture>
                        <visible>system.hasloginscreen</visible>
                    </control>
                    <control type="image">
                        <left>0</left>
                        <top>0</top>
                        <width>90</width>
                        <height>90</height>
                        <texture>dock\icons\login-screen-off.png</texture>
                        <visible>!system.hasloginscreen</visible>
                    </control>
                </control>
            </control>
        </control>
        <include>Debug</include>
    </controls>
</window>
