<window>
    <defaultcontrol>3</defaultcontrol>
    <controls>
        <!-- Backgrounds -->
        <include>Background</include>
        <control type="grouplist" id="3">
            <description>button area</description>
            <left>660</left>
            <top>195</top>
            <width>600</width>
            <height>45</height>
            <itemgap>0</itemgap>
            <onleft>20</onleft>
            <onright>3</onright>
            <onup>3</onup>
            <ondown>5</ondown>
            <orientation>horizontal</orientation>
        </control>
        <control type="button" id="10">
            <description>Default Category Button</description>
            <left>0</left>
            <top>0</top>
            <width>600</width>
            <height>69</height>
            <label />
            <align>center</align>
            <textcolor />
            <disabledcolor />
            <texturefocus />
            <texturenofocus />
        </control>
        <control type="grouplist" id="5">
            <description>control area</description>
            <left>162</left>
            <top>298</top>
            <width>1596</width>
            <height>483</height>
            <itemgap>0</itemgap>
            <pagecontrol />
            <onleft>3</onleft>
            <onright>3</onright>
            <onup>5</onup>
            <ondown>5</ondown>
        </control>
        <control type="button" id="7">
            <description>Default Button</description>
            <left>0</left>
            <top>0</top>
            <height>69</height>
            <font>Default</font>
            <textcolor>Text</textcolor>
            <textoffsetx>22</textoffsetx>
            <texturefocus border="4,5,6,8">controls\button_f.png</texturefocus>
            <texturenofocus />
        </control>
        <control type="radiobutton" id="8">
            <description>Default RadioButton</description>
            <left>0</left>
            <top>0</top>
            <height>69</height>
            <textoffsetx>22</textoffsetx>
            <font>Default</font>
            <texturefocus border="4,5,6,8">controls\button_f.png</texturefocus>
            <texturenofocus />
            <textureradioonfocus>controls\radiobutton_f.png</textureradioonfocus>
            <textureradioonnofocus>controls\radiobutton_nf.png</textureradioonnofocus>
            <pulseonselect>no</pulseonselect>
        </control>
        <control type="spincontrolex" id="9">
            <description>Default SpinControlex</description>
            <left>0</left>
            <top>0</top>
            <height>69</height>
            <font>Default</font>
            <texturefocus border="4,5,6,8">controls\button_f.png</texturefocus>
            <texturenofocus />
            <textureup>controls\sortup_nf.png</textureup>
            <texturedown>controls\sortdown_nf.png</texturedown>
            <textureupfocus>controls\sortup_f.png</textureupfocus>
            <texturedownfocus>controls\sortdown_f.png</texturedownfocus>
            <textcolor>Text</textcolor>
            <disabledcolor>DisabledText</disabledcolor>
            <textoffsetx>22</textoffsetx>
            <aligny>center</aligny>
            <reverse>yes</reverse>
        </control>
        <control type="sliderex" id="13">
            <description>Default Slider</description>
            <left>0</left>
            <top>0</top>
            <height>69</height>
            <font>Default</font>
            <texturefocus border="4,5,6,8">controls\button_f.png</texturefocus>
            <texturenofocus />
            <textureup>controls\sortup_nf.png</textureup>
            <texturedown>controls\sortdown_nf.png</texturedown>
            <textureupfocus>controls\sortup_f.png</textureupfocus>
            <texturedownfocus>controls\sortdown_f.png</texturedownfocus>
            <textcolor>Text</textcolor>
            <disabledcolor>DisabledText</disabledcolor>
            <textoffsetx>22</textoffsetx>
            <aligny>center</aligny>
        </control>
        <control type="label" id="14">
            <description>Default label</description>
            <left>0</left>
            <top>0</top>
            <height>68</height>
            <font>Heading</font>
            <textcolor>Text</textcolor>
            <align>center</align>
            <label />
        </control>
        <control type="label" id="2">
            <description>Fake Label so we can pass it value down to the one below</description>
            <left>0</left>
            <top>0</top>
            <width>0</width>
            <height>0</height>
            <font />
            <visible>false</visible>
        </control>
        <control type="group">
            <visible>!Skin.HasSetting(Disable_Icon_Labels)</visible>
            <animation effect="fade" time="300">Visible</animation>
            <animation effect="fade" time="300">Hidden</animation>
            <animation effect="fade" time="300">WindowOpen</animation>
            <animation effect="fade" time="300">WindowClose</animation>
            <control type="label">
                <description>Current Selection</description>
                <left>0</left>
                <top>906</top>
                <width>1920</width>
                <height>72</height>
                <font>Selected_Item</font>
                <align>center</align>
                <aligny>center</aligny>
                <textcolor>TextSelectedItem</textcolor>
                <shadowcolor>TextShadow</shadowcolor>
                <label>[CAPITALIZE]$LOCALIZE[5] - $INFO[Control.GetLabel(2)][/CAPITALIZE]</label>
            </control>
        </control>
        <control type="group">
            <left>960</left>
            <top>202</top>
            <control type="button" id="20">
                <description>Setting level button</description>
                <onleft>20</onleft>
                <onright>3</onright>
                <onup>3</onup>
                <ondown>3</ondown>
                <label>10037</label>
                <align>right</align>
                <aligny>center</aligny>
                <left>-913</left>
                <top>650</top>
                <width>590</width>
                <height>69</height>
                <font>Default</font>
                <textoffsetx>22</textoffsetx>
                <texturefocus border="4,5,6,8">controls\button_f.png</texturefocus>
                <texturenofocus />
                <onclick>SettingsLevelChange</onclick>
                <pulseonselect>false</pulseonselect>
            </control>
            <control type="label">
                <left>-892</left>
                <top>650</top>
                <width>250</width>
                <height>69</height>
                <font>Default</font>
                <label>50157</label>
                <align>left</align>
                <aligny>center</aligny>
            </control>
            <control type="textbox" id="6">
                <visible>!Skin.HasSetting(Disable_Current_Folder_Section_Widget)</visible>
                <description>description area</description>
                <left>320</left>
                <top>660</top>
                <width>560</width>
                <height>130</height>
                <font>Default</font>
                <align>justify</align>
                <autoscroll time="3000" delay="4000" repeat="5000">true</autoscroll>
            </control>
            <control type="group">
                <visible>Window.IsVisible(PlayerSettings)</visible>
                <animation effect="fade" start="100" end="50" time="250" condition="ControlGroup(5).HasFocus">Conditional</animation>
                <left>292</left>
                <include>Center_Tab_Settings</include>
                <control type="image">
                    <left>-292</left>
                    <top>0</top>
                    <width>90</width>
                    <height>75</height>
                    <texture>settings\tabs\videos_general_nf.png</texture>
                    <visible>!ControlGroup(3).HasFocus(-100) | Control.HasFocus(20)</visible>
                    <visible>Integer.IsGreater(Container(3).NumItems,0)</visible>
                </control>
                <control type="image">
                    <left>-194</left>
                    <top>0</top>
                    <width>90</width>
                    <height>75</height>
                    <texture>settings\tabs\music_files_nf.png</texture>
                    <visible>!ControlGroup(3).HasFocus(-99)</visible>
                    <visible>Integer.IsGreater(Container(3).NumItems,1)</visible>
                </control>
                <control type="image">
                    <left>-94</left>
                    <top>0</top>
                    <width>90</width>
                    <height>75</height>
                    <texture>settings\tabs\videos_dvd_nf.png</texture>
                    <visible>!ControlGroup(3).HasFocus(-98)</visible>
                    <visible>Integer.IsGreater(Container(3).NumItems,2)</visible>
                </control>
                <control type="image">
                    <left>4</left>
                    <top>0</top>
                    <width>90</width>
                    <height>75</height>
                    <texture>settings\tabs\pictures_slideshow_nf.png</texture>
                    <visible>!ControlGroup(3).HasFocus(-97)</visible>
                    <visible>Integer.IsGreater(Container(3).NumItems,3)</visible>
                </control>
                <control type="image">
                    <left>104</left>
                    <top>0</top>
                    <width>90</width>
                    <height>75</height>
                    <texture>settings\tabs\videos_subtitles_nf.png</texture>
                    <visible>!ControlGroup(3).HasFocus(-96)</visible>
                    <visible>Integer.IsGreater(Container(3).NumItems,4)</visible>
                </control>
                <control type="image">
                    <left>202</left>
                    <top>0</top>
                    <width>90</width>
                    <height>75</height>
                    <texture>settings\tabs\impaired_nf.png</texture>
                    <visible>!ControlGroup(3).HasFocus(-95)</visible>
                    <visible>Integer.IsGreater(Container(3).NumItems,5)</visible>
                </control>
                <control type="image">
                    <left>-292</left>
                    <top>0</top>
                    <width>90</width>
                    <height>75</height>
                    <texture>settings\tabs\videos_general_f.png</texture>
                    <visible>ControlGroup(3).HasFocus(-100) + !Control.HasFocus(20)</visible>
                    <animation type="Conditional" condition="!ControlGroup(5).HasFocus">
                        <effect type="zoom" start="-292,0,90,75" end="-296,-3,96,81" time="200" />
                    </animation>
                </control>
                <control type="image">
                    <left>-194</left>
                    <top>0</top>
                    <width>90</width>
                    <height>75</height>
                    <texture>settings\tabs\music_files_f.png</texture>
                    <visible>ControlGroup(3).HasFocus(-99)</visible>
                    <animation type="Conditional" condition="!ControlGroup(5).HasFocus">
                        <effect type="zoom" start="-194,0,90,75" end="-196,-3,96,81" time="200" />
                    </animation>
                </control>
                <control type="image">
                    <left>-94</left>
                    <top>0</top>
                    <width>90</width>
                    <height>75</height>
                    <texture>settings\tabs\videos_dvd_f.png</texture>
                    <visible>ControlGroup(3).HasFocus(-98)</visible>
                    <animation type="Conditional" condition="!ControlGroup(5).HasFocus">
                        <effect type="zoom" start="-94,0,90,75" end="-98,-3,96,81" time="200" />
                    </animation>
                </control>
                <control type="image">
                    <left>4</left>
                    <top>0</top>
                    <width>90</width>
                    <height>75</height>
                    <texture>settings\tabs\pictures_slideshow_f.png</texture>
                    <visible>ControlGroup(3).HasFocus(-97)</visible>
                    <animation type="Conditional" condition="!ControlGroup(5).HasFocus">
                        <effect type="zoom" start="4,0,90,75" end="1,-3,96,81" time="200" />
                    </animation>
                </control>
                <control type="image">
                    <left>104</left>
                    <top>0</top>
                    <width>90</width>
                    <height>75</height>
                    <texture>settings\tabs\videos_subtitles_f.png</texture>
                    <visible>ControlGroup(3).HasFocus(-96)</visible>
                    <animation type="Conditional" condition="!ControlGroup(5).HasFocus">
                        <effect type="zoom" start="104,0,90,75" end="100,-3,96,81" time="200" />
                    </animation>
                </control>
                <control type="image">
                    <left>202</left>
                    <top>0</top>
                    <width>90</width>
                    <height>75</height>
                    <texture>settings\tabs\impaired_f.png</texture>
                    <visible>ControlGroup(3).HasFocus(-95)</visible>
                    <animation type="Conditional" condition="!ControlGroup(5).HasFocus">
                        <effect type="zoom" start="202,0,90,75" end="200,-3,96,81" time="200" />
                    </animation>
                </control>
            </control>
            <control type="group">
                <left>292</left>
                <include>Center_Tab_Settings</include>
                <visible>Window.IsVisible(mediasettings)</visible>
                <animation effect="fade" start="100" end="50" time="250" condition="ControlGroup(5).HasFocus">Conditional</animation>
                <control type="image">
                    <left>-292</left>
                    <top>0</top>
                    <width>90</width>
                    <height>75</height>
                    <texture>settings\tabs\music_library_nf.png</texture>
                    <visible>!ControlGroup(3).HasFocus(-100)  | Control.HasFocus(20)</visible>
                    <visible>Integer.IsGreater(Container(3).NumItems,0)</visible>
                </control>
                <control type="image">
                    <left>-194</left>
                    <top>0</top>
                    <width>90</width>
                    <height>75</height>
                    <texture>settings\tabs\pictures_files_nf.png</texture>
                    <visible>!ControlGroup(3).HasFocus(-99)</visible>
                    <visible>Integer.IsGreater(Container(3).NumItems,1)</visible>
                </control>
                <control type="image">
                    <left>-96</left>
                    <top>0</top>
                    <width>90</width>
                    <height>75</height>
                    <texture>settings\tabs\videos_options_nf.png</texture>
                    <visible>!ControlGroup(3).HasFocus(-98)</visible>
                    <visible>Integer.IsGreater(Container(3).NumItems,2)</visible>
                </control>
                <control type="image">
                    <left>2</left>
                    <top>0</top>
                    <width>90</width>
                    <height>75</height>
                    <texture>settings\tabs\videos_library_nf.png</texture>
                    <visible>!ControlGroup(3).HasFocus(-97)</visible>
                    <visible>Integer.IsGreater(Container(3).NumItems,3)</visible>
                </control>
                <control type="image">
                    <left>100</left>
                    <top>0</top>
                    <width>90</width>
                    <height>75</height>
                    <texture>settings\tabs\PVR_OSD_nf.png</texture>
                    <visible>!ControlGroup(3).HasFocus(-96)</visible>
                    <visible>Integer.IsGreater(Container(3).NumItems,4)</visible>
                </control>
                <control type="image">
                    <left>-292</left>
                    <top>0</top>
                    <width>90</width>
                    <height>75</height>
                    <texture>settings\tabs\music_library_f.png</texture>
                    <visible>ControlGroup(3).HasFocus(-100) + !Control.HasFocus(20)</visible>
                    <animation type="Conditional" condition="!ControlGroup(5).HasFocus">
                        <effect type="zoom" start="-292,0,90,75" end="-296,-3,96,81" time="200" />
                    </animation>
                </control>
                <control type="image">
                    <left>-194</left>
                    <top>0</top>
                    <width>90</width>
                    <height>75</height>
                    <texture>settings\tabs\pictures_files_f.png</texture>
                    <visible>ControlGroup(3).HasFocus(-99)</visible>
                    <animation type="Conditional" condition="!ControlGroup(5).HasFocus">
                        <effect type="zoom" start="-194,0,90,75" end="-198,-3,96,81" time="200" />
                    </animation>
                </control>
                <control type="image">
                    <left>-96</left>
                    <top>0</top>
                    <width>90</width>
                    <height>75</height>
                    <texture>settings\tabs\videos_options_f.png</texture>
                    <visible>ControlGroup(3).HasFocus(-98)</visible>
                    <animation type="Conditional" condition="!ControlGroup(5).HasFocus">
                        <effect type="zoom" start="-96,0,90,75" end="-100,-3,96,81" time="200" />
                    </animation>
                </control>
                <control type="image">
                    <left>2</left>
                    <top>0</top>
                    <width>90</width>
                    <height>75</height>
                    <texture>settings\tabs\videos_library_f.png</texture>
                    <visible>ControlGroup(3).HasFocus(-97)</visible>
                    <animation type="Conditional" condition="!ControlGroup(5).HasFocus">
                        <effect type="zoom" start="2,0,90,75" end="-2,-3,96,81" time="200" />
                    </animation>
                </control>
                <control type="image">
                    <left>100</left>
                    <top>0</top>
                    <width>90</width>
                    <height>75</height>
                    <texture>settings\tabs\PVR_OSD_f.png</texture>
                    <visible>ControlGroup(3).HasFocus(-96)</visible>
                    <animation type="Conditional" condition="!ControlGroup(5).HasFocus">
                        <effect type="zoom" start="100,0,90,75" end="96,-3,96,81" time="200" />
                    </animation>
                </control>
            </control>
            <control type="group">
                <visible>Window.IsVisible(servicesettings)</visible>
                <animation effect="fade" start="100" end="50" time="250" condition="ControlGroup(5).HasFocus">Conditional</animation>
                <left>292</left>
                <include>Center_Tab_Settings</include>
                <control type="image">
                    <left>-292</left>
                    <top>0</top>
                    <width>90</width>
                    <height>75</height>
                    <texture>settings\tabs\network_services_nf.png</texture>
                    <visible>!ControlGroup(3).HasFocus(-100) | Control.HasFocus(20)</visible>
                    <visible>Integer.IsGreater(Container(3).NumItems,0)</visible>
                </control>
                <control type="image">
                    <left>-193</left>
                    <top>0</top>
                    <width>90</width>
                    <height>75</height>
                    <texture>settings\tabs\network_internet_nf.png</texture>
                    <visible>!ControlGroup(3).HasFocus(-99)</visible>
                    <visible>Integer.IsGreater(Container(3).NumItems,1)</visible>
                </control>
                <control type="image">
                    <left>-94</left>
                    <top>0</top>
                    <width>90</width>
                    <height>75</height>
                    <texture>settings\tabs\network_upnp_nf.png</texture>
                    <visible>!ControlGroup(3).HasFocus(-98)</visible>
                    <visible>Integer.IsGreater(Container(3).NumItems,2)</visible>
                </control>
                <control type="image">
                    <left>4</left>
                    <top>0</top>
                    <width>90</width>
                    <height>75</height>
                    <texture>settings\tabs\network_airplay_nf.png</texture>
                    <visible>!ControlGroup(3).HasFocus(-97)</visible>
                    <visible>Integer.IsGreater(Container(3).NumItems,3)</visible>
                </control>
                <control type="image">
                    <left>103</left>
                    <top>0</top>
                    <width>90</width>
                    <height>75</height>
                    <texture>settings\tabs\weather_general_nf.png</texture>
                    <visible>!ControlGroup(3).HasFocus(-96)</visible>
                    <visible>Integer.IsGreater(Container(3).NumItems,4)</visible>
                </control>
                <control type="image">
                    <left>-292</left>
                    <top>0</top>
                    <width>90</width>
                    <height>75</height>
                    <texture>settings\tabs\network_services_f.png</texture>
                    <visible>ControlGroup(3).HasFocus(-100) + !Control.HasFocus(20)</visible>
                    <animation type="Conditional" condition="!ControlGroup(5).HasFocus">
                        <effect type="zoom" start="-292,0,90,75" end="-296,-3,96,81" time="200" />
                    </animation>
                </control>
                <control type="image">
                    <left>-193</left>
                    <top>0</top>
                    <width>90</width>
                    <height>75</height>
                    <texture>settings\tabs\network_internet_f.png</texture>
                    <visible>ControlGroup(3).HasFocus(-99)</visible>
                    <animation type="Conditional" condition="!ControlGroup(5).HasFocus">
                        <effect type="zoom" start="-193,0,90,75" end="-197,-3,96,81" time="200" />
                    </animation>
                </control>
                <control type="image">
                    <left>-94</left>
                    <top>0</top>
                    <width>90</width>
                    <height>75</height>
                    <texture>settings\tabs\network_upnp_f.png</texture>
                    <visible>ControlGroup(3).HasFocus(-98)</visible>
                    <animation type="Conditional" condition="!ControlGroup(5).HasFocus">
                        <effect type="zoom" start="-94,0,90,75" end="-98,-3,96,81" time="200" />
                    </animation>
                </control>
                <control type="image">
                    <left>4</left>
                    <top>0</top>
                    <width>90</width>
                    <height>75</height>
                    <texture>settings\tabs\network_airplay_f.png</texture>
                    <visible>ControlGroup(3).HasFocus(-97)</visible>
                    <animation type="Conditional" condition="!ControlGroup(5).HasFocus">
                        <effect type="zoom" start="4,0,90,75" end="1,-3,96,81" time="200" />
                    </animation>
                </control>
                <control type="image">
                    <left>103</left>
                    <top>0</top>
                    <width>90</width>
                    <height>75</height>
                    <texture>settings\tabs\weather_general_f.png</texture>
                    <visible>ControlGroup(3).HasFocus(-96)</visible>
                    <animation type="Conditional" condition="!ControlGroup(5).HasFocus">
                        <effect type="zoom" start="103,0,90,75" end="99,-3,96,81" time="200" />
                    </animation>
                </control>
            </control>
            <control type="group">
                <visible>Window.IsVisible(SystemSettings)</visible>
                <animation effect="fade" start="100" end="50" time="250" condition="ControlGroup(5).HasFocus">Conditional</animation>
                <left>292</left>
                <include>Center_Tab_Settings</include>
                <control type="image">
                    <left>-292</left>
                    <top>0</top>
                    <width>90</width>
                    <height>75</height>
                    <texture>settings\tabs\system_videooutput_nf.png</texture>
                    <visible>!ControlGroup(3).HasFocus(-100) | Control.HasFocus(20)</visible>
                    <visible>Integer.IsGreater(Container(3).NumItems,0)</visible>
                </control>
                <control type="image">
                    <left>-194</left>
                    <top>0</top>
                    <width>90</width>
                    <height>75</height>
                    <texture>settings\tabs\system_audiooutput_nf.png</texture>
                    <visible>!ControlGroup(3).HasFocus(-99)</visible>
                    <visible>Integer.IsGreater(Container(3).NumItems,1)</visible>
                </control>
                <control type="image">
                    <left>-94</left>
                    <top>0</top>
                    <width>90</width>
                    <height>75</height>
                    <texture>settings\tabs\system_input_nf.png</texture>
                    <visible>!ControlGroup(3).HasFocus(-98)</visible>
                    <visible>Integer.IsGreater(Container(3).NumItems,2)</visible>
                </control>
                <control type="image">
                    <left>4</left>
                    <top>0</top>
                    <width>90</width>
                    <height>75</height>
                    <texture>settings\tabs\sysinfo_network_nf.png</texture>
                    <visible>!ControlGroup(3).HasFocus(-97)</visible>
                    <visible>Integer.IsGreater(Container(3).NumItems,3)</visible>
                </control>
                <control type="image">
                    <left>104</left>
                    <top>0</top>
                    <width>90</width>
                    <height>75</height>
                    <texture>settings\tabs\system_power_nf.png</texture>
                    <visible>!ControlGroup(3).HasFocus(-96)</visible>
                    <visible>Integer.IsGreater(Container(3).NumItems,4)</visible>
                </control>
                <control type="image">
                    <left>202</left>
                    <top>0</top>
                    <width>90</width>
                    <height>75</height>
                    <texture>settings\tabs\PVR_EPG_nf.png</texture>
                    <visible>!ControlGroup(3).HasFocus(-95)</visible>
                    <visible>Integer.IsGreater(Container(3).NumItems,5)</visible>
                </control>
                <control type="image">
                    <left>300</left>
                    <top>0</top>
                    <width>90</width>
                    <height>75</height>
                    <texture>settings\tabs\system_debug_nf.png</texture>
                    <visible>!ControlGroup(3).HasFocus(-94)</visible>
                    <visible>Integer.IsGreater(Container(3).NumItems,6)</visible>
                </control>
                <control type="image">
                    <left>-292</left>
                    <top>0</top>
                    <width>90</width>
                    <height>75</height>
                    <texture>settings\tabs\system_videooutput_f.png</texture>
                    <visible>ControlGroup(3).HasFocus(-100) + !Control.HasFocus(20)</visible>
                    <animation type="Conditional" condition="!ControlGroup(5).HasFocus">
                        <effect type="zoom" start="-292,0,90,75" end="-296,-3,96,81" time="200" />
                    </animation>
                </control>
                <control type="image">
                    <left>-194</left>
                    <top>0</top>
                    <width>90</width>
                    <height>75</height>
                    <texture>settings\tabs\system_audiooutput_f.png</texture>
                    <visible>ControlGroup(3).HasFocus(-99)</visible>
                    <animation type="Conditional" condition="!ControlGroup(5).HasFocus">
                        <effect type="zoom" start="-194,0,90,75" end="-196,-3,96,81" time="200" />
                    </animation>
                </control>
                <control type="image">
                    <left>-94</left>
                    <top>0</top>
                    <width>90</width>
                    <height>75</height>
                    <texture>settings\tabs\system_input_f.png</texture>
                    <visible>ControlGroup(3).HasFocus(-98)</visible>
                    <animation type="Conditional" condition="!ControlGroup(5).HasFocus">
                        <effect type="zoom" start="-94,0,90,75" end="-98,-3,96,81" time="200" />
                    </animation>
                </control>
                <control type="image">
                    <left>4</left>
                    <top>0</top>
                    <width>90</width>
                    <height>75</height>
                    <texture>settings\tabs\sysinfo_network_fo.png</texture>
                    <visible>ControlGroup(3).HasFocus(-97)</visible>
                    <animation type="Conditional" condition="!ControlGroup(5).HasFocus">
                        <effect type="zoom" start="4,0,90,75" end="1,-3,96,81" time="200" />
                    </animation>
                </control>
                <control type="image">
                    <left>104</left>
                    <top>0</top>
                    <width>90</width>
                    <height>75</height>
                    <texture>settings\tabs\system_power_f.png</texture>
                    <visible>ControlGroup(3).HasFocus(-96)</visible>
                    <animation type="Conditional" condition="!ControlGroup(5).HasFocus">
                        <effect type="zoom" start="104,0,90,75" end="100,-3,96,81" time="200" />
                    </animation>
                </control>
                <control type="image">
                    <left>202</left>
                    <top>0</top>
                    <width>90</width>
                    <height>75</height>
                    <texture>settings\tabs\PVR_EPG_f.png</texture>
                    <visible>ControlGroup(3).HasFocus(-95)</visible>
                    <animation type="Conditional" condition="!ControlGroup(5).HasFocus">
                        <effect type="zoom" start="202,0,90,75" end="200,-3,96,81" time="200" />
                    </animation>
                </control>
                <control type="image">
                    <left>300</left>
                    <top>0</top>
                    <width>90</width>
                    <height>75</height>
                    <texture>settings\tabs\system_debug_f.png</texture>
                    <visible>ControlGroup(3).HasFocus(-94)</visible>
                    <animation type="Conditional" condition="!ControlGroup(5).HasFocus">
                        <effect type="zoom" start="300,0,90,75" end="297,-3,96,81" time="200" />
                    </animation>
                </control>
            </control>
            <control type="group">
                <visible>Window.IsVisible(interfacesettings)</visible>
                <animation effect="fade" start="100" end="50" time="250" condition="ControlGroup(5).HasFocus">Conditional</animation>
                <left>194</left>
                <include>Center_Tab_Settings</include>
                <control type="image">
                    <left>-194</left>
                    <top>0</top>
                    <width>90</width>
                    <height>75</height>
                    <texture>settings\tabs\appearance_lookandfeel_nf.png</texture>
                    <visible>!ControlGroup(3).HasFocus(-100) | Control.HasFocus(20)</visible>
                    <visible>Integer.IsGreater(Container(3).NumItems,0)</visible>
                </control>
                <control type="image">
                    <left>-94</left>
                    <top>0</top>
                    <width>90</width>
                    <height>75</height>
                    <texture>settings\tabs\appearance_region_nf.png</texture>
                    <visible>!ControlGroup(3).HasFocus(-99)</visible>
                    <visible>Integer.IsGreater(Container(3).NumItems,1)</visible>
                </control>
                <control type="image">
                    <left>4</left>
                    <top>0</top>
                    <width>90</width>
                    <height>75</height>
                    <texture>settings\tabs\appearance_screensaver_nf.png</texture>
                    <visible>!ControlGroup(3).HasFocus(-98)</visible>
                    <visible>Integer.IsGreater(Container(3).NumItems,2)</visible>
                </control>
                <control type="image">
                    <left>104</left>
                    <top>0</top>
                    <width>90</width>
                    <height>75</height>
                    <texture>settings\tabs\system_masterlock_nf.png</texture>
                    <visible>!ControlGroup(3).HasFocus(-97)</visible>
                    <visible>Integer.IsGreater(Container(3).NumItems,3)</visible>
                </control>
                <control type="image">
                    <left>202</left>
                    <top>0</top>
                    <width>90</width>
                    <height>75</height>
                    <texture>settings\tabs\skinsettings_homepage_nf.png</texture>
                    <visible>!ControlGroup(3).HasFocus(-96)</visible>
                    <visible>Integer.IsGreater(Container(3).NumItems,4)</visible>
                </control>
                <control type="image">
                    <left>-194</left>
                    <top>0</top>
                    <width>90</width>
                    <height>75</height>
                    <texture>settings\tabs\appearance_lookandfeel_f.png</texture>
                    <visible>ControlGroup(3).HasFocus(-100) + !Control.HasFocus(20)</visible>
                    <animation type="Conditional" condition="!ControlGroup(5).HasFocus">
                        <effect type="zoom" start="-194,0,90,75" end="-196,-3,96,81" time="200" />
                    </animation>
                </control>
                <control type="image">
                    <left>-94</left>
                    <top>0</top>
                    <width>90</width>
                    <height>75</height>
                    <texture>settings\tabs\appearance_region_f.png</texture>
                    <visible>ControlGroup(3).HasFocus(-99)</visible>
                    <animation type="Conditional" condition="!ControlGroup(5).HasFocus">
                        <effect type="zoom" start="-94,0,90,75" end="-98,-3,96,81" time="200" />
                    </animation>
                </control>
                <control type="image">
                    <left>4</left>
                    <top>0</top>
                    <width>90</width>
                    <height>75</height>
                    <texture>settings\tabs\appearance_screensaver_f.png</texture>
                    <visible>ControlGroup(3).HasFocus(-98)</visible>
                    <animation type="Conditional" condition="!ControlGroup(5).HasFocus">
                        <effect type="zoom" start="4,0,90,75" end="1,-3,96,81" time="200" />
                    </animation>
                </control>
                <control type="image">
                    <left>104</left>
                    <top>0</top>
                    <width>90</width>
                    <height>75</height>
                    <texture>settings\tabs\system_masterlock_f.png</texture>
                    <visible>ControlGroup(3).HasFocus(-97)</visible>
                    <animation type="Conditional" condition="!ControlGroup(5).HasFocus">
                        <effect type="zoom" start="104,0,90,75" end="100,-3,96,81" time="200" />
                    </animation>
                </control>
                <control type="image">
                    <left>202</left>
                    <top>0</top>
                    <width>90</width>
                    <height>75</height>
                    <texture>settings\tabs\skinsettings_homepage_f.png</texture>
                    <visible>ControlGroup(3).HasFocus(-96)</visible>
                    <animation type="Conditional" condition="!ControlGroup(5).HasFocus">
                        <effect type="zoom" start="202,0,90,75" end="198,-3,96,81" time="200" />
                    </animation>
                </control>
            </control>
            <control type="group">
                <visible>Window.IsVisible(gamesettings)</visible>
                <animation effect="fade" start="100" end="50" time="250" condition="ControlGroup(5).HasFocus">Conditional</animation>
                <left>194</left>
                <include>Center_Tab_Settings</include>
                <control type="image">
                    <left>-194</left>
                    <top>0</top>
                    <width>90</width>
                    <height>75</height>
                    <texture>settings\tabs\PVR_timer_nf.png</texture>
                    <visible>!ControlGroup(3).HasFocus(-100) | Control.HasFocus(20)</visible>
                    <visible>Integer.IsGreater(Container(3).NumItems,0)</visible>
                </control>
                <control type="image">
                    <left>-194</left>
                    <top>0</top>
                    <width>90</width>
                    <height>75</height>
                    <texture>settings\tabs\PVR_timer_f.png</texture>
                    <visible>ControlGroup(3).HasFocus(-100) + !Control.HasFocus(20)</visible>
                    <animation type="Conditional" condition="!ControlGroup(5).HasFocus">
                        <effect type="zoom" start="-194,0,90,75" end="-196,-3,96,81" time="200" />
                    </animation>
                </control>
            </control>
            <control type="group">
                <visible>Window.IsVisible(PVRSettings)</visible>
                <animation effect="fade" start="100" end="50" time="250" condition="ControlGroup(5).HasFocus">Conditional</animation>
                <left>292</left>
                <include>Center_Tab_Settings</include>
                <control type="image">
                    <left>-292</left>
                    <top>0</top>
                    <width>90</width>
                    <height>75</height>
                    <texture>settings\tabs\PVR_main_nf.png</texture>
                    <visible>!ControlGroup(3).HasFocus(-100) | Control.HasFocus(20)</visible>
                    <visible>Integer.IsGreater(Container(3).NumItems,0)</visible>
                </control>
                <control type="image">
                    <left>-194</left>
                    <top>0</top>
                    <width>90</width>
                    <height>75</height>
                    <texture>settings\tabs\PVR_OSD_nf.png</texture>
                    <visible>!ControlGroup(3).HasFocus(-99)</visible>
                    <visible>Integer.IsGreater(Container(3).NumItems,1)</visible>
                </control>
                <control type="image">
                    <left>-94</left>
                    <top>0</top>
                    <width>90</width>
                    <height>75</height>
                    <texture>settings\tabs\PVR_EPG_nf.png</texture>
                    <visible>!ControlGroup(3).HasFocus(-98)</visible>
                    <visible>Integer.IsGreater(Container(3).NumItems,2)</visible>
                </control>
                <control type="image">
                    <left>4</left>
                    <top>0</top>
                    <width>90</width>
                    <height>75</height>
                    <texture>settings\tabs\PVR_channels_nf.png</texture>
                    <visible>!ControlGroup(3).HasFocus(-97)</visible>
                    <visible>Integer.IsGreater(Container(3).NumItems,3)</visible>
                </control>
                <control type="image">
                    <left>104</left>
                    <top>0</top>
                    <width>90</width>
                    <height>75</height>
                    <texture>settings\tabs\PVR_REC_nf.png</texture>
                    <visible>!ControlGroup(3).HasFocus(-96)</visible>
                    <visible>Integer.IsGreater(Container(3).NumItems,4)</visible>
                </control>
                <control type="image">
                    <left>202</left>
                    <top>0</top>
                    <width>90</width>
                    <height>75</height>
                    <texture>settings\tabs\PVR_timer_nf.png</texture>
                    <visible>!ControlGroup(3).HasFocus(-95)</visible>
                    <visible>Integer.IsGreater(Container(3).NumItems,5)</visible>
                </control>
                <control type="image">
                    <left>300</left>
                    <top>0</top>
                    <width>90</width>
                    <height>75</height>
                    <texture>settings\tabs\system_power_nf.png</texture>
                    <visible>!ControlGroup(3).HasFocus(-94)</visible>
                    <visible>Integer.IsGreater(Container(3).NumItems,6)</visible>
                </control>
                <control type="image">
                    <left>398</left>
                    <top>0</top>
                    <width>90</width>
                    <height>75</height>
                    <texture>settings\tabs\system_masterlock_nf.png</texture>
                    <visible>!ControlGroup(3).HasFocus(-93)</visible>
                    <visible>Integer.IsGreater(Container(3).NumItems,7)</visible>
                </control>
                <control type="image">
                    <left>496</left>
                    <top>0</top>
                    <width>90</width>
                    <height>75</height>
                    <texture>settings\tabs\PVR_options_nf.png</texture>
                    <visible>!ControlGroup(3).HasFocus(-92)</visible>
                    <visible>Integer.IsGreater(Container(3).NumItems,8)</visible>
                </control>
                <control type="image">
                    <left>-292</left>
                    <top>0</top>
                    <width>90</width>
                    <height>75</height>
                    <texture>settings\tabs\PVR_main_f.png</texture>
                    <visible>ControlGroup(3).HasFocus(-100) + !Control.HasFocus(20)</visible>
                    <animation type="Conditional" condition="!ControlGroup(5).HasFocus">
                        <effect type="zoom" start="-292,0,90,75" end="-296,-3,96,81" time="200" />
                    </animation>
                </control>
                <control type="image">
                    <left>-194</left>
                    <top>0</top>
                    <width>90</width>
                    <height>75</height>
                    <texture>settings\tabs\PVR_OSD_f.png</texture>
                    <visible>ControlGroup(3).HasFocus(-99)</visible>
                    <animation type="Conditional" condition="!ControlGroup(5).HasFocus">
                        <effect type="zoom" start="-194,0,90,75" end="-196,-3,96,81" time="200" />
                    </animation>
                </control>
                <control type="image">
                    <left>-94</left>
                    <top>0</top>
                    <width>90</width>
                    <height>75</height>
                    <texture>settings\tabs\PVR_EPG_f.png</texture>
                    <visible>ControlGroup(3).HasFocus(-98)</visible>
                    <animation type="Conditional" condition="!ControlGroup(5).HasFocus">
                        <effect type="zoom" start="-94,0,90,75" end="-98,-3,96,81" time="200" />
                    </animation>
                </control>
                <control type="image">
                    <left>4</left>
                    <top>0</top>
                    <width>90</width>
                    <height>75</height>
                    <texture>settings\tabs\PVR_channels_f.png</texture>
                    <visible>ControlGroup(3).HasFocus(-97)</visible>
                    <animation type="Conditional" condition="!ControlGroup(5).HasFocus">
                        <effect type="zoom" start="4,0,90,75" end="1,-3,96,81" time="200" />
                    </animation>
                </control>
                <control type="image">
                    <left>104</left>
                    <top>0</top>
                    <width>90</width>
                    <height>75</height>
                    <texture>settings\tabs\PVR_REC_f.png</texture>
                    <visible>ControlGroup(3).HasFocus(-96)</visible>
                    <animation type="Conditional" condition="!ControlGroup(5).HasFocus">
                        <effect type="zoom" start="104,0,90,75" end="100,-3,96,81" time="200" />
                    </animation>
                </control>
                <control type="image">
                    <left>202</left>
                    <top>0</top>
                    <width>90</width>
                    <height>75</height>
                    <texture>settings\tabs\PVR_timer_f.png</texture>
                    <visible>ControlGroup(3).HasFocus(-95)</visible>
                    <animation type="Conditional" condition="!ControlGroup(5).HasFocus">
                        <effect type="zoom" start="202,0,90,75" end="200,-3,96,81" time="200" />
                    </animation>
                </control>
                <control type="image">
                    <left>300</left>
                    <top>0</top>
                    <width>90</width>
                    <height>75</height>
                    <texture>settings\tabs\system_power_f.png</texture>
                    <visible>ControlGroup(3).HasFocus(-94)</visible>
                    <animation type="Conditional" condition="!ControlGroup(5).HasFocus">
                        <effect type="zoom" start="300,0,90,75" end="297,-3,96,81" time="200" />
                    </animation>
                </control>
                <control type="image">
                    <left>398</left>
                    <top>0</top>
                    <width>90</width>
                    <height>75</height>
                    <texture>settings\tabs\system_masterlock_f.png</texture>
                    <visible>ControlGroup(3).HasFocus(-93)</visible>
                    <animation type="Conditional" condition="!ControlGroup(5).HasFocus">
                        <effect type="zoom" start="398,0,90,75" end="395,-3,96,81" time="200" />
                    </animation>
                </control>
                <control type="image">
                    <left>496</left>
                    <top>0</top>
                    <width>90</width>
                    <height>75</height>
                    <texture>settings\tabs\PVR_options_f.png</texture>
                    <visible>ControlGroup(3).HasFocus(-92)</visible>
                    <animation type="Conditional" condition="!ControlGroup(5).HasFocus">
                        <effect type="zoom" start="496,0,90,75" end="493,-3,96,81" time="200" />
                    </animation>
                </control>
            </control>
        </control>
        <control type="image">
            <left>681</left>
            <top>780</top>
            <width>558</width>
            <height>558</height>
            <texture>settings-big-cog.png</texture>
            <aspectratio>keep</aspectratio>
            <animation type="Conditional" reversible="false" condition="ControlGroup(3).HasFocus(-100)">
                <effect type="rotate" start="0" end="-45" center="auto" time="200" />
            </animation>
            <animation type="Conditional" reversible="false" condition="ControlGroup(3).HasFocus(-99)">
                <effect type="rotate" start="0" end="-45" center="auto" time="200" />
            </animation>
            <animation type="Conditional" reversible="false" condition="ControlGroup(3).HasFocus(-98)">
                <effect type="rotate" start="0" end="-45" center="auto" time="200" />
            </animation>
            <animation type="Conditional" reversible="false" condition="ControlGroup(3).HasFocus(-97)">
                <effect type="rotate" start="0" end="-45" center="auto" time="200" />
            </animation>
            <animation type="Conditional" reversible="false" condition="ControlGroup(3).HasFocus(-96)">
                <effect type="rotate" start="0" end="-45" center="auto" time="200" />
            </animation>
            <animation type="Conditional" reversible="false" condition="ControlGroup(3).HasFocus(-95)">
                <effect type="rotate" start="0" end="-45" center="auto" time="200" />
            </animation>
            <animation type="Conditional" reversible="false" condition="ControlGroup(3).HasFocus(-94)">
                <effect type="rotate" start="0" end="-45" center="auto" time="200" />
            </animation>
            <animation type="Conditional" reversible="false" condition="ControlGroup(3).HasFocus(-93)">
                <effect type="rotate" start="0" end="-45" center="auto" time="200" />
            </animation>
        </control>
        <!-- Elipsis Visor -->
        <include>Visor_Filter</include>
        <!-- Edge Filter -->
        <include>Edge_Filter</include>
        <!-- Clock -->
        <include>Clock</include>
        <!-- Now Playing Widget -->
        <include>Now_Playing_Widget</include>
        <!-- Elipsis Button -->
        <control type="group">
            <left>960</left>
            <top>1080</top>
            <include>Dock_Elipsis_Home</include>
        </control>
        <include>Debug</include>
    </controls>
</window>
