<?xml version="1.0" encoding="UTF-8"?>
<window type="dialog" id="1105">
	<defaultcontrol always="true">30</defaultcontrol>
	<onload>Skin.SetString($INFO[Window(home).Property(SubMenu),WidgetMenu-],$INFO[Window(home).Property(WidgetMenu)])</onload>
	<onunload>ClearProperty(SubMenu,Home)</onunload>
	<controls>
		<!-- List 200 Control -->
		<control type="button" id="20">
			<include>HiddenControl</include>
			<onleft>noop</onleft>
			<onright>30</onright>
			<onup condition="String.IsEqual(Container(100).CurrentItem,1)">noop</onup>
			<onup condition="!String.IsEqual(Container(100).CurrentItem,1)">Control.Move(100,-1)</onup>
			<onup condition="!String.IsEqual(Container(100).CurrentItem,1)">Control.Move(200,-1)</onup>
			<onup condition="!String.IsEqual(Container(100).CurrentItem,1)">Control.Move(300,-1)</onup>
			<onup condition="!String.IsEqual(Container(100).CurrentItem,1)">Control.Move(400,-1)</onup>
			<onup condition="!String.IsEqual(Container(100).CurrentItem,1)">SetFocus(21)</onup>
			<ondown condition="String.IsEqual(Container(100).CurrentItem,8)">SetFocus(9001)</ondown>
			<ondown condition="!String.IsEqual(Container(100).CurrentItem,8)">Control.Move(100,1)</ondown>
			<ondown condition="!String.IsEqual(Container(100).CurrentItem,8)">Control.Move(200,1)</ondown>
			<ondown condition="!String.IsEqual(Container(100).CurrentItem,8)">Control.Move(300,1)</ondown>
			<ondown condition="!String.IsEqual(Container(100).CurrentItem,8)">Control.Move(400,1)</ondown>
			<ondown condition="!String.IsEqual(Container(100).CurrentItem,8)">SetFocus(21)</ondown>
			<onclick>SetFocus(200)</onclick>
			<onclick>Select</onclick>
			<onclick>SetFocus(20)</onclick>
		</control>
		<!-- List 300 Control -->
		<control type="button" id="30">
			<include>HiddenControl</include>
			<onleft>20</onleft>
			<onright>40</onright>
			<onup condition="String.IsEqual(Container(100).CurrentItem,1)">noop</onup>
			<onup condition="!String.IsEqual(Container(100).CurrentItem,1)">Control.Move(100,-1)</onup>
			<onup condition="!String.IsEqual(Container(100).CurrentItem,1)">Control.Move(200,-1)</onup>
			<onup condition="!String.IsEqual(Container(100).CurrentItem,1)">Control.Move(300,-1)</onup>
			<onup condition="!String.IsEqual(Container(100).CurrentItem,1)">Control.Move(400,-1)</onup>
			<onup condition="!String.IsEqual(Container(100).CurrentItem,1)">SetFocus(31)</onup>
			<ondown condition="String.IsEqual(Container(100).CurrentItem,8)">SetFocus(9001)</ondown>
			<ondown condition="!String.IsEqual(Container(100).CurrentItem,8)">Control.Move(100,1)</ondown>
			<ondown condition="!String.IsEqual(Container(100).CurrentItem,8)">Control.Move(200,1)</ondown>
			<ondown condition="!String.IsEqual(Container(100).CurrentItem,8)">Control.Move(300,1)</ondown>
			<ondown condition="!String.IsEqual(Container(100).CurrentItem,8)">Control.Move(400,1)</ondown>
			<ondown condition="!String.IsEqual(Container(100).CurrentItem,8)">SetFocus(31)</ondown>
			<onclick>SetFocus(300)</onclick>
			<onclick>Select</onclick>
			<onclick>SetFocus(30)</onclick>
		</control>
		<!-- List 400 Control -->
		<control type="button" id="40">
			<include>HiddenControl</include>
			<onleft>30</onleft>
			<onright>noop</onright>
			<onup condition="String.IsEqual(Container(100).CurrentItem,1)">noop</onup>
			<onup condition="!String.IsEqual(Container(100).CurrentItem,1)">Control.Move(100,-1)</onup>
			<onup condition="!String.IsEqual(Container(100).CurrentItem,1)">Control.Move(200,-1)</onup>
			<onup condition="!String.IsEqual(Container(100).CurrentItem,1)">Control.Move(300,-1)</onup>
			<onup condition="!String.IsEqual(Container(100).CurrentItem,1)">Control.Move(400,-1)</onup>
			<onup condition="!String.IsEqual(Container(100).CurrentItem,1)">SetFocus(41)</onup>
			<ondown condition="String.IsEqual(Container(100).CurrentItem,8)">SetFocus(9001)</ondown>
			<ondown condition="!String.IsEqual(Container(100).CurrentItem,8)">Control.Move(100,1)</ondown>
			<ondown condition="!String.IsEqual(Container(100).CurrentItem,8)">Control.Move(200,1)</ondown>
			<ondown condition="!String.IsEqual(Container(100).CurrentItem,8)">Control.Move(300,1)</ondown>
			<ondown condition="!String.IsEqual(Container(100).CurrentItem,8)">Control.Move(400,1)</ondown>
			<ondown condition="!String.IsEqual(Container(100).CurrentItem,8)">SetFocus(41)</ondown>
			<onclick>SetFocus(400)</onclick>
			<onclick>Select</onclick>
			<onclick>SetFocus(40)</onclick>
		</control>
		<!-- Button to fix movement problem  -->
		<control type="button" id="21">
			<include>HiddenControl</include>
			<onfocus>SetFocus(20)</onfocus>
		</control>
		<!-- Button to fix movement problem  -->
		<control type="button" id="31">
			<include>HiddenControl</include>
			<onfocus>SetFocus(30)</onfocus>
		</control>
		<!-- Button to fix movement problem  -->
		<control type="button" id="41">
			<include>HiddenControl</include>
			<onfocus>SetFocus(40)</onfocus>
		</control>
		<!-- Background -->
		<include>DialogTextBackgroundImage</include>
		<control type="group">
			<animation reversible="true" type="WindowOpen">
				<effect center="auto" easing="inout" end="100" start="92" time="120" tween="sine" type="zoom"/>
				<effect easing="inout" end="100" start="0" time="120" tween="sine" type="fade"/>
			</animation>
			<animation reversible="true" type="WindowClose">
				<effect center="auto" easing="inout" end="92" start="100" time="120" tween="sine" type="zoom"/>
				<effect easing="inout" end="0" start="100" time="120" tween="sine" type="fade"/>
			</animation>
			<!-- Main group -->
			<control type="group">
				<include>DialogZoomAnimation</include>
				<left>90</left>
				<centertop>50%</centertop>
				<width>1740</width>
				<height>832</height>
				<control type="image">
					<width>1740</width>
					<height>832</height>
					<texture border="1,61,1,1">dialogs/file_manager_back.png</texture>
				</control>
				<!-- Widget type -->
				<control type="label">
					<left>40</left>
					<top>14</top>
					<height>30</height>
					<width>270</width>
					<aligny>center</aligny>
					<font>Bold30</font>
					<label>$LOCALIZE[31197]</label>
					<textcolor>ffdadada</textcolor>
				</control>
				<!-- Widget name -->
				<control type="label">
					<left>180</left>
					<top>14</top>
					<height>30</height>
					<width>460</width>
					<aligny>center</aligny>
					<font>Bold30</font>
					<label>$LOCALIZE[31024]</label>
					<textcolor>ffdadada</textcolor>
				</control>
				<!-- Widget path -->
				<control type="label">
					<left>650</left>
					<top>14</top>
					<height>30</height>
					<width>820</width>
					<aligny>center</aligny>
					<font>Bold30</font>
					<label>$LOCALIZE[31202]</label>
					<textcolor>ffdadada</textcolor>
				</control>
				<!-- Widget Layout -->
				<control type="label">
					<left>1500</left>
					<top>14</top>
					<height>30</height>
					<width>210</width>
					<aligny>center</aligny>
					<font>Bold30</font>
					<label>$LOCALIZE[31198]</label>
					<textcolor>ffdadada</textcolor>
				</control>
				<!-- Widget -->
				<control type="list" id="100">
					<top>60</top>
					<width>1740</width>
					<height>672</height>
					<scrolltime>0</scrolltime>
					<itemlayout height="84" width="1740">
						<control type="image">
							<width>1740</width>
							<height>84</height>
							<texture border="3">settings/button_no_focus.png</texture>
						</control>
						<control type="label">
							<left>40</left>
							<width>270</width>
							<height>84</height>
							<font>Light32</font>
							<textcolor>ff505153</textcolor>
							<label>$INFO[ListItem.Label]</label>
						</control>
					</itemlayout>
					<focusedlayout height="84" width="1740">
						<control type="image">
							<width>1740</width>
							<height>84</height>
							<texture border="3">settings/button_focus.png</texture>
						</control>
						<control type="label">
							<left>40</left>
							<width>270</width>
							<height>84</height>
							<font>Light32</font>
							<textcolor>ffffaf37</textcolor>
							<label>$INFO[ListItem.Label]</label>
							<visible>Control.HasFocus(10)</visible>
						</control>
						<control type="label">
							<left>40</left>
							<width>270</width>
							<height>84</height>
							<font>Light32</font>
							<textcolor>ffffffff</textcolor>
							<label>$INFO[ListItem.Label]</label>
							<visible>!Control.HasFocus(10)</visible>
						</control>
					</focusedlayout>
					<content>
						<item>
							<label>#1</label>
						</item>
						<item>
							<label>#2</label>
						</item>
						<item>
							<label>#3</label>
						</item>
						<item>
							<label>#4</label>
						</item>
						<item>
							<label>#5</label>
						</item>
						<item>
							<label>#6</label>
						</item>
						<item>
							<label>#7</label>
						</item>
						<item>
							<label>#8</label>
						</item>
					</content>
				</control>
				<!-- Widget label -->
				<control type="list" id="200">
					<top>60</top>
					<width>1740</width>
					<height>672</height>
					<scrolltime>0</scrolltime>
					<itemlayout height="84" width="1740">
						<control type="label">
							<left>180</left>
							<width>440</width>
							<height>84</height>
							<font>Light32</font>
							<textcolor>ff505153</textcolor>
							<label>$INFO[ListItem.Label]</label>
							<visible>!String.IsEmpty(ListItem.Label)</visible>
						</control>
						<control type="label">
							<left>180</left>
							<width>440</width>
							<height>84</height>
							<font>Light32</font>
							<textcolor>ff505153</textcolor>
							<label>$INFO[ListItem.Label2]</label>
							<visible>String.IsEmpty(ListItem.Label)</visible>
						</control>
					</itemlayout>
					<focusedlayout height="84" width="1740">
						<control type="label">
							<left>180</left>
							<width>440</width>
							<height>84</height>
							<font>Light32</font>
							<textcolor>ffffaf37</textcolor>
							<label>$INFO[ListItem.Label]</label>
							<visible>Control.HasFocus(20) + !String.IsEmpty(ListItem.Label)</visible>
						</control>
						<control type="label">
							<left>180</left>
							<width>440</width>
							<height>84</height>
							<font>Light32</font>
							<textcolor>ffffffff</textcolor>
							<label>$INFO[ListItem.Label]</label>
							<visible>!Control.HasFocus(20) + !String.IsEmpty(ListItem.Label)</visible>
						</control>
						<control type="label">
							<left>180</left>
							<width>440</width>
							<height>84</height>
							<font>Light32</font>
							<textcolor>ffffaf37</textcolor>
							<label>$INFO[ListItem.Label2]</label>
							<visible>Control.HasFocus(20) + String.IsEmpty(ListItem.Label)</visible>
						</control>
						<control type="label">
							<left>180</left>
							<width>440</width>
							<height>84</height>
							<font>Light32</font>
							<textcolor>ffffffff</textcolor>
							<label>$INFO[ListItem.Label2]</label>
							<visible>!Control.HasFocus(20) + String.IsEmpty(ListItem.Label)</visible>
						</control>
					</focusedlayout>
					<content>
						<item>
							<label>$VAR[WidgetLabel-1]</label>
							<label2>31200</label2>
							<onclick>Skin.SetString($INFO[Window(home).Property(SubMenu),,-WidgetLabel-1])</onclick>
						</item>
						<item>
							<label>$VAR[WidgetLabel-2]</label>
							<label2>31200</label2>
							<onclick>Skin.SetString($INFO[Window(home).Property(SubMenu),,-WidgetLabel-2])</onclick>
						</item>
						<item>
							<label>$VAR[WidgetLabel-3]</label>
							<label2>31200</label2>
							<onclick>Skin.SetString($INFO[Window(home).Property(SubMenu),,-WidgetLabel-3])</onclick>
						</item>
						<item>
							<label>$VAR[WidgetLabel-4]</label>
							<label2>31200</label2>
							<onclick>Skin.SetString($INFO[Window(home).Property(SubMenu),,-WidgetLabel-4])</onclick>
						</item>
						<item>
							<label>$VAR[WidgetLabel-5]</label>
							<label2>31200</label2>
							<onclick>Skin.SetString($INFO[Window(home).Property(SubMenu),,-WidgetLabel-5])</onclick>
						</item>
						<item>
							<label>$VAR[WidgetLabel-6]</label>
							<label2>31200</label2>
							<onclick>Skin.SetString($INFO[Window(home).Property(SubMenu),,-WidgetLabel-6])</onclick>
						</item>
						<item>
							<label>$VAR[WidgetLabel-7]</label>
							<label2>31200</label2>
							<onclick>Skin.SetString($INFO[Window(home).Property(SubMenu),,-WidgetLabel-7])</onclick>
						</item>
						<item>
							<label>$VAR[WidgetLabel-8]</label>
							<label2>31200</label2>
							<onclick>Skin.SetString($INFO[Window(home).Property(SubMenu),,-WidgetLabel-8])</onclick>
						</item>
					</content>
				</control>
				<!-- Widget path -->
				<control type="list" id="300">
					<top>60</top>
					<width>1740</width>
					<height>672</height>
					<scrolltime>0</scrolltime>
					<itemlayout height="84" width="1760">
						<control type="label">
							<left>650</left>
							<width>820</width>
							<height>84</height>
							<font>Light32</font>
							<textcolor>ff505153</textcolor>
							<label>$INFO[ListItem.Label]</label>
							<visible>!String.IsEmpty(ListItem.Label)</visible>
						</control>
						<control type="label">
							<left>650</left>
							<width>820</width>
							<height>84</height>
							<font>Light32</font>
							<textcolor>ff505153</textcolor>
							<label>$INFO[ListItem.Label2]</label>
							<visible>String.IsEmpty(ListItem.Label)</visible>
						</control>
					</itemlayout>
					<focusedlayout height="84" width="1720">
						<control type="label">
							<left>650</left>
							<width>820</width>
							<height>84</height>
							<font>Light32</font>
							<scroll>true</scroll>
							<textcolor>ffffaf37</textcolor>
							<label>$INFO[ListItem.Label]</label>
							<visible>Control.HasFocus(30) + !String.IsEmpty(ListItem.Label)</visible>
						</control>
						<control type="label">
							<left>650</left>
							<width>820</width>
							<height>84</height>
							<font>Light32</font>
							<textcolor>ffffffff</textcolor>
							<label>$INFO[ListItem.Label]</label>
							<visible>!Control.HasFocus(30) + !String.IsEmpty(ListItem.Label)</visible>
						</control>
						<control type="label">
							<left>650</left>
							<width>820</width>
							<height>84</height>
							<font>Light32</font>
							<textcolor>ffffaf37</textcolor>
							<label>$INFO[ListItem.Label2]</label>
							<visible>Control.HasFocus(30) + String.IsEmpty(ListItem.Label)</visible>
						</control>
						<control type="label">
							<left>650</left>
							<width>820</width>
							<height>84</height>
							<font>Light32</font>
							<textcolor>ffffffff</textcolor>
							<label>$INFO[ListItem.Label2]</label>
							<visible>!Control.HasFocus(30) + String.IsEmpty(ListItem.Label)</visible>
						</control>
					</focusedlayout>
					<content>
						<item>
							<label>$VAR[WidgetAction-1]</label>
							<label2>31201</label2>
							<onclick>RunScript(script.skinshortcuts,type=shortcuts&amp;showNone=True&amp;skinLabel=$INFO[Window(home).Property(SubMenu)]-WidgetLabel-1&amp;skinAction=$INFO[Window(home).Property(SubMenu)]-WidgetAction-1&amp;skinList=$INFO[Window(home).Property(SubMenu)]-WidgetList-1&amp;skinType=$INFO[Window(home).Property(SubMenu)]-WidgetType-1)</onclick>
						</item>
						<item>
							<label>$VAR[WidgetAction-2]</label>
							<label2>31201</label2>
							<onclick>RunScript(script.skinshortcuts,type=shortcuts&amp;showNone=True&amp;skinLabel=$INFO[Window(home).Property(SubMenu)]-WidgetLabel-2&amp;skinAction=$INFO[Window(home).Property(SubMenu)]-WidgetAction-2&amp;skinList=$INFO[Window(home).Property(SubMenu)]-WidgetList-2&amp;skinType=$INFO[Window(home).Property(SubMenu)]-WidgetType-2)</onclick>
						</item>
						<item>
							<label>$VAR[WidgetAction-3]</label>
							<label2>31201</label2>
							<onclick>RunScript(script.skinshortcuts,type=shortcuts&amp;showNone=True&amp;skinLabel=$INFO[Window(home).Property(SubMenu)]-WidgetLabel-3&amp;skinAction=$INFO[Window(home).Property(SubMenu)]-WidgetAction-3&amp;skinList=$INFO[Window(home).Property(SubMenu)]-WidgetList-3&amp;skinType=$INFO[Window(home).Property(SubMenu)]-WidgetType-3)</onclick>
						</item>
						<item>
							<label>$VAR[WidgetAction-4]</label>
							<label2>31201</label2>
							<onclick>RunScript(script.skinshortcuts,type=shortcuts&amp;showNone=True&amp;skinLabel=$INFO[Window(home).Property(SubMenu)]-WidgetLabel-4&amp;skinAction=$INFO[Window(home).Property(SubMenu)]-WidgetAction-4&amp;skinList=$INFO[Window(home).Property(SubMenu)]-WidgetList-4&amp;skinType=$INFO[Window(home).Property(SubMenu)]-WidgetType-4)</onclick>
						</item>
						<item>
							<label>$VAR[WidgetAction-5]</label>
							<label2>31201</label2>
							<onclick>RunScript(script.skinshortcuts,type=shortcuts&amp;showNone=True&amp;skinLabel=$INFO[Window(home).Property(SubMenu)]-WidgetLabel-5&amp;skinAction=$INFO[Window(home).Property(SubMenu)]-WidgetAction-5&amp;skinList=$INFO[Window(home).Property(SubMenu)]-WidgetList-5&amp;skinType=$INFO[Window(home).Property(SubMenu)]-WidgetType-5)</onclick>
						</item>
						<item>
							<label>$VAR[WidgetAction-6]</label>
							<label2>31201</label2>
							<onclick>RunScript(script.skinshortcuts,type=shortcuts&amp;showNone=True&amp;skinLabel=$INFO[Window(home).Property(SubMenu)]-WidgetLabel-6&amp;skinAction=$INFO[Window(home).Property(SubMenu)]-WidgetAction-6&amp;skinList=$INFO[Window(home).Property(SubMenu)]-WidgetList-6&amp;skinType=$INFO[Window(home).Property(SubMenu)]-WidgetType-6)</onclick>
						</item>
						<item>
							<label>$VAR[WidgetAction-7]</label>
							<label2>31201</label2>
							<onclick>RunScript(script.skinshortcuts,type=shortcuts&amp;showNone=True&amp;skinLabel=$INFO[Window(home).Property(SubMenu)]-WidgetLabel-7&amp;skinAction=$INFO[Window(home).Property(SubMenu)]-WidgetAction-7&amp;skinList=$INFO[Window(home).Property(SubMenu)]-WidgetList-7&amp;skinType=$INFO[Window(home).Property(SubMenu)]-WidgetType-7)</onclick>
						</item>
						<item>
							<label>$VAR[WidgetAction-8]</label>
							<label2>31201</label2>
							<onclick>RunScript(script.skinshortcuts,type=shortcuts&amp;showNone=True&amp;skinLabel=$INFO[Window(home).Property(SubMenu)]-WidgetLabel-8&amp;skinAction=$INFO[Window(home).Property(SubMenu)]-WidgetAction-8&amp;skinList=$INFO[Window(home).Property(SubMenu)]-WidgetList-8&amp;skinType=$INFO[Window(home).Property(SubMenu)]-WidgetType-8)</onclick>
						</item>
					</content>
				</control>
				<!-- Widget layout -->
				<control type="list" id="400">
					<top>60</top>
					<width>1740</width>
					<height>672</height>
					<scrolltime>0</scrolltime>
					<itemlayout height="84" width="1740">
						<control type="label">
							<left>1500</left>
							<width>210</width>
							<height>84</height>
							<font>Light32</font>
							<textcolor>ff505153</textcolor>
							<label>$INFO[ListItem.Label]</label>
							<visible>!String.IsEmpty(ListItem.Label)</visible>
						</control>
						<control type="label">
							<left>1500</left>
							<width>210</width>
							<height>84</height>
							<font>Light32</font>
							<textcolor>ff505153</textcolor>
							<label>$INFO[ListItem.Label2]</label>
							<visible>String.IsEmpty(ListItem.Label)</visible>
						</control>
					</itemlayout>
					<focusedlayout height="84" width="1690">
						<control type="label">
							<left>1500</left>
							<width>210</width>
							<height>84</height>
							<font>Light32</font>
							<scroll>true</scroll>
							<textcolor>ffffaf37</textcolor>
							<label>$INFO[ListItem.Label]</label>
							<visible>Control.HasFocus(40) + !String.IsEmpty(ListItem.Label)</visible>
						</control>
						<control type="label">
							<left>1500</left>
							<width>210</width>
							<height>84</height>
							<font>Light32</font>
							<textcolor>ffffffff</textcolor>
							<label>$INFO[ListItem.Label]</label>
							<visible>!Control.HasFocus(40) + !String.IsEmpty(ListItem.Label)</visible>
						</control>
						<control type="label">
							<left>1500</left>
							<width>210</width>
							<height>84</height>
							<font>Light32</font>
							<textcolor>ffffaf37</textcolor>
							<label>$INFO[ListItem.Label2]</label>
							<visible>Control.HasFocus(40) + String.IsEmpty(ListItem.Label)</visible>
						</control>
						<control type="label">
							<left>1500</left>
							<width>210</width>
							<height>84</height>
							<font>Light32</font>
							<textcolor>ffffffff</textcolor>
							<label>$INFO[ListItem.Label2]</label>
							<visible>!Control.HasFocus(40) + String.IsEmpty(ListItem.Label)</visible>
						</control>
					</focusedlayout>
					<content>
						<item>
							<label>$VAR[WidgetStyle-1]</label>
							<label2>$LOCALIZE[31203]</label2>
							<onclick>SetProperty(Dialog.NumItems,4)</onclick>
							<onclick>SetProperty(Dialog.1.Label,$LOCALIZE[31159])</onclick>
							<onclick>SetProperty(Dialog.1.BuiltIn,Skin.SetString($INFO[Window(home).Property(SubMenu),,-WidgetStyle-1],$LOCALIZE[31159]))</onclick>
							<onclick>SetProperty(Dialog.2.Label,$LOCALIZE[31160])</onclick>
							<onclick>SetProperty(Dialog.2.BuiltIn,Skin.SetString($INFO[Window(home).Property(SubMenu),,-WidgetStyle-1],$LOCALIZE[31160]))</onclick>
							<onclick>SetProperty(Dialog.3.Label,$LOCALIZE[31161])</onclick>
							<onclick>SetProperty(Dialog.3.BuiltIn,Skin.SetString($INFO[Window(home).Property(SubMenu),,-WidgetStyle-1],$LOCALIZE[31161]))</onclick>
							<onclick>SetProperty(Dialog.4.Label,$LOCALIZE[31203])</onclick>
							<onclick>SetProperty(Dialog.4.BuiltIn,Skin.SetString($INFO[Window(home).Property(SubMenu),,-WidgetStyle-1],$LOCALIZE[31203]))</onclick>
							<onclick>RunScript(script.embuary.helper,action=createselect,header=$LOCALIZE[31198])</onclick>
						</item>
						<item>
							<label>$VAR[WidgetStyle-2]</label>
							<label2>$LOCALIZE[31203]</label2>
							<onclick>SetProperty(Dialog.NumItems,4)</onclick>
							<onclick>SetProperty(Dialog.1.Label,$LOCALIZE[31159])</onclick>
							<onclick>SetProperty(Dialog.1.BuiltIn,Skin.SetString($INFO[Window(home).Property(SubMenu),,-WidgetStyle-2],$LOCALIZE[31159]))</onclick>
							<onclick>SetProperty(Dialog.2.Label,$LOCALIZE[31160])</onclick>
							<onclick>SetProperty(Dialog.2.BuiltIn,Skin.SetString($INFO[Window(home).Property(SubMenu),,-WidgetStyle-2],$LOCALIZE[31160]))</onclick>
							<onclick>SetProperty(Dialog.3.Label,$LOCALIZE[31161])</onclick>
							<onclick>SetProperty(Dialog.3.BuiltIn,Skin.SetString($INFO[Window(home).Property(SubMenu),,-WidgetStyle-2],$LOCALIZE[31161]))</onclick>
							<onclick>SetProperty(Dialog.4.Label,$LOCALIZE[31203])</onclick>
							<onclick>SetProperty(Dialog.4.BuiltIn,Skin.SetString($INFO[Window(home).Property(SubMenu),,-WidgetStyle-2],$LOCALIZE[31203]))</onclick>
							<onclick>RunScript(script.embuary.helper,action=createselect,header=$LOCALIZE[31198])</onclick>
						</item>
						<item>
							<label>$VAR[WidgetStyle-3]</label>
							<label2>$LOCALIZE[31203]</label2>
							<onclick>SetProperty(Dialog.NumItems,4)</onclick>
							<onclick>SetProperty(Dialog.1.Label,$LOCALIZE[31159])</onclick>
							<onclick>SetProperty(Dialog.1.BuiltIn,Skin.SetString($INFO[Window(home).Property(SubMenu),,-WidgetStyle-3],$LOCALIZE[31159]))</onclick>
							<onclick>SetProperty(Dialog.2.Label,$LOCALIZE[31160])</onclick>
							<onclick>SetProperty(Dialog.2.BuiltIn,Skin.SetString($INFO[Window(home).Property(SubMenu),,-WidgetStyle-3],$LOCALIZE[31160]))</onclick>
							<onclick>SetProperty(Dialog.3.Label,$LOCALIZE[31161])</onclick>
							<onclick>SetProperty(Dialog.3.BuiltIn,Skin.SetString($INFO[Window(home).Property(SubMenu),,-WidgetStyle-3],$LOCALIZE[31161]))</onclick>
							<onclick>SetProperty(Dialog.4.Label,$LOCALIZE[31203])</onclick>
							<onclick>SetProperty(Dialog.4.BuiltIn,Skin.SetString($INFO[Window(home).Property(SubMenu),,-WidgetStyle-3],$LOCALIZE[31203]))</onclick>
							<onclick>RunScript(script.embuary.helper,action=createselect,header=$LOCALIZE[31198])</onclick>
						</item>
						<item>
							<label>$VAR[WidgetStyle-4]</label>
							<label2>$LOCALIZE[31203]</label2>
							<onclick>SetProperty(Dialog.NumItems,4)</onclick>
							<onclick>SetProperty(Dialog.1.Label,$LOCALIZE[31159])</onclick>
							<onclick>SetProperty(Dialog.1.BuiltIn,Skin.SetString($INFO[Window(home).Property(SubMenu),,-WidgetStyle-4],$LOCALIZE[31159]))</onclick>
							<onclick>SetProperty(Dialog.2.Label,$LOCALIZE[31160])</onclick>
							<onclick>SetProperty(Dialog.2.BuiltIn,Skin.SetString($INFO[Window(home).Property(SubMenu),,-WidgetStyle-4],$LOCALIZE[31160]))</onclick>
							<onclick>SetProperty(Dialog.3.Label,$LOCALIZE[31161])</onclick>
							<onclick>SetProperty(Dialog.3.BuiltIn,Skin.SetString($INFO[Window(home).Property(SubMenu),,-WidgetStyle-4],$LOCALIZE[31161]))</onclick>
							<onclick>SetProperty(Dialog.4.Label,$LOCALIZE[31203])</onclick>
							<onclick>SetProperty(Dialog.4.BuiltIn,Skin.SetString($INFO[Window(home).Property(SubMenu),,-WidgetStyle-4],$LOCALIZE[31203]))</onclick>
							<onclick>RunScript(script.embuary.helper,action=createselect,header=$LOCALIZE[31198])</onclick>
						</item>
						<item>
							<label>$VAR[WidgetStyle-5]</label>
							<label2>$LOCALIZE[31203]</label2>
							<onclick>SetProperty(Dialog.NumItems,4)</onclick>
							<onclick>SetProperty(Dialog.1.Label,$LOCALIZE[31159])</onclick>
							<onclick>SetProperty(Dialog.1.BuiltIn,Skin.SetString($INFO[Window(home).Property(SubMenu),,-WidgetStyle-5],$LOCALIZE[31159]))</onclick>
							<onclick>SetProperty(Dialog.2.Label,$LOCALIZE[31160])</onclick>
							<onclick>SetProperty(Dialog.2.BuiltIn,Skin.SetString($INFO[Window(home).Property(SubMenu),,-WidgetStyle-5],$LOCALIZE[31160]))</onclick>
							<onclick>SetProperty(Dialog.3.Label,$LOCALIZE[31161])</onclick>
							<onclick>SetProperty(Dialog.3.BuiltIn,Skin.SetString($INFO[Window(home).Property(SubMenu),,-WidgetStyle-5],$LOCALIZE[31161]))</onclick>
							<onclick>SetProperty(Dialog.4.Label,$LOCALIZE[31203])</onclick>
							<onclick>SetProperty(Dialog.4.BuiltIn,Skin.SetString($INFO[Window(home).Property(SubMenu),,-WidgetStyle-5],$LOCALIZE[31203]))</onclick>
							<onclick>RunScript(script.embuary.helper,action=createselect,header=$LOCALIZE[31198])</onclick>
						</item>
						<item>
							<label>$VAR[WidgetStyle-6]</label>
							<label2>$LOCALIZE[31203]</label2>
							<onclick>SetProperty(Dialog.NumItems,4)</onclick>
							<onclick>SetProperty(Dialog.1.Label,$LOCALIZE[31159])</onclick>
							<onclick>SetProperty(Dialog.1.BuiltIn,Skin.SetString($INFO[Window(home).Property(SubMenu),,-WidgetStyle-6],$LOCALIZE[31159]))</onclick>
							<onclick>SetProperty(Dialog.2.Label,$LOCALIZE[31160])</onclick>
							<onclick>SetProperty(Dialog.2.BuiltIn,Skin.SetString($INFO[Window(home).Property(SubMenu),,-WidgetStyle-6],$LOCALIZE[31160]))</onclick>
							<onclick>SetProperty(Dialog.3.Label,$LOCALIZE[31161])</onclick>
							<onclick>SetProperty(Dialog.3.BuiltIn,Skin.SetString($INFO[Window(home).Property(SubMenu),,-WidgetStyle-6],$LOCALIZE[31161]))</onclick>
							<onclick>SetProperty(Dialog.4.Label,$LOCALIZE[31203])</onclick>
							<onclick>SetProperty(Dialog.4.BuiltIn,Skin.SetString($INFO[Window(home).Property(SubMenu),,-WidgetStyle-6],$LOCALIZE[31203]))</onclick>
							<onclick>RunScript(script.embuary.helper,action=createselect,header=$LOCALIZE[31198])</onclick>
						</item>
						<item>
							<label>$VAR[WidgetStyle-7]</label>
							<label2>$LOCALIZE[31203]</label2>
							<onclick>SetProperty(Dialog.NumItems,4)</onclick>
							<onclick>SetProperty(Dialog.1.Label,$LOCALIZE[31159])</onclick>
							<onclick>SetProperty(Dialog.1.BuiltIn,Skin.SetString($INFO[Window(home).Property(SubMenu),,-WidgetStyle-7],$LOCALIZE[31159]))</onclick>
							<onclick>SetProperty(Dialog.2.Label,$LOCALIZE[31160])</onclick>
							<onclick>SetProperty(Dialog.2.BuiltIn,Skin.SetString($INFO[Window(home).Property(SubMenu),,-WidgetStyle-7],$LOCALIZE[31160]))</onclick>
							<onclick>SetProperty(Dialog.3.Label,$LOCALIZE[31161])</onclick>
							<onclick>SetProperty(Dialog.3.BuiltIn,Skin.SetString($INFO[Window(home).Property(SubMenu),,-WidgetStyle-7],$LOCALIZE[31161]))</onclick>
							<onclick>SetProperty(Dialog.4.Label,$LOCALIZE[31203])</onclick>
							<onclick>SetProperty(Dialog.4.BuiltIn,Skin.SetString($INFO[Window(home).Property(SubMenu),,-WidgetStyle-7],$LOCALIZE[31203]))</onclick>
							<onclick>RunScript(script.embuary.helper,action=createselect,header=$LOCALIZE[31198])</onclick>
						</item>
						<item>
							<label>$VAR[WidgetStyle-8]</label>
							<label2>$LOCALIZE[31203]</label2>
							<onclick>SetProperty(Dialog.NumItems,4)</onclick>
							<onclick>SetProperty(Dialog.1.Label,$LOCALIZE[31159])</onclick>
							<onclick>SetProperty(Dialog.1.BuiltIn,Skin.SetString($INFO[Window(home).Property(SubMenu),,-WidgetStyle-8],$LOCALIZE[31159]))</onclick>
							<onclick>SetProperty(Dialog.2.Label,$LOCALIZE[31160])</onclick>
							<onclick>SetProperty(Dialog.2.BuiltIn,Skin.SetString($INFO[Window(home).Property(SubMenu),,-WidgetStyle-8],$LOCALIZE[31160]))</onclick>
							<onclick>SetProperty(Dialog.3.Label,$LOCALIZE[31161])</onclick>
							<onclick>SetProperty(Dialog.3.BuiltIn,Skin.SetString($INFO[Window(home).Property(SubMenu),,-WidgetStyle-8],$LOCALIZE[31161]))</onclick>
							<onclick>SetProperty(Dialog.4.Label,$LOCALIZE[31203])</onclick>
							<onclick>SetProperty(Dialog.4.BuiltIn,Skin.SetString($INFO[Window(home).Property(SubMenu),,-WidgetStyle-8],$LOCALIZE[31203]))</onclick>
							<onclick>RunScript(script.embuary.helper,action=createselect,header=$LOCALIZE[31198])</onclick>
						</item>
					</content>
				</control>
				<!-- Button grouplist -->
				<control type="grouplist" id="9001">
					<left>0</left>
					<bottom>12</bottom>
					<width>1740</width>
					<height>76</height>
					<itemgap>0</itemgap>
					<onleft>noop</onleft>
					<onright>noop</onright>
					<onup>30</onup>
					<ondown>noop</ondown>
					<align>center</align>
					<orientation>horizontal</orientation>
					<!-- Reset Button -->
					<control type="button" id="1002">
						<width>320</width>
						<height>76</height>
						<align>center</align>
						<aligny>top</aligny>
						<font>Med24</font>
						<textoffsetx>23</textoffsetx>
						<textoffsety>27</textoffsety>
						<label>13007</label>
						<onclick>Skin.Reset($INFO[Window(home).Property(SubMenu),,-WidgetLabel-1])</onclick>
						<onclick>Skin.Reset($INFO[Window(home).Property(SubMenu),,-WidgetLabel-2])</onclick>
						<onclick>Skin.Reset($INFO[Window(home).Property(SubMenu),,-WidgetLabel-3])</onclick>
						<onclick>Skin.Reset($INFO[Window(home).Property(SubMenu),,-WidgetLabel-4])</onclick>
						<onclick>Skin.Reset($INFO[Window(home).Property(SubMenu),,-WidgetLabel-5])</onclick>
						<onclick>Skin.Reset($INFO[Window(home).Property(SubMenu),,-WidgetLabel-6])</onclick>
						<onclick>Skin.Reset($INFO[Window(home).Property(SubMenu),,-WidgetLabel-7])</onclick>
						<onclick>Skin.Reset($INFO[Window(home).Property(SubMenu),,-WidgetLabel-8])</onclick>
						<onclick>Skin.Reset($INFO[Window(home).Property(SubMenu),,-WidgetAction-1])</onclick>
						<onclick>Skin.Reset($INFO[Window(home).Property(SubMenu),,-WidgetAction-2])</onclick>
						<onclick>Skin.Reset($INFO[Window(home).Property(SubMenu),,-WidgetAction-3])</onclick>
						<onclick>Skin.Reset($INFO[Window(home).Property(SubMenu),,-WidgetAction-4])</onclick>
						<onclick>Skin.Reset($INFO[Window(home).Property(SubMenu),,-WidgetAction-5])</onclick>
						<onclick>Skin.Reset($INFO[Window(home).Property(SubMenu),,-WidgetAction-6])</onclick>
						<onclick>Skin.Reset($INFO[Window(home).Property(SubMenu),,-WidgetAction-7])</onclick>
						<onclick>Skin.Reset($INFO[Window(home).Property(SubMenu),,-WidgetAction-8])</onclick>
						<onclick>Skin.Reset($INFO[Window(home).Property(SubMenu),,-WidgetList-1])</onclick>
						<onclick>Skin.Reset($INFO[Window(home).Property(SubMenu),,-WidgetList-2])</onclick>
						<onclick>Skin.Reset($INFO[Window(home).Property(SubMenu),,-WidgetList-3])</onclick>
						<onclick>Skin.Reset($INFO[Window(home).Property(SubMenu),,-WidgetList-4])</onclick>
						<onclick>Skin.Reset($INFO[Window(home).Property(SubMenu),,-WidgetList-5])</onclick>
						<onclick>Skin.Reset($INFO[Window(home).Property(SubMenu),,-WidgetList-6])</onclick>
						<onclick>Skin.Reset($INFO[Window(home).Property(SubMenu),,-WidgetList-7])</onclick>
						<onclick>Skin.Reset($INFO[Window(home).Property(SubMenu),,-WidgetList-8])</onclick>
						<onclick>Skin.Reset($INFO[Window(home).Property(SubMenu),,-WidgetStyle-1])</onclick>
						<onclick>Skin.Reset($INFO[Window(home).Property(SubMenu),,-WidgetStyle-2])</onclick>
						<onclick>Skin.Reset($INFO[Window(home).Property(SubMenu),,-WidgetStyle-3])</onclick>
						<onclick>Skin.Reset($INFO[Window(home).Property(SubMenu),,-WidgetStyle-4])</onclick>
						<onclick>Skin.Reset($INFO[Window(home).Property(SubMenu),,-WidgetStyle-5])</onclick>
						<onclick>Skin.Reset($INFO[Window(home).Property(SubMenu),,-WidgetStyle-6])</onclick>
						<onclick>Skin.Reset($INFO[Window(home).Property(SubMenu),,-WidgetStyle-7])</onclick>
						<onclick>Skin.Reset($INFO[Window(home).Property(SubMenu),,-WidgetStyle-8])</onclick>
						<onclick>Skin.Reset($INFO[Window(home).Property(SubMenu),,-WidgetView])</onclick>
					</control>
					<!-- OK Button -->
					<control type="button" id="1003">
						<width>320</width>
						<height>76</height>
						<align>center</align>
						<aligny>top</aligny>
						<font>Med24</font>
						<textoffsetx>23</textoffsetx>
						<textoffsety>27</textoffsety>
						<label>186</label>
						<onclick>Close</onclick>
					</control>
				</control>
			</control>
		</control>
	</controls>
</window>
