<?xml version="1.0" encoding="UTF-8"?>
<window>
	<!-- selectdialog -->
	<defaultcontrol always="true">3</defaultcontrol>
	<onload condition="!String.IsEmpty(Window(home).Property(SetUserRating))">SetFocus(21)</onload>
	<onunload>ClearProperty(SetUserRating,home)</onunload>
	<onunload>ClearProperty(UserRatingIcon,home)</onunload>
	<controls>
		<include condition="String.IsEmpty(Window(home).Property(SetUserRating)) + String.IsEmpty(Window(home).Property(VideoOSDSelect)) + !Window.IsActive(gameviewmode) + !Window.IsActive(gamevideofilter)">Includes_DialogSelect_Default</include>
		<include condition="String.IsEmpty(Window(home).Property(SetUserRating)) + [Window.IsActive(gameviewmode) | Window.IsActive(gamevideofilter) | Window.IsActive(gamevideorotation)]">Includes_DialogSelect_Game</include>
		<include condition="!String.IsEmpty(Window(home).Property(VideoOSDSelect))">Includes_DialogSelect_VideoOSDSelect</include>
		<include condition="!String.IsEmpty(Window(home).Property(SetUserRating))">Includes_DialogSelect_Special</include>
	</controls>
</window>
