<?xml version="1.0" encoding="UTF-8"?>
<window>
	<!-- favourites -->
	<backgroundcolor>0xff12161b</backgroundcolor>
	<defaultcontrol always="true">450</defaultcontrol>
	<onload>Control.Move(450,$INFO[Container(450).CurrentItem,-])</onload>
	<onload>Control.Move(450,1)</onload>
	<controls>
		<!-- No results -->
		<control type="group">
			<visible>Integer.IsEqual(Container(450).NumItems,0)</visible>
			<animation delay="800" effect="fade" end="100" start="0" time="200">WindowOpen</animation>
			<control type="image">
				<centerleft>50%</centerleft>
				<top>385</top>
				<width>1490</width>
				<height>310</height>
				<texture>dialogs/empty_search.png</texture>
			</control>
			<control type="group">
				<centerleft>50%</centerleft>
				<top>473</top>
				<control type="label">
					<height>32</height>
					<font>Bold32</font>
					<align>center</align>
					<textcolor>ffdadada</textcolor>
					<label>$LOCALIZE[31253]</label>
				</control>
				<control type="label">
					<top>34</top>
					<height>32</height>
					<font>Reg22</font>
					<align>center</align>
					<textcolor>ff717171</textcolor>
					<label>$LOCALIZE[31254]</label>
				</control>
			</control>
		</control>
		<!-- Heading / Current item / Total items -->
		<control type="grouplist">
			<left>198</left>
			<top>134</top>
			<height>80</height>
			<itemgap>10</itemgap>
			<orientation>horizontal</orientation>
			<usecontrolcoords>true</usecontrolcoords>
			<animation delay="400" easing="inout" effect="fade" end="100" start="0" time="120" tween="sine" reversible="false">WindowOpen</animation>
			<animation effect="fade" end="0" start="100" time="0">WindowClose</animation>
			<visible>!String.IsEmpty(Container(450).NumItems)</visible>
			<control type="label">
				<width>auto</width>
				<height>60</height>
				<font>Med48</font>
				<aligny>bottom</aligny>
				<textcolor>ffdadada</textcolor>
				<label>$LOCALIZE[1036]  </label>
			</control>
			<control type="label">
				<top>15</top>
				<width>auto</width>
				<height>60</height>
				<font>Med32</font>
				<aligny>bottom</aligny>
				<textcolor>ffdadada</textcolor>
				<label>$INFO[Container(450).CurrentItem]</label>
				<visible>Integer.IsGreater(Container(450).NumItems,0)</visible>
			</control>
			<control type="label">
				<top>14</top>
				<width>auto</width>
				<height>60</height>
				<font>Light36</font>
				<aligny>bottom</aligny>
				<textcolor>ff505050</textcolor>
				<label>|</label>
				<visible>Integer.IsGreater(Container(450).NumItems,0)</visible>
			</control>
			<control type="label">
				<top>15</top>
				<width>auto</width>
				<height>60</height>
				<font>Light32</font>
				<aligny>bottom</aligny>
				<textcolor>ff505050</textcolor>
				<label>$INFO[Container(450).NumItems]</label>
				<visible>Integer.IsGreater(Container(450).NumItems,0)</visible>
			</control>
		</control>
		<!-- List -->
		<control id="450" type="fixedlist">
			<left>-238</left>
			<top>242</top>
			<width>2200</width>
			<height>576</height>
			<onup>Back</onup>
			<ondown>1001</ondown>
			<onleft>Back</onleft>
			<onright>noop</onright>
			<onright condition="!Window.IsVisible(1103)">SetProperty(BounceRight,1,Home)</onright>
			<preloaditems>2</preloaditems>
			<focusposition>1</focusposition>
			<viewtype label="31161">list</viewtype>
			<orientation>horizontal</orientation>
			<defaultcontrol always="true">0</defaultcontrol>
			<scrolltime easing="inout" tween="sine">300</scrolltime>
			<animation condition="Window.IsVisible(1103)" reversible="false" type="Conditional">
				<effect easing="out" end="-20,0" start="0,0" time="60" tween="sine" type="slide"/>
				<effect delay="80" easing="out" end="20,0" start="0,0" time="120" tween="sine" type="slide"/>
			</animation>
			<animation reversible="false" condition="Window.IsVisible(home)" easing="inout" effect="slide" end="0,0" start="193,10" time="540" tween="sine">WindowOpen</animation>
			<itemlayout height="576" width="436">
				<control type="group">
					<animation center="250,288" condition="true" effect="zoom" end="85" start="85">Conditional</animation>
					<control type="image">
						<top>48</top>
						<width>480</width>
						<height>480</height>
						<aspectratio align="center">scale</aspectratio>
						<texture background="true">common/default_empty.png</texture>
						<visible>!String.IsEmpty(ListItem.Icon)</visible>
					</control>
					<control type="image">
						<left>-48</left>
						<centertop>288</centertop>
						<width>576</width>
						<height>576</height>
						<texture border="50">views/shadow_nf.png</texture>
					</control>
					<control type="image">
						<top>48</top>
						<width>480</width>
						<height>480</height>
						<colordiffuse>ff212121</colordiffuse>
						<aspectratio align="center">stretch</aspectratio>
						<texture background="true" fallback="views/square_fallback.png">$INFO[ListItem.Icon]</texture>
					</control>
					<control type="image">
						<top>48</top>
						<width>480</width>
						<height>480</height>
						<aspectratio align="center">keep</aspectratio>
						<texture background="true" fallback="views/square_fallback.png">$INFO[ListItem.Icon]</texture>
					</control>
					<control type="image">
						<top>48</top>
						<width>480</width>
						<height>480</height>
						<texture border="2">views/season_overlay.png</texture>
						<visible>!String.Contains(ListItem.Icon,Default)</visible>
					</control>
					<control type="label">
						<left>18</left>
						<top>447</top>
						<width>446</width>
						<height>42</height>
						<font>Bold44</font>
						<scroll>false</scroll>
						<textcolor>ffffffff</textcolor>
						<shadowcolor>88000000</shadowcolor>
						<label>$INFO[ListItem.Label]</label>
					</control>
					<control type="image">
						<top>48</top>
						<width>480</width>
						<height>480</height>
						<texture>views/OverlayNF.png</texture>
					</control>
				</control>
			</itemlayout>
			<focusedlayout height="576" width="436">
				<control type="group">
					<animation center="250,288" easing="inout" effect="zoom" end="100" start="85" time="300" tween="sine">Focus</animation>
					<animation center="250,288" condition="Container(450).OnNext | Container(450).OnPrevious" easing="inout" effect="zoom" end="85" start="100" time="300" tween="sine">UnFocus</animation>
					<control type="image">
						<left>-48</left>
						<centertop>288</centertop>
						<width>576</width>
						<height>576</height>
						<texture border="50">views/shadow_fo.png</texture>
						<animation center="auto" condition="Control.HasFocus(450) | Container(450).OnNext | Container(450).OnPrevious" easing="inout" effect="fade" end="100" start="0" time="300" tween="sine">Focus</animation>
						<animation center="auto" condition="Container(450).OnNext | Container(450).OnPrevious" easing="inout" effect="fade" end="0" start="100" time="300" tween="sine">UnFocus</animation>
					</control>
					<control type="image">
						<left>-48</left>
						<centertop>288</centertop>
						<width>576</width>
						<height>576</height>
						<texture border="50">views/shadow_nf.png</texture>
						<animation center="auto" condition="Control.HasFocus(450)" easing="inout" effect="fade" end="0" start="100" time="300" tween="sine">Focus</animation>
						<animation center="auto" condition="Control.HasFocus(450)" easing="inout" effect="fade" end="100" start="0" time="300" tween="sine">UnFocus</animation>
					</control>
					<control type="image">
						<top>48</top>
						<width>480</width>
						<height>480</height>
						<aspectratio align="center">scale</aspectratio>
						<texture background="true">common/default_empty.png</texture>
						<visible>!String.IsEmpty(ListItem.Icon)</visible>
					</control>
					<control type="image">
						<top>48</top>
						<width>480</width>
						<height>480</height>
						<colordiffuse>ff212121</colordiffuse>
						<aspectratio align="center">stretch</aspectratio>
						<texture background="true" fallback="views/square_fallback.png">$INFO[ListItem.Icon]</texture>
					</control>
					<control type="image">
						<top>48</top>
						<width>480</width>
						<height>480</height>
						<aspectratio align="center">keep</aspectratio>
						<texture background="true" fallback="views/square_fallback.png">$INFO[ListItem.Icon]</texture>
					</control>
					<control type="image">
						<top>48</top>
						<width>480</width>
						<height>480</height>
						<texture border="2">views/season_overlay.png</texture>
						<visible>!String.Contains(ListItem.Icon,Default)</visible>
					</control>
					<control type="label">
						<left>18</left>
						<top>447</top>
						<width>446</width>
						<height>42</height>
						<font>Bold44</font>
						<scroll>false</scroll>
						<textcolor>ffffffff</textcolor>
						<shadowcolor>88000000</shadowcolor>
						<label>$INFO[ListItem.Label]</label>
					</control>
					<control type="image">
						<top>48</top>
						<width>480</width>
						<height>480</height>
						<texture>views/OverlayNF.png</texture>
						<animation center="auto" condition="Control.HasFocus(450)" easing="inout" effect="fade" end="0" start="100" time="300" tween="sine">Focus</animation>
						<animation center="auto" condition="Control.HasFocus(450)" easing="inout" effect="fade" end="100" start="0" time="300" tween="sine">UnFocus</animation>
					</control>
				</control>
			</focusedlayout>
		</control>
	</controls>
</window>
