<?xml version="1.0" encoding="UTF-8"?>
<window>
	<!-- volumebar -->
	<controls>
		<!-- Progress -->
		<control id="404" type="progress">
			<include>HiddenControl</include>
			<info>player.volume</info>
		</control>
		<!-- Main group -->
		<control type="group">
			<include>DialogAnimation</include>
			<right>78</right>
			<bottom>78</bottom>
			<width>406</width>
			<height>223</height>
			<!-- Background image -->
			<control type="image">
				<width>406</width>
				<height>223</height>
				<texture border="50">views/shadow_fo.png</texture>
			</control>
			<control type="image">
				<left>48</left>
				<top>48</top>
				<width>310</width>
				<height>127</height>
				<texture border="4">dialogs/DialogMessageBackground.png</texture>
			</control>
			<!-- Icon back -->
			<control type="image">
				<left>63</left>
				<top>63</top>
				<width>97</width>
				<height>97</height>
				<texture>dialogs/notification_icon.png</texture>
			</control>
			<!-- Icon -->
			<control type="image">
				<left>63</left>
				<top>63</top>
				<width>97</width>
				<height>97</height>
				<texture>$VAR[VolumeIcon]</texture>
			</control>
			<control type="group">
				<visible>!player.passthrough</visible>
				<!-- Heading -->
				<control type="label">
					<left>182</left>
					<top>70</top>
					<width>158</width>
					<height>44</height>
					<font>Med30</font>
					<textcolor>ffdadada</textcolor>
					<label>13376</label>
				</control>
				<!-- Details -->
				<control type="label">
					<left>182</left>
					<top>112</top>
					<width>158</width>
					<height>36</height>
					<font>Reg25</font>
					<scroll>true</scroll>
					<textcolor>ffdadada</textcolor>
					<label>$VAR[VolumeDetails]</label>
				</control>
			</control>
			<control type="group">
				<visible>player.passthrough</visible>
				<!-- Heading -->
				<control type="label">
					<left>182</left>
					<top>70</top>
					<width>158</width>
					<height>44</height>
					<font>Med30</font>
					<textcolor>ffdadada</textcolor>
					<label>13376</label>
				</control>
				<!-- Details -->
				<control type="label">
					<left>182</left>
					<top>112</top>
					<width>158</width>
					<height>36</height>
					<font>Reg25</font>
					<scroll>true</scroll>
					<textcolor>ffdadada</textcolor>
					<label>29802</label>
				</control>
			</control>
		</control>
	</controls>
</window>
