<?xml version="1.0" encoding="UTF-8"?>
<includes>
	<include name="ForcedViewtype61">
		<control type="group">
			<visible>Control.IsVisible(61)</visible>
			<!-- Wide List -->
			<control id="61" type="fixedlist">
				<left>-374</left>
				<top>242</top>
				<width>2344</width>
				<height>576</height>
				<onup>Back</onup>
				<ondown>1001</ondown>
				<onleft>Back</onleft>
				<onright>noop</onright>
				<onright condition="!Window.IsVisible(1103)">SetProperty(BounceRight,1,Home)</onright>
				<preloaditems>2</preloaditems>
				<focusposition>1</focusposition>
				<viewtype label="">list</viewtype>
				<orientation>horizontal</orientation>
				<defaultcontrol always="true">0</defaultcontrol>
				<scrolltime easing="inout" tween="sine">300</scrolltime>
				<visible>String.IsEqual(Window(Home).Property(ForceViewType),wide) + [Container.Content(movies) | Container.Content(tvshows) | Container.Content(sets) | Container.Content(artists)]</visible>
				<animation condition="Window.IsVisible(1103)" reversible="false" type="Conditional">
					<effect easing="out" end="-20,0" start="0,0" time="60" tween="sine" type="slide"/>
					<effect delay="80" easing="out" end="20,0" start="0,0" time="120" tween="sine" type="slide"/>
				</animation>
				<animation condition="String.IsEmpty(Window(home).Property(MainMenuFocus)) + String.IsEmpty(Window(home).Property(FocusRow)) + Window.Previous(home)" easing="inout" effect="slide" end="0,0" start="186,10" time="540" tween="sine">WindowOpen</animation>
				<animation condition="String.IsEmpty(Window(home).Property(MainMenuFocus)) + String.IsEqual(Window(home).Property(FocusRow),1_2) + Window.Previous(home)" easing="inout" effect="slide" end="0,0" start="490,-174" time="540" tween="sine">WindowOpen</animation>
				<animation condition="String.IsEmpty(Window(home).Property(MainMenuFocus)) + String.IsEqual(Window(home).Property(FocusRow),2_2) + Window.Previous(home)" easing="inout" effect="slide" end="0,0" start="490,195" time="540" tween="sine">WindowOpen</animation>
				<animation condition="String.IsEmpty(Window(home).Property(MainMenuFocus)) + String.IsEqual(Window(home).Property(FocusRow),1_3) + Window.Previous(home)" easing="inout" effect="slide" end="0,0" start="490,-246" time="540" tween="sine">WindowOpen</animation>
				<animation condition="String.IsEmpty(Window(home).Property(MainMenuFocus)) + String.IsEqual(Window(home).Property(FocusRow),2_3) + Window.Previous(home)" easing="inout" effect="slide" end="0,0" start="490,10" time="540" tween="sine">WindowOpen</animation>
				<animation condition="String.IsEmpty(Window(home).Property(MainMenuFocus)) + String.IsEqual(Window(home).Property(FocusRow),3_3) + Window.Previous(home)" easing="inout" effect="slide" end="0,0" start="490,168" time="540" tween="sine">WindowOpen</animation>
				<itemlayout height="576" width="572">
					<control type="group">
						<animation center="316,288" condition="true" effect="zoom" end="85" start="85">Conditional</animation>
						<control type="image">
							<left>-48</left>
							<centertop>288</centertop>
							<width>736</width>
							<height>576</height>
							<texture border="50">views/shadow_nf.png</texture>
						</control>
						<control type="image">
							<top>48</top>
							<width>640</width>
							<height>480</height>
							<aspectratio align="center">scale</aspectratio>
							<texture background="true" fallback="views/episode_fallback.png">$VAR[TVShowWideImage]</texture>
						</control>
						<control type="image">
							<left>119</left>
							<top>328</top>
							<width>400</width>
							<height>155</height>
							<aspectratio align="center" aligny="top">keep</aspectratio>
							<texture background="true">$INFO[ListItem.Art(clearlogo)]</texture>
							<visible>!ListItem.IsParentFolder + String.IsEmpty(ListItem.Art(ftv))</visible>
						</control>
						<control type="image">
							<top>48</top>
							<width>90</width>
							<height>90</height>
							<texture>$INFO[ListItem.VideoResolution,views/resolution/,.png]</texture>
						</control>
						<control type="image">
							<top>48</top>
							<width>90</width>
							<height>90</height>
							<texture>views/OverlayWatched.png</texture>
							<visible>String.IsEqual(ListItem.Overlay,OverlayWatched.png)</visible>
						</control>
						<control type="image">
							<top>48</top>
							<width>640</width>
							<height>480</height>
							<texture border="2">views/season_overlay.png</texture>
							<visible>[Container.Content(artists) | Container.Content(seasons)] + !ListItem.IsParentFolder + !String.Contains(ListItem.Icon,Default)</visible>
						</control>
						<control type="label">
							<left>18</left>
							<top>427</top>
							<width>604</width>
							<height>42</height>
							<font>Bold44</font>
							<textcolor>ffffffff</textcolor>
							<shadowcolor>88000000</shadowcolor>
							<label>$VAR[SeasonValue]</label>
							<visible>[Container.Content(artists) | Container.Content(seasons)] + !ListItem.IsParentFolder</visible>
						</control>
						<control type="image">
							<top>48</top>
							<width>640</width>
							<height>480</height>
							<texture>views/OverlayNF.png</texture>
						</control>
					</control>
				</itemlayout>
				<focusedlayout height="576" width="572">
					<control type="group">
						<animation center="316,288" easing="inout" effect="zoom" end="100" start="85" time="300" tween="sine">Focus</animation>
						<animation center="316,288" condition="Container(61).OnNext | Container(61).OnPrevious" easing="inout" effect="zoom" end="85" start="100" time="300" tween="sine">UnFocus</animation>
						<animation center="316,288" condition="Control.HasFocus(4000)" easing="inout" effect="zoom" end="85" start="100" time="300" tween="sine">Conditional</animation>
						<control type="image">
							<left>-48</left>
							<centertop>288</centertop>
							<width>736</width>
							<height>576</height>
							<texture border="50">views/shadow_fo.png</texture>
							<animation center="auto" easing="inout" effect="fade" end="100" start="0" time="300" tween="sine">Focus</animation>
							<animation center="auto" condition="Container(61).OnNext | Container(61).OnPrevious" easing="inout" effect="fade" end="0" start="100" time="300" tween="sine">UnFocus</animation>
						</control>
						<control type="image">
							<left>-48</left>
							<centertop>288</centertop>
							<width>736</width>
							<height>576</height>
							<texture border="50">views/shadow_nf.png</texture>
							<animation center="auto" condition="Control.HasFocus(61)" easing="inout" effect="fade" end="0" start="100" time="300" tween="sine">Focus</animation>
							<animation center="auto" condition="Control.HasFocus(61)" easing="inout" effect="fade" end="100" start="0" time="300" tween="sine">UnFocus</animation>
						</control>
						<control type="image">
							<top>48</top>
							<width>640</width>
							<height>480</height>
							<aspectratio align="center">scale</aspectratio>
							<texture background="true" fallback="views/episode_fallback.png">$VAR[TVShowWideImage]</texture>
						</control>
						<control type="image">
							<left>119</left>
							<top>328</top>
							<width>400</width>
							<height>155</height>
							<aspectratio align="center" aligny="top">keep</aspectratio>
							<texture background="true">$INFO[ListItem.Art(clearlogo)]</texture>
							<visible>!ListItem.IsParentFolder + String.IsEmpty(ListItem.Art(ftv))</visible>
						</control>
						<control type="image">
							<top>48</top>
							<width>90</width>
							<height>90</height>
							<texture>$INFO[ListItem.VideoResolution,views/resolution/,.png]</texture>
						</control>
						<control type="image">
							<top>48</top>
							<width>90</width>
							<height>90</height>
							<texture>views/OverlayWatched.png</texture>
							<visible>String.IsEqual(ListItem.Overlay,OverlayWatched.png)</visible>
						</control>
						<control type="image">
							<top>48</top>
							<width>640</width>
							<height>480</height>
							<texture border="2">views/season_overlay.png</texture>
							<visible>[Container.Content(artists) | Container.Content(seasons)] + !ListItem.IsParentFolder + !String.Contains(ListItem.Icon,Default)</visible>
						</control>
						<control type="label">
							<left>18</left>
							<top>427</top>
							<width>604</width>
							<height>42</height>
							<font>Bold44</font>
							<textcolor>ffffffff</textcolor>
							<shadowcolor>88000000</shadowcolor>
							<label>$VAR[SeasonValue]</label>
							<visible>[Container.Content(artists) | Container.Content(seasons)] + !ListItem.IsParentFolder</visible>
						</control>
						<control type="image">
							<top>48</top>
							<width>640</width>
							<height>480</height>
							<texture>views/OverlayNF.png</texture>
							<animation center="auto" condition="Control.HasFocus(61)" easing="inout" effect="fade" end="0" start="100" time="300" tween="sine">Focus</animation>
							<animation center="auto" condition="Control.HasFocus(61)" easing="inout" effect="fade" end="100" start="0" time="300" tween="sine">UnFocus</animation>
						</control>
					</control>
				</focusedlayout>
			</control>
		</control>
	</include>
</includes>
