<?xml version="1.0" encoding="UTF-8"?>
<window>
	<defaultcontrol always="true">3012</defaultcontrol>
	<onload>Dialog.Close(fullscreeninfo,true)</onload>
	<onload>Dialog.Close(videoosd,true)</onload>
	<controls>
		<control type="button" id="3012">
			<include>HiddenControl</include>
			<onback>SendClick(3013)</onback>
		</control>
		<control type="button" id="3013">
			<include>HiddenControl</include>
		</control>
		<control type="progress" id="3014">
			<include>HiddenControl</include>
		</control>
		<control type="group">
			<left>1430</left>
			<top>666</top>
			<animation effect="fade" end="100" start="0" time="200" condition="Window.IsVisible(script-nextup-notification-NextUpInfo.xml)">Conditional</animation>
			<!--  Next up label -->
			<control type="label">
				<width>auto</width>
				<height>32</height>
				<font>Light32</font>
				<textcolor>ffffffff</textcolor>
				<shadowcolor>ff080808</shadowcolor>
				<label>31164</label>
			</control>
			<!-- Next episode thumb -->
			<control type="image">
				<top>56</top>
				<width>370</width>
				<height>277</height>
				<texture>views/episode_fallback.png</texture>
				<aspectratio>scale</aspectratio>
			</control>
			<control type="image">
				<top>56</top>
				<width>370</width>
				<height>277</height>
				<aspectratio>scale</aspectratio>
				<texture>$VAR[NextUpThumb]</texture>
			</control>
			<!--control type="image">
				<top>56</top>
				<width>90</width>
				<height>90</height>
				<texture>views/OverlayHD.png</texture>
				<visible>IntegerGreaterThan(Control.GetLabel(3011),719)</visible>
			</control-->
			<control type="image">
				<top>56</top>
				<width>370</width>
				<height>277</height>
				<texture border="2">views/season_overlay.png</texture>
			</control>
			<!-- Next episode countdown -->
			<control type="image">
				<left>12</left>
				<top>276</top>
				<width>44</width>
				<height>44</height>
				<texture>osd/nextup_simple/progress/background.png</texture>
			</control>
			<control type="image">
				<left>12</left>
				<top>276</top>
				<width>44</width>
				<height>44</height>
				<texture>$INFO[Control.GetLabel(3014),osd/nextup_simple/progress/percent,.png]</texture>
			</control>
			<!--  Next episode label -->
			<control type="label">
				<left>64</left>
				<top>286</top>
				<width>auto</width>
				<height>24</height>
				<font>Light24</font>
				<textcolor>ffffffff</textcolor>
				<shadowcolor>ff080808</shadowcolor>
				<label>$INFO[Window.Property(season),$LOCALIZE[20373] ]$INFO[Window.Property(episode),$COMMA Ep. ]</label>
			</control>
		</control>
	</controls>
</window>
