<?xml version="1.0" encoding="UTF-8"?>
<window>
	<defaultcontrol always="true">3012</defaultcontrol>
	<onload>Dialog.Close(fullscreeninfo,true)</onload>
	<onload>Dialog.Close(videoosd,true)</onload>
	<controls>
		<control type="progress" id="3014">
			<include>HiddenControl</include>
		</control>
		<!-- Main group -->
		<control type="group">
			<include>DialogAnimation</include>
			<centerleft>50%</centerleft>
			<centertop>50%</centertop>
			<width>716</width>
			<height>238</height>
			<!-- Background -->
			<control type="image">
				<centerleft>50%</centerleft>
				<centertop>50%</centertop>
				<width>100%</width>
				<height>100%</height>
				<include>MessageBackground</include>
			</control>
			<!-- Heading -->
			<control type="label">
				<centerleft>50%</centerleft>
				<top>-16</top>
				<width>100%</width>
				<height>38</height>
				<font>Bold38</font>
				<textcolor>ffdadada</textcolor>
				<label>$LOCALIZE[31035]</label>
			</control>
			<!-- Details -->
			<control type="textbox">
				<centerleft>50%</centerleft>
				<top>55</top>
				<width>100%</width>
				<height>146</height>
				<font>Light28</font>
				<textcolor>ff9d9d9d</textcolor>
				<label>$LOCALIZE[31098]</label>
			</control>
			<!-- No -->
			<control id="3013" type="button">
				<left>-5</left>
				<bottom>0</bottom>
				<width>363</width>
				<height>76</height>
				<align>center</align>
				<aligny>top</aligny>
				<onleft>noop</onleft>
				<onright>3012</onright>
				<font>MedUpper24</font>
				<textoffsety>27</textoffsety>
				<label>222</label>
			</control>
			<!-- Yes -->
			<control id="3012" type="button">
				<right>-5</right>
				<bottom>0</bottom>
				<width>363</width>
				<height>76</height>
				<align>center</align>
				<aligny>top</aligny>
				<onleft>3013</onleft>
				<onright>noop</onright>
				<font>MedUpper24</font>
				<textoffsety>27</textoffsety>
				<label>$LOCALIZE[19194]$INFO[Player.TimeRemaining(ss), ]</label>
			</control>
		</control>
	</controls>
</window>
