<?xml version="1.0" encoding="UTF-8"?>
<window>
	<!-- script-embuary-person.xml -->
	<controls>
		<!-- Background -->
		<control type="image">
			<include>FullscreenDimensions</include>
			<texture>special://skin/extras/backgrounds/default.png</texture>
		</control>
		<control type="list" id="1">
			<top>-10</top>
			<width>1</width>
			<height>1</height>
			<viewtype label="">list</viewtype>
			<orientation>horizontal</orientation>
			<itemlayout height="1" width="1"/>
			<focusedlayout height="1" width="1"/>
			<pagecontrol>2</pagecontrol>
			<scrolltime>0</scrolltime>
		</control>
		<control type="image">
			<width>1920</width>
			<height>1080</height>
			<aspectratio>keep</aspectratio>
			<texture>$INFO[Container(1).ListItem.Icon]</texture>
			<fadetime>500</fadetime>
		</control>
		<control type="scrollbar" id="2">
			<width>1</width>
			<height>1</height>
			<orientation>horizontal</orientation>
			<showonepage>false</showonepage>
		</control>
	</controls>
</window>