<?xml version="1.0" encoding="UTF-8"?>
<window>
	<controls>
		<control type="label" id="200">
			<include>HiddenControl</include>
		</control>
		<control type="list" id="110">
			<right>198</right>
			<top>134</top>
			<width>570</width>
			<height>465</height>
			<scrolltime>0</scrolltime>
			<itemlayout height="155">
				<control type="textbox">
					<height>155</height>
					<align>right</align>
					<aligny>top</aligny>
					<font>Med40Spaced</font>
					<textcolor>88dadada</textcolor>
					<autoscroll>False</autoscroll>
					<label>$INFO[ListItem.Label]</label>
					<visible>!String.IsEqual(ListItem.Label,...)</visible>
				</control>
				<control type="image">
					<right>168</right>
					<top>0</top>
					<width>62</width>
					<height>62</height>
					<texture>views/equaliser.png</texture>
					<visible>String.IsEqual(ListItem.Label,...) | String.IsEmpty(ListItem.Label)</visible>
					<animation effect="fade" end="55" condition="true">Conditional</animation>
				</control>
			</itemlayout>
			<focusedlayout height="155">
				<control type="textbox">
					<height>155</height>
					<align>right</align>
					<aligny>top</aligny>
					<font>Med40Spaced</font>
					<textcolor>ffdadada</textcolor>
					<autoscroll>False</autoscroll>
					<label>$INFO[ListItem.Label]</label>
					<visible>!String.IsEqual(ListItem.Label,...)</visible>
				</control>
				<control type="image">
					<right>168</right>
					<top>0</top>
					<width>62</width>
					<height>62</height>
					<texture>views/equaliser.gif</texture>
					<visible>String.IsEqual(ListItem.Label,...) | String.IsEmpty(ListItem.Label)</visible>
				</control>
			</focusedlayout>
		</control>
	</controls>
</window>
