<?xml version="1.0" encoding="UTF-8"?>
<window>
	<!-- skinsettings -->
	<backgroundcolor>0xff12161b</backgroundcolor>
	<defaultcontrol always="true">9</defaultcontrol>
	<onunload>RunScript(script.skinshortcuts,type=buildxml&amp;mainmenuID=99&amp;levels=0&amp;group=mainmenu|shutdown)</onunload>
	<controls>
		<!-- Dummy items to fake opening dialog -->
		<control type="group">
			<visible>Window.Previous(settingscategory.xml)</visible>
			<control type="grouplist">
				<left>198</left>
				<top>134</top>
				<height>80</height>
				<itemgap>10</itemgap>
				<orientation>horizontal</orientation>
				<usecontrolcoords>true</usecontrolcoords>
				<control type="label">
					<width>auto</width>
					<height>60</height>
					<font>Med48</font>
					<aligny>bottom</aligny>
					<textcolor>ffdadada</textcolor>
					<label>$LOCALIZE[5]  </label>
				</control>
				<control type="label">
					<top>15</top>
					<width>auto</width>
					<height>60</height>
					<font>Med32</font>
					<aligny>bottom</aligny>
					<textcolor>ffdadada</textcolor>
					<label>$NUMBER[1]</label>
				</control>
				<control type="label">
					<top>14</top>
					<width>auto</width>
					<height>60</height>
					<font>Light36</font>
					<aligny>bottom</aligny>
					<textcolor>ff505050</textcolor>
					<label>|</label>
				</control>
				<control type="label">
					<top>15</top>
					<width>auto</width>
					<height>60</height>
					<font>Light32</font>
					<aligny>bottom</aligny>
					<textcolor>ff505050</textcolor>
					<label>$NUMBER[8]</label>
				</control>
			</control>
			<control type="group">
				<left>523</left>
				<top>289</top>
				<control type="group">
					<width>333</width>
					<height>497</height>
					<animation center="134,240" condition="True" effect="zoom" end="84.5" start="84.5">Conditional</animation>
					<control type="image">
						<left>-24</left>
						<width>333</width>
						<height>497</height>
						<texture border="1,1,14,18">settings/settings_tile.png</texture>
					</control>
					<control type="label">
						<left>-10</left>
						<top>28</top>
						<width>276</width>
						<height>32</height>
						<font>Bold34</font>
						<textcolor>ffdadada</textcolor>
						<label>24001</label>
					</control>
					<control type="image">
						<left>-13</left>
						<top>123</top>
						<width>300</width>
						<height>300</height>
						<aspectratio align="center" aligny="center">keep</aspectratio>
						<texture>settings/icon_addons.png</texture>
					</control>
					<control type="image">
						<left>-24</left>
						<width>320</width>
						<height>480</height>
						<texture>views/OverlayNF.png</texture>
					</control>
				</control>
			</control>
			<control type="group">
				<left>823</left>
				<top>289</top>
				<control type="group">
					<width>333</width>
					<height>497</height>
					<animation center="134,240" condition="True" effect="zoom" end="84.5" start="84.5">Conditional</animation>
					<control type="image">
						<left>-24</left>
						<width>333</width>
						<height>497</height>
						<texture border="1,1,14,18">settings/settings_tile.png</texture>
					</control>
					<control type="label">
						<left>-10</left>
						<top>28</top>
						<width>276</width>
						<height>32</height>
						<font>Bold34</font>
						<textcolor>ffdadada</textcolor>
						<label>1</label>
					</control>
					<control type="image">
						<left>-13</left>
						<top>123</top>
						<width>300</width>
						<height>300</height>
						<aspectratio align="center" aligny="center">keep</aspectratio>
						<texture>settings/icon_player.png</texture>
					</control>
					<control type="image">
						<left>-24</left>
						<width>320</width>
						<height>480</height>
						<texture>views/OverlayNF.png</texture>
					</control>
				</control>
			</control>
			<control type="group">
				<left>1123</left>
				<top>289</top>
				<control type="group">
					<width>333</width>
					<height>497</height>
					<animation center="134,240" condition="True" effect="zoom" end="84.5" start="84.5">Conditional</animation>
					<control type="image">
						<left>-24</left>
						<width>333</width>
						<height>497</height>
						<texture border="1,1,14,18">settings/settings_tile.png</texture>
					</control>
					<control type="label">
						<left>-10</left>
						<top>28</top>
						<width>276</width>
						<height>32</height>
						<font>Bold34</font>
						<textcolor>ffdadada</textcolor>
						<label>13000</label>
					</control>
					<control type="image">
						<left>-13</left>
						<top>123</top>
						<width>300</width>
						<height>300</height>
						<aspectratio align="center" aligny="center">keep</aspectratio>
						<texture>settings/icon_music.png</texture>
					</control>
					<control type="image">
						<left>-24</left>
						<width>320</width>
						<height>480</height>
						<texture>views/OverlayNF.png</texture>
					</control>
				</control>
			</control>
			<control type="group">
				<left>223</left>
				<top>289</top>
				<control type="image">
					<left>-24</left>
					<width>333</width>
					<height>497</height>
					<texture border="1,1,14,18">settings/settings_tile.png</texture>
				</control>
				<control type="label">
					<left>-10</left>
					<top>28</top>
					<width>276</width>
					<height>32</height>
					<font>Bold34</font>
					<textcolor>ffdadada</textcolor>
					<label>14206</label>
				</control>
				<control type="image">
					<left>-13</left>
					<top>123</top>
					<width>300</width>
					<height>300</height>
					<aspectratio align="center" aligny="center">keep</aspectratio>
					<texture>settings/icon_appearance.png</texture>
				</control>
			</control>
			<control type="label">
				<left>198</left>
				<top>786</top>
				<width>1160</width>
				<height>64</height>
				<font>Light32</font>
				<aligny>bottom</aligny>
				<textcolor>ffdadada</textcolor>
				<label>36102</label>
				<wrapmultiline>true</wrapmultiline>
			</control>
			<control type="image">
				<include>FullscreenDimensions</include>
				<texture>dialogs/DialogBackground.png</texture>
			</control>
		</control>
		<!-- Skin settings -->
		<control type="group">
			<left>241</left>
			<top>289</top>
			<width>958</width>
			<height>480</height>
			<animation condition="Window.Previous(settingscategory.xml)" effect="slide" end="-43,0">Conditional</animation>
			<animation condition="Window.Previous(settingscategory.xml)" reversible="false" type="WindowOpen">
				<effect end="100" start="0" time="200" type="fade"/>
				<effect easing="inout" end="0,0" start="500,0" time="200" tween="sine" type="slide"/>
			</animation>
			<animation condition="Window.Previous(settingscategory.xml)" reversible="false" type="WindowClose">
				<effect end="0" start="100" time="125" type="fade"/>
				<effect easing="inout" end="500,0" start="0,0" time="125" tween="sine" type="slide"/>
			</animation>
			<animation condition="!Window.Previous(settingscategory.xml)" reversible="false" type="WindowOpen">
				<effect end="100" start="0" time="200" type="fade"/>
				<effect easing="inout" end="0,0" start="0,-40" time="200" tween="sine" type="slide"/>
				<effect center="auto" easing="inout" end="100" start="84.5" time="200" tween="sine" type="zoom"/>
			</animation>
			<animation condition="!Window.Previous(settingscategory.xml)" reversible="false" type="WindowClose">
				<effect end="0" start="100" time="125" type="fade"/>
			</animation>
			<control type="image">
				<width>1437</width>
				<height>480</height>
				<texture>settings/category_back.png</texture>
			</control>
			<control type="label">
				<left>40</left>
				<top>14</top>
				<height>30</height>
				<width>419</width>
				<aligny>center</aligny>
				<font>Bold30</font>
				<label>20077</label>
				<textcolor>ffdadada</textcolor>
			</control>
			<control id="9" type="grouplist">
				<top>60</top>
				<width>958</width>
				<height>420</height>
				<itemgap>0</itemgap>
				<onleft>Back</onleft>
				<onright>noop</onright>
				<onup>noop</onup>
				<ondown>noop</ondown>
				<scrolltime>0</scrolltime>
				<control id="10" type="button">
					<width>958</width>
					<height>84</height>
					<font>Light32</font>
					<label>$LOCALIZE[31049]</label>
					<textoffsetx>40</textoffsetx>
					<textcolor>ff505153</textcolor>
					<focusedcolor>ffffaf37</focusedcolor>
					<texturefocus border="3">settings/button_focus.png</texturefocus>
					<texturenofocus border="3">settings/button_no_focus.png</texturenofocus>
					<onclick condition="!Skin.HasSetting(CustomHome)">Skin.SetBool(CustomHome)</onclick>
					<onclick>RunScript(script.skinshortcuts,type=manage&amp;group=mainmenu)</onclick>
				</control>
				<control id="19" type="button">
					<width>958</width>
					<height>84</height>
					<font>Light32</font>
					<label>$LOCALIZE[31255]</label>
					<textoffsetx>40</textoffsetx>
					<textcolor>ff505153</textcolor>
					<focusedcolor>ffffaf37</focusedcolor>
					<texturefocus border="3">settings/button_focus.png</texturefocus>
					<texturenofocus border="3">settings/button_no_focus.png</texturenofocus>
					<visible>Skin.HasSetting(CustomHome)</visible>
					<onclick>Skin.Reset(CustomHome)</onclick>
				</control>
				<control id="11" type="button">
					<width>958</width>
					<height>84</height>
					<font>Light32</font>
					<label>$LOCALIZE[31114]</label>
					<textoffsetx>40</textoffsetx>
					<textcolor>ff505153</textcolor>
					<focusedcolor>ffffaf37</focusedcolor>
					<texturefocus border="3">settings/button_focus.png</texturefocus>
					<texturenofocus border="3">settings/button_no_focus.png</texturenofocus>
					<onclick>RunScript(script.skinshortcuts,type=manage&amp;group=shutdown)</onclick>
				</control>
				<control id="12" type="radiobutton">
					<width>958</width>
					<height>84</height>
					<font>Light32</font>
					<label>$LOCALIZE[31037]</label>
					<textoffsetx>40</textoffsetx>
					<textcolor>ff505153</textcolor>
					<focusedcolor>ffffaf37</focusedcolor>
					<radiowidth>125</radiowidth>
					<radioheight>53</radioheight>
					<radioposx>813</radioposx>
					<textureradioonfocus>settings/radio_on_focus.png</textureradioonfocus>
					<textureradioonnofocus>settings/radio_on_no_focus.png</textureradioonnofocus>
					<textureradioondisabled>settings/radio_on_disabled.png</textureradioondisabled>
					<textureradioofffocus>settings/radio_off_focus.png</textureradioofffocus>
					<textureradiooffnofocus>settings/radio_off_no_focus.png</textureradiooffnofocus>
					<textureradiooffdisabled>settings/radio_off_disabled.png</textureradiooffdisabled>
					<texturefocus border="3">settings/button_focus.png</texturefocus>
					<texturenofocus border="3">settings/button_no_focus.png</texturenofocus>
					<onclick>Skin.ToggleSetting(HideUnwatchedThumbs)</onclick>
					<selected>Skin.HasSetting(HideUnwatchedThumbs)</selected>
				</control>
				<control id="13" type="radiobutton">
					<width>958</width>
					<height>84</height>
					<font>Light32</font>
					<label>$LOCALIZE[31131]</label>
					<textoffsetx>40</textoffsetx>
					<textcolor>ff505153</textcolor>
					<focusedcolor>ffffaf37</focusedcolor>
					<radiowidth>125</radiowidth>
					<radioheight>53</radioheight>
					<radioposx>813</radioposx>
					<textureradioonfocus>settings/radio_on_focus.png</textureradioonfocus>
					<textureradioonnofocus>settings/radio_on_no_focus.png</textureradioonnofocus>
					<textureradioondisabled>settings/radio_on_disabled.png</textureradioondisabled>
					<textureradioofffocus>settings/radio_off_focus.png</textureradioofffocus>
					<textureradiooffnofocus>settings/radio_off_no_focus.png</textureradiooffnofocus>
					<textureradiooffdisabled>settings/radio_off_disabled.png</textureradiooffdisabled>
					<texturefocus border="3">settings/button_focus.png</texturefocus>
					<texturenofocus border="3">settings/button_no_focus.png</texturenofocus>
					<onclick>Skin.ToggleSetting(WideTVShowArt)</onclick>
					<selected>Skin.HasSetting(WideTVShowArt)</selected>
				</control>
				<control id="17" type="radiobutton">
					<width>958</width>
					<height>84</height>
					<font>Light32</font>
					<label>$LOCALIZE[31133]</label>
					<textoffsetx>40</textoffsetx>
					<textcolor>ff505153</textcolor>
					<focusedcolor>ffffaf37</focusedcolor>
					<radiowidth>125</radiowidth>
					<radioheight>53</radioheight>
					<radioposx>813</radioposx>
					<textureradioonfocus>settings/radio_on_focus.png</textureradioonfocus>
					<textureradioonnofocus>settings/radio_on_no_focus.png</textureradioonnofocus>
					<textureradioondisabled>settings/radio_on_disabled.png</textureradioondisabled>
					<textureradioofffocus>settings/radio_off_focus.png</textureradioofffocus>
					<textureradiooffnofocus>settings/radio_off_no_focus.png</textureradiooffnofocus>
					<textureradiooffdisabled>settings/radio_off_disabled.png</textureradiooffdisabled>
					<texturefocus border="3">settings/button_focus.png</texturefocus>
					<texturenofocus border="3">settings/button_no_focus.png</texturenofocus>
					<onclick>Skin.ToggleSetting(WideSeasonArt)</onclick>
					<selected>Skin.HasSetting(WideSeasonArt)</selected>
				</control>
				<control id="15" type="radiobutton">
					<width>958</width>
					<height>84</height>
					<font>Light32</font>
					<label>$LOCALIZE[31134]</label>
					<textoffsetx>40</textoffsetx>
					<textcolor>ff505153</textcolor>
					<focusedcolor>ffffaf37</focusedcolor>
					<radiowidth>125</radiowidth>
					<radioheight>53</radioheight>
					<radioposx>813</radioposx>
					<textureradioonfocus>settings/radio_on_focus.png</textureradioonfocus>
					<textureradioonnofocus>settings/radio_on_no_focus.png</textureradioonnofocus>
					<textureradioondisabled>settings/radio_on_disabled.png</textureradioondisabled>
					<textureradioofffocus>settings/radio_off_focus.png</textureradioofffocus>
					<textureradiooffnofocus>settings/radio_off_no_focus.png</textureradiooffnofocus>
					<textureradiooffdisabled>settings/radio_off_disabled.png</textureradiooffdisabled>
					<texturefocus border="3">settings/button_focus.png</texturefocus>
					<texturenofocus border="3">settings/button_no_focus.png</texturenofocus>
					<onclick>Skin.ToggleSetting(EnableFanart)</onclick>
					<selected>Skin.HasSetting(EnableFanart)</selected>
				</control>
				<control id="24" type="radiobutton">
					<width>958</width>
					<height>84</height>
					<font>Light32</font>
					<label>31061</label>
					<textoffsetx>40</textoffsetx>
					<textcolor>ff505153</textcolor>
					<focusedcolor>ffffaf37</focusedcolor>
					<radiowidth>125</radiowidth>
					<radioheight>53</radioheight>
					<radioposx>813</radioposx>
					<textureradioonfocus>settings/radio_on_focus.png</textureradioonfocus>
					<textureradioonnofocus>settings/radio_on_no_focus.png</textureradioonnofocus>
					<textureradioondisabled>settings/radio_on_disabled.png</textureradioondisabled>
					<textureradioofffocus>settings/radio_off_focus.png</textureradioofffocus>
					<textureradiooffnofocus>settings/radio_off_no_focus.png</textureradiooffnofocus>
					<textureradiooffdisabled>settings/radio_off_disabled.png</textureradiooffdisabled>
					<texturefocus border="3">settings/button_focus.png</texturefocus>
					<texturenofocus border="3">settings/button_no_focus.png</texturenofocus>
					<onclick>Skin.ToggleSetting(EnableXRay)</onclick>
					<selected>Skin.HasSetting(EnableXRay)</selected>
				</control>
				<control id="23" type="button">
					<width>958</width>
					<height>84</height>
					<font>Light32</font>
					<label>$LOCALIZE[31257]</label>
					<label2>$VAR[TomatoRating]</label2>
					<textoffsetx>40</textoffsetx>
					<textcolor>ff505153</textcolor>
					<focusedcolor>ffffaf37</focusedcolor>
					<texturefocus border="3">settings/button_focus.png</texturefocus>
					<texturenofocus border="3">settings/button_no_focus.png</texturenofocus>
					<onclick>Skin.SelectBool(31257, 31258|TomatoMeterAllCritics, 31259|TomatoMeterAudienceScore, 31260|AverageRatingAllCritics, 31261|AverageRatingAudienceScore)</onclick>
				</control>
				<control id="16" type="button">
					<width>958</width>
					<height>84</height>
					<font>Light32</font>
					<label>$LOCALIZE[31135]</label>
					<label2>$VAR[RatingCountry]</label2>
					<textoffsetx>40</textoffsetx>
					<textcolor>ff505153</textcolor>
					<focusedcolor>ffffaf37</focusedcolor>
					<texturefocus border="3">settings/button_focus.png</texturefocus>
					<texturenofocus border="3">settings/button_no_focus.png</texturenofocus>
					<onclick>Skin.SelectBool(31135, 31001|US, 31002|UK, 31003|Germany)</onclick>
				</control>
				<control id="18" type="radiobutton">
					<width>958</width>
					<height>84</height>
					<font>Light32</font>
					<label>31149</label>
					<textoffsetx>40</textoffsetx>
					<textcolor>ff505153</textcolor>
					<focusedcolor>ffffaf37</focusedcolor>
					<radiowidth>125</radiowidth>
					<radioheight>53</radioheight>
					<radioposx>813</radioposx>
					<textureradioonfocus>settings/radio_on_focus.png</textureradioonfocus>
					<textureradioonnofocus>settings/radio_on_no_focus.png</textureradioonnofocus>
					<textureradioondisabled>settings/radio_on_disabled.png</textureradioondisabled>
					<textureradioofffocus>settings/radio_off_focus.png</textureradioofffocus>
					<textureradiooffnofocus>settings/radio_off_no_focus.png</textureradiooffnofocus>
					<textureradiooffdisabled>settings/radio_off_disabled.png</textureradiooffdisabled>
					<texturefocus border="3">settings/button_focus.png</texturefocus>
					<texturenofocus border="3">settings/button_no_focus.png</texturenofocus>
					<onclick>Skin.ToggleSetting(HideOSDControls)</onclick>
					<selected>Skin.HasSetting(HideOSDControls)</selected>
				</control>
				<control id="21" type="radiobutton">
					<width>958</width>
					<height>84</height>
					<font>Light32</font>
					<label>31041</label>
					<textoffsetx>40</textoffsetx>
					<textcolor>ff505153</textcolor>
					<focusedcolor>ffffaf37</focusedcolor>
					<radiowidth>125</radiowidth>
					<radioheight>53</radioheight>
					<radioposx>813</radioposx>
					<textureradioonfocus>settings/radio_on_focus.png</textureradioonfocus>
					<textureradioonnofocus>settings/radio_on_no_focus.png</textureradioonnofocus>
					<textureradioondisabled>settings/radio_on_disabled.png</textureradioondisabled>
					<textureradioofffocus>settings/radio_off_focus.png</textureradioofffocus>
					<textureradiooffnofocus>settings/radio_off_no_focus.png</textureradiooffnofocus>
					<textureradiooffdisabled>settings/radio_off_disabled.png</textureradiooffdisabled>
					<texturefocus border="3">settings/button_focus.png</texturefocus>
					<texturenofocus border="3">settings/button_no_focus.png</texturenofocus>
					<onclick>Skin.ToggleSetting(DebugGrid)</onclick>
					<selected>Skin.HasSetting(DebugGrid)</selected>
				</control>
				<control id="22" type="radiobutton">
					<width>958</width>
					<height>84</height>
					<font>Light32</font>
					<label>31042</label>
					<textoffsetx>40</textoffsetx>
					<textcolor>ff505153</textcolor>
					<focusedcolor>ffffaf37</focusedcolor>
					<radiowidth>125</radiowidth>
					<radioheight>53</radioheight>
					<radioposx>813</radioposx>
					<textureradioonfocus>settings/radio_on_focus.png</textureradioonfocus>
					<textureradioonnofocus>settings/radio_on_no_focus.png</textureradioonnofocus>
					<textureradioondisabled>settings/radio_on_disabled.png</textureradioondisabled>
					<textureradioofffocus>settings/radio_off_focus.png</textureradioofffocus>
					<textureradiooffnofocus>settings/radio_off_no_focus.png</textureradiooffnofocus>
					<textureradiooffdisabled>settings/radio_off_disabled.png</textureradiooffdisabled>
					<texturefocus border="3">settings/button_focus.png</texturefocus>
					<texturenofocus border="3">settings/button_no_focus.png</texturenofocus>
					<onclick>Skin.ToggleSetting(DebugInfo)</onclick>
					<selected>Skin.HasSetting(DebugInfo)</selected>
				</control>
			</control>
			<control type="textbox">
				<left>980</left>
				<top>22</top>
				<width>420</width>
				<height>438</height>
				<font>Med24</font>
				<aligny>top</aligny>
				<label>$VAR[SkinSettingsInfo]</label>
				<textcolor>ffdadada</textcolor>
			</control>
		</control>
	</controls>
</window>
