<?xml version="1.0" encoding="UTF-8"?>
<overrides>
	<!-- Do not share menu, other skins custom language strings and icons are not the same -->
	<doNotShareMenu/>
	<!-- Main menu/Shortcut icon default directory -->
	<thumbnailBrowseDefault>special://skin/extras/icons/</thumbnailBrowseDefault>
	<!-- Main menu overides actions for when libray has no content -->
	<visibleoverride group="mainmenu" condition="Library.HasContent(Movies)">ActivateWindow(Videos,sources://video/,return)</visibleoverride>
	<visibleoverride group="mainmenu" condition="Library.HasContent(TVShows)">ActivateWindow(Videos,sources://video/,return)</visibleoverride>
	<visibleoverride group="mainmenu" condition="Library.HasContent(Music)">ActivateWindow(MusicLibrary,sources://music/,return)</visibleoverride>
	<visibleoverride group="mainmenu" condition="Library.HasContent(MusicVideos)">ActivateWindow(Videos,sources://video/,return)</visibleoverride>
	<visibleoverride group="mainmenu" condition="!String.IsEmpty(Weather.Plugin)">ReplaceWindow(servicesettings,weather)</visibleoverride>
	<visibleoverride group="movies" condition="Library.HasContent(Movies)">ActivateWindow(Videos,sources://video/,return)</visibleoverride>
	<visibleoverride group="movies" condition="Library.HasContent(MovieSets)">ActivateWindow(Videos,sources://video/,return)</visibleoverride>
	<visibleoverride group="tvshows" condition="Library.HasContent(TVShows)">ActivateWindow(Videos,sources://video/,return)</visibleoverride>
	<visibleoverride group="2" condition="Library.HasContent(Music)">ActivateWindow(MusicLibrary,sources://music/,return)</visibleoverride>
	<visibleoverride group="musicvideos" condition="Library.HasContent(MusicVideos)">ActivateWindow(Videos,sources://video/,return)</visibleoverride>
	<!-- Home background defaults -->
	<backgrounddefault labelID="pictures">special://skin/extras/backgrounds/pictures.jpg</backgrounddefault>
	<backgrounddefault labelID="musicvideos">special://skin/extras/backgrounds/musicvideos.jpg</backgrounddefault>
	<backgrounddefault labelID="music">special://skin/extras/backgrounds/music.jpg</backgrounddefault>
	<backgrounddefault labelID="movies">special://skin/extras/backgrounds/movies.jpg</backgrounddefault>
	<backgrounddefault labelID="tvshows">special://skin/extras/backgrounds/tvshows.jpg</backgrounddefault>
	<backgrounddefault labelID="tv">special://skin/extras/backgrounds/tv.jpg</backgrounddefault>
	<backgrounddefault labelID="radio">special://skin/extras/backgrounds/radio.jpg</backgrounddefault>
	<backgrounddefault labelID="videos">special://skin/extras/backgrounds/videos.jpg</backgrounddefault>
	<backgrounddefault labelID="games">special://skin/extras/backgrounds/games.jpg</backgrounddefault>
	<backgrounddefault labelID="addons">special://skin/extras/backgrounds/addons.jpg</backgrounddefault>
	<backgrounddefault labelID="system">special://skin/extras/backgrounds/system.jpg</backgrounddefault>
	<backgrounddefault labelID="weather">special://skin/extras/backgrounds/weather.jpg</backgrounddefault>
	<backgrounddefault labelID="disc">special://skin/extras/backgrounds/disc.jpg</backgrounddefault>
	<!-- Shortcut search menu -->
	<override action="ActivateWindow(1112)" group="shortcuts">
		<condition>true</condition>
		<action>Skin.SetString(SearchTerm)</action>
		<action>ActivateWindow(1112)</action>
	</override>
	<!-- Home infoline default -->
	<!-- <propertydefault labelID="pictures" property="InfoLine">pictureaddons</propertydefault>
	<propertydefault labelID="musicvideos" property="InfoLine">musicvideos</propertydefault>
	<propertydefault labelID="music" property="InfoLine">music</propertydefault>
	<propertydefault labelID="movies" property="InfoLine">movies</propertydefault>
	<propertydefault labelID="tvshows" property="InfoLine">tvshows</propertydefault>
	<propertydefault labelID="tv" property="InfoLine">tv</propertydefault>
	<propertydefault labelID="radio" property="InfoLine">radio</propertydefault>
	<propertydefault labelID="videos" property="InfoLine">videos</propertydefault>
	<propertydefault labelID="games" property="InfoLine">games</propertydefault>
	<propertydefault labelID="addons" property="InfoLine">addons</propertydefault>
	<propertydefault labelID="system" property="InfoLine">systeminfo</propertydefault>
	<propertydefault labelID="weather" property="InfoLine">weather</propertydefault>
	<propertydefault labelID="disc" property="InfoLine">disc</propertydefault> -->
	<!-- Background selection-->
	<backgroundBrowse>True</backgroundBrowse>
	<background label="::PLAYLIST::">playlist</background>
	<background label="Cover ::PLAYLIST::">cover</background>
	<background label="31055">$INFO[Skin.String(WeatherFanart.path)]$INFO[Weather.fanartcode]$INFO[Skin.String(WeatherFanart.ext)]</background>
	<background label="24001" icon="special://skin/extras/backgrounds/addons.jpg">special://skin/extras/backgrounds/addons.jpg</background>
	<background label="427" icon="special://skin/extras/backgrounds/disc.jpg">special://skin/extras/backgrounds/disc.jpg</background>
	<background label="1036" icon="special://skin/extras/backgrounds/favourites.jpg">special://skin/extras/backgrounds/favourites.jpg</background>
	<background label="15016" icon="special://skin/extras/backgrounds/games.jpg">special://skin/extras/backgrounds/games.jpg</background>
	<background label="342" icon="special://skin/extras/backgrounds/movies.jpg">special://skin/extras/backgrounds/movies.jpg</background>
	<background label="2" icon="special://skin/extras/backgrounds/music.jpg">special://skin/extras/backgrounds/music.jpg</background>
	<background label="20389" icon="special://skin/extras/backgrounds/musicvideos.jpg">special://skin/extras/backgrounds/musicvideos.jpg</background>
	<background label="1" icon="special://skin/extras/backgrounds/pictures.jpg">special://skin/extras/backgrounds/pictures.jpg</background>
	<background label="33060" icon="special://skin/extras/backgrounds/power.jpg">special://skin/extras/backgrounds/power.jpg</background>
	<background label="19021" icon="special://skin/extras/backgrounds/radio.jpg">special://skin/extras/backgrounds/radio.jpg</background>
	<background label="13000" icon="special://skin/extras/backgrounds/system.jpg">special://skin/extras/backgrounds/system.jpg</background>
	<background label="19020" icon="special://skin/extras/backgrounds/tv.jpg">special://skin/extras/backgrounds/tv.jpg</background>
	<background label="20343" icon="special://skin/extras/backgrounds/tvshows.jpg">special://skin/extras/backgrounds/tvshows.jpg</background>
	<background label="3" icon="special://skin/extras/backgrounds/videos.jpg">special://skin/extras/backgrounds/videos.jpg</background>
	<background label="8" icon="special://skin/extras/backgrounds/weather.jpg">special://skin/extras/backgrounds/weather.jpg</background>
	<!-- Widget groupings -->
	<widget-groupings>
		<!-- Movies -->
		<node label="342">
			<shortcut label="20382" icon="icons/addons/kodi-pl.png" widget="library" widgetType="movies" widgetTarget="videos" condition="Library.HasContent(movies)">special://skin/extras/playlists/01movies/recentlyadded.xsp</shortcut>
			<shortcut label="31386" icon="icons/addons/kodi-pl.png" widget="library" widgetType="movies" widgetTarget="videos" condition="Library.HasContent(movies)">special://skin/extras/playlists/01movies/recentlyadded(includewatched).xsp</shortcut>
			<shortcut label="$ADDON[script.embuary.helper 32013]" icon="icons/addons/embuaryhelper.png" widget="library" widgetType="movies" widgetTarget="videos" condition="Library.HasContent(movies)">plugin://script.embuary.helper/?info=getinprogress&amp;type=movie&amp;reload=$INFO[Window(home).Property(EmbuaryWidgetUpdate)]</shortcut>
			<shortcut label="$ADDON[script.embuary.helper 32007]" icon="icons/addons/embuaryhelper.png" widget="library" widgetType="movies" widgetTarget="videos" condition="Library.HasContent(movies)">plugin://script.embuary.helper/?info=getsimilar&amp;type=movie&amp;reload=$INFO[Window(home).Property(EmbuaryWidgetUpdate)]</shortcut>
			<shortcut label="$ADDON[script.embuary.helper 32014]" icon="icons/addons/embuaryhelper.png" widget="library" widgetType="movies" widgetTarget="videos" condition="Library.HasContent(movies)">plugin://script.embuary.helper/?info=getsimilar&amp;type=movie&amp;pos=0&amp;reload=$INFO[Window(home).Property(EmbuaryWidgetUpdate)]</shortcut>
			<shortcut label="$ADDON[script.embuary.helper 32009]" icon="icons/addons/embuaryhelper.png" widget="library" widgetType="movies" widgetTarget="videos" condition="Library.HasContent(movies)">plugin://script.embuary.helper/?info=getbygenre&amp;unwatched=True&amp;type=movie&amp;reload=$INFO[Window(home).Property(EmbuaryWidgetUpdate)]</shortcut>
			<shortcut label="13409" icon="icons/addons/kodi-pl.png" widget="library" widgetType="movies" widgetTarget="videos" condition="Library.HasContent(movies)">special://skin/extras/playlists/01movies/top250.xsp</shortcut>
			<shortcut label="20434" icon="icons/addons/kodi.png" widget="library" widgetType="movies" widgetTarget="videos" condition="Library.HasContent(movies)">library://video/01movies/sets.xml/</shortcut>
			<shortcut label="$ADDON[script.embuary.info 32042]" icon="icons/addons/embuaryinfo.png" widget="tmdb" widgetType="movies" widgetTarget="videos" condition="System.HasAddon(script.embuary.info)">plugin://script.embuary.info/movie/trending</shortcut>
			<shortcut label="$ADDON[script.embuary.info 32031]" icon="icons/addons/embuaryinfo.png" widget="tmdb" widgetType="movies" widgetTarget="videos" condition="System.HasAddon(script.embuary.info)">plugin://script.embuary.info/movie/upcoming</shortcut>
			<shortcut label="$ADDON[script.embuary.info 32030]" icon="icons/addons/embuaryinfo.png" widget="tmdb" widgetType="movies" widgetTarget="videos" condition="System.HasAddon(script.embuary.info)">plugin://script.embuary.info/movie/now_playing</shortcut>
			<shortcut label="$ADDON[script.embuary.info 32029]" icon="icons/addons/embuaryinfo.png" widget="tmdb" widgetType="movies" widgetTarget="videos" condition="System.HasAddon(script.embuary.info)">plugin://script.embuary.info/movie/top_rated</shortcut>
			<shortcut label="$ADDON[script.embuary.info 32032]" icon="icons/addons/embuaryinfo.png" widget="tmdb" widgetType="movies" widgetTarget="videos" condition="System.HasAddon(script.embuary.info)">plugin://script.embuary.info/movie/popular</shortcut>
		</node>
		<!-- Episodes -->
		<node label="20360">
			<shortcut label="20382" icon="icons/addons/kodi-pl.png" widget="library" widgetType="episodes" widgetTarget="videos" condition="Library.HasContent(tvshows)">special://skin/extras/playlists/02episodes/recentlyadded.xsp</shortcut>
			<shortcut label="31386" icon="icons/addons/kodi-pl.png" widget="library" widgetType="episodes" widgetTarget="videos" condition="Library.HasContent(tvshows)">special://skin/extras/playlists/02episodes/recentlyadded(includewatched).xsp</shortcut>
			<shortcut label="31204" icon="icons/addons/kodi-pl.png" widget="library" widgetType="episodes" widgetTarget="videos" condition="Library.HasContent(tvshows)">special://skin/extras/playlists/02episodes/recentlyreleased.xsp</shortcut>
			<shortcut label="31387" icon="icons/addons/kodi-pl.png" widget="library" widgetType="episodes" widgetTarget="videos" condition="Library.HasContent(tvshows)">special://skin/extras/playlists/02episodes/recentlyreleased(includewatched).xsp</shortcut>
			<shortcut label="$ADDON[script.embuary.helper 32013]" icon="icons/addons/embuaryhelper.png" widget="library" widgetType="episodes" widgetTarget="videos" condition="Library.HasContent(tvshows)">plugin://script.embuary.helper/?info=getinprogress&amp;type=tvshow&amp;reload=$INFO[Window(home).Property(EmbuaryWidgetUpdate)]</shortcut>
			<shortcut label="$ADDON[script.embuary.helper 32008]" icon="icons/addons/embuaryhelper.png" widget="library" widgetType="episodes" widgetTarget="videos" condition="Library.HasContent(tvshows)">plugin://script.embuary.helper/?info=getnextup&amp;reload=$INFO[Window(home).Property(EmbuaryWidgetUpdate)]</shortcut>
			<shortcut label="31280" icon="icons/addons/tmdb.png" widget="tmdb" widgetType="tvshows" widgetTarget="videos" condition="System.HasAddon(plugin.video.themoviedb.helper) + System.HasAddon(script.embuary.info)">plugin://plugin.video.themoviedb.helper/?info=library_nextaired&amp;startdate=0&amp;widget=True&amp;type=episode&amp;days=365&amp;reload=$INFO[Window(Home).Property(widgetreload-movies)]</shortcut>
		</node>
		<!-- TV Shows -->
		<node label="20343">
			<shortcut label="20382" icon="icons/addons/kodi-pl.png" widget="library" widgetType="tvshows" widgetTarget="videos" condition="Library.HasContent(tvshows)">special://skin/extras/playlists/03tvshows/recentlyadded.xsp</shortcut>
			<shortcut label="575" icon="icons/addons/kodi.png" widget="library" widgetType="tvshows" widgetTarget="videos" condition="Library.HasContent(tvshows)">videodb://inprogresstvshows/</shortcut>
			<shortcut label="$ADDON[script.embuary.helper 32007]" icon="icons/addons/embuaryhelper.png" widget="library" widgetType="tvshows" widgetTarget="videos" condition="Library.HasContent(tvshows)">plugin://script.embuary.helper/?info=getsimilar&amp;type=tvshow&amp;reload=$INFO[Window(home).Property(EmbuaryWidgetUpdate)]</shortcut>
			<shortcut label="$ADDON[script.embuary.helper 32014]" icon="icons/addons/embuaryhelper.png" widget="library" widgetType="tvshows" widgetTarget="videos" condition="Library.HasContent(tvshows)">plugin://script.embuary.helper/?info=getsimilar&amp;type=tvshow&amp;pos=0&amp;reload=$INFO[Window(home).Property(EmbuaryWidgetUpdate)]</shortcut>
			<shortcut label="$ADDON[script.embuary.helper 32009]" icon="icons/addons/embuaryhelper.png" widget="library" widgetType="tvshows" widgetTarget="videos" condition="Library.HasContent(tvshows)">plugin://script.embuary.helper/?info=getbygenre&amp;type=tvshow&amp;reload=$INFO[Window(home).Property(EmbuaryWidgetUpdate)]</shortcut>
			<shortcut label="$ADDON[script.embuary.info 32043]" icon="icons/addons/embuaryinfo.png" widget="tmdb" widgetType="tvshows" widgetTarget="videos" condition="System.HasAddon(script.embuary.info)">plugin://script.embuary.info/tv/trending</shortcut>
			<shortcut label="$ADDON[script.embuary.info 32033]" icon="icons/addons/embuaryinfo.png" widget="tmdb" widgetType="tvshows" widgetTarget="videos" condition="System.HasAddon(script.embuary.info)">plugin://script.embuary.info/tv/top_rated</shortcut>
			<shortcut label="$ADDON[script.embuary.info 32034]" icon="icons/addons/embuaryinfo.png" widget="tmdb" widgetType="tvshows" widgetTarget="videos" condition="System.HasAddon(script.embuary.info)">plugin://script.embuary.info/tv/popular</shortcut>
			<shortcut label="$ADDON[script.embuary.info 32035]" icon="icons/addons/embuaryinfo.png" widget="tmdb" widgetType="tvshows" widgetTarget="videos" condition="System.HasAddon(script.embuary.info)">plugin://script.embuary.info/tv/airing_today</shortcut>
			<shortcut label="$ADDON[script.embuary.info 32036]" icon="icons/addons/embuaryinfo.png" widget="tmdb" widgetType="tvshows" widgetTarget="videos" condition="System.HasAddon(script.embuary.info)">plugin://script.embuary.info/tv/on_the_air</shortcut>
		</node>
		<!-- Live TV -->
		<node label="31173">
			<shortcut label="10700" icon="icons/addons/kodi.png" widget="pvr" widgetType="tv" widgetTarget="pvr" condition="Pvr.HasTVChannels">pvr://channels/tv/*</shortcut>
			<shortcut label="568" icon="icons/addons/kodi.png" widget="pvr" widgetType="tv" widgetTarget="pvr" condition="Pvr.HasTVChannels">pvr://channels/tv/*?view=lastplayed</shortcut>
			<shortcut label="19017" icon="icons/addons/kodi.png" widget="pvr" widgetType="tv" widgetTarget="pvr" condition="Pvr.HasTVChannels">pvr://recordings/tv/active</shortcut>
		</node>
		<!-- Radio -->
		<node label="19021">
			<shortcut label="19024" icon="icons/addons/kodi.png" widget="pvr" widgetType="radio" widgetTarget="pvr" condition="Pvr.HasRadioChannels">pvr://channels/radio/*</shortcut>
			<shortcut label="568" icon="icons/addons/kodi.png" widget="pvr" widgetType="radio" widgetTarget="pvr" condition="Pvr.HasRadioChannels">pvr://channels/radio/*?view=lastplayed</shortcut>
			<shortcut label="19017" icon="icons/addons/kodi.png" widget="pvr" widgetType="radio" widgetTarget="pvr" condition="Pvr.HasRadioChannels">pvr://recordings/radio/active</shortcut>
		</node>
		<!-- Albums -->
		<node label="132">
			<shortcut label="20382" icon="icons/addons/kodi-pl.png" widget="library" widgetType="albums" widgetTarget="music" condition="Library.HasContent(music)">special://skin/extras/playlists/05albums/recentlyadded.xsp</shortcut>
			<shortcut label="31204" icon="icons/addons/kodi-pl.png" widget="library" widgetType="albums" widgetTarget="music" condition="Library.HasContent(music)">special://skin/extras/playlists/05albums/recentlyreleased.xsp</shortcut>
			<shortcut label="31206" icon="icons/addons/kodi-pl.png" widget="library" widgetType="albums" widgetTarget="music" condition="Library.HasContent(music)">special://skin/extras/playlists/05albums/mostplayed.xsp</shortcut>
			<shortcut label="590" icon="icons/addons/kodi-pl.png" widget="library" widgetType="albums" widgetTarget="music" condition="Library.HasContent(music)">special://skin/extras/playlists/05albums/random.xsp</shortcut>
		</node>
		<!-- Artists -->
		<node label="133">
			<shortcut label="20382" icon="icons/addons/kodi-pl.png" widget="library" widgetType="artists" widgetTarget="music" condition="Library.HasContent(music)">special://skin/extras/playlists/06artists/recentlyadded.xsp</shortcut>
			<shortcut label="590" icon="icons/addons/kodi-pl.png" widget="library" widgetType="artists" widgetTarget="music" condition="Library.HasContent(music)">special://skin/extras/playlists/06artists/random.xsp</shortcut>
		</node>
		<!-- Songs -->
		<node label="134">
			<shortcut label="20382" icon="icons/addons/kodi-pl.png" widget="library" widgetType="songs" widgetTarget="music" condition="Library.HasContent(music)">special://skin/extras/playlists/07songs/recentlyadded.xsp</shortcut>
			<shortcut label="31204" icon="icons/addons/kodi-pl.png" widget="library" widgetType="songs" widgetTarget="music" condition="Library.HasContent(music)">special://skin/extras/playlists/07songs/recentlyreleased.xsp</shortcut>
			<shortcut label="31206" icon="icons/addons/kodi-pl.png" widget="library" widgetType="songs" widgetTarget="music" condition="Library.HasContent(music)">special://skin/extras/playlists/07songs/mostplayed.xsp</shortcut>
			<shortcut label="590" icon="icons/addons/kodi-pl.png" widget="library" widgetType="songs" widgetTarget="music" condition="Library.HasContent(music)">special://skin/extras/playlists/07songs/random.xsp</shortcut>
		</node>
		<!-- Music videos -->
		<node label="20389">
			<shortcut label="20382" icon="icons/addons/kodi-pl.png" widget="library" widgetType="musicvideos" widgetTarget="videos" condition="Library.HasContent(musicvideos)">special://skin/extras/playlists/04musicvideos/recentlyadded.xsp</shortcut>
			<shortcut label="575" icon="icons/addons/kodi-pl.png" widget="library" widgetType="musicvideos" widgetTarget="videos" condition="Library.HasContent(musicvideos)">special://skin/extras/playlists/04musicvideos/inprogress.xsp</shortcut>
			<shortcut label="31206" icon="icons/addons/kodi-pl.png" widget="library" widgetType="musicvideos" widgetTarget="videos" condition="Library.HasContent(musicvideos)">special://skin/extras/playlists/04musicvideos/mostplayed.xsp</shortcut>
			<shortcut label="31205" icon="icons/addons/kodi-pl.png" widget="library" widgetType="musicvideos" widgetTarget="videos" condition="Library.HasContent(musicvideos)">special://skin/extras/playlists/04musicvideos/recommended.xsp</shortcut>
			<shortcut label="590" icon="icons/addons/kodi-pl.png" widget="library" widgetType="musicvideos" widgetTarget="videos" condition="Library.HasContent(musicvideos)">special://skin/extras/playlists/04musicvideos/random.xsp</shortcut>
		</node>
		<!-- Pictures -->
		<node label="32020">
			<content>picturesources</content>
		</node>
		<!-- Games -->
		<node label="$LOCALIZE[10821]">
			<shortcut label="35049" widget="addon" widgetType="games" widgetTarget="games">addons://sources/game/</shortcut>
		</node>
		<!-- Container.Content(addons) -->
		<node label="24001">
			<node label="14215">
				<content>addon-video</content>
			</node>
			<node label="14221">
				<content>addon-audio</content>
			</node>
			<node label="14217">
				<content>addon-image</content>
			</node>
			<node label="10506">
				<content>addon-program-plugin</content>
			</node>
			<shortcut label="10506" widget="addon" widgetType="program" widgetTarget="program">addons://sources/executable</shortcut>
			<shortcut label="14215" widget="addon" widgetType="video" widgetTarget="videos">addons://sources/video</shortcut>
			<shortcut label="14221" widget="addon" widgetType="music" widgetTarget="music">addons://sources/audio</shortcut>
			<shortcut label="14217" widget="addon" widgetType="picture" widgetTarget="pictures">addons://sources/image</shortcut>
		</node>
		<!-- Video library -->
		<node label="32030">
			<content>video</content>
			<node label="559">
				<content>playlist-video</content>
			</node>
			<node label="39030">
				<content>videosources</content>
			</node>
		</node>
		<!-- Music library -->
		<node label="14237">
			<content>music</content>
			<node label="559">
				<content>playlist-audio</content>
			</node>
			<node label="39030">
				<content>musicsources</content>
			</node>
		</node>
		<node label="136">
			<content>playlist-video</content>
			<content>playlist-audio</content>
		</node>
		<!-- Weather -->
		<node label="8">
			<shortcut label="31090" icon="icons/addons/weathericons.png" widget="info" widgetType="weatherinfodaily" condition="!String.IsEmpty(Weather.Plugin)">$INCLUDE[skinshortcuts-template-WeatherContentDaily]</shortcut>
			<shortcut label="33036" icon="icons/addons/weathericons.png" widget="info" widgetType="weatherinfohourly" condition="!String.IsEmpty(Weather.Plugin)">$INCLUDE[skinshortcuts-template-WeatherContentHourly]</shortcut>
			<shortcut label="33034" icon="icons/addons/weathericons.png" widget="info" widgetType="weatherinfo36hour" condition="!String.IsEmpty(Weather.Plugin)">$INCLUDE[skinshortcuts-template-WeatherContent36Hour]</shortcut>
		</node>
		<!-- System info -->
		<node label="130">
			<shortcut label="130" icon="icons/systeminfo/icons/system.png" widget="info" widgetType="sysinfo">$INCLUDE[skinshortcuts-template-SystemContent]</shortcut>
			<shortcut label="12395" icon="icons/systeminfo/icons/battery100.png" widget="info" widgetType="sysinfobattery">$INCLUDE[skinshortcuts-template-SystemBattery]</shortcut>
			<shortcut label="705" icon="icons/systeminfo/icons/connected.png" widget="info" widgetType="sysinfonetwork">$INCLUDE[skinshortcuts-template-SystemNetwork]</shortcut>
			<shortcut label="13280" icon="icons/systeminfo/icons/video.png" widget="info" widgetType="sysinfovideo">$INCLUDE[skinshortcuts-template-SystemVideo]</shortcut>
			<shortcut label="CPU" icon="icons/systeminfo/icons/cpu.png" widget="info" widgetType="sysinfocpu">$INCLUDE[skinshortcuts-template-SystemCPU]</shortcut>
			<shortcut label="158" icon="icons/systeminfo/icons/memory.png" widget="info" widgetType="sysinfomemory">$INCLUDE[skinshortcuts-template-SystemMemory]</shortcut>
			<shortcut label="154" icon="icons/systeminfo/icons/storage.png" widget="info" widgetType="sysinfostorage">$INCLUDE[skinshortcuts-template-SystemStorage]</shortcut>
			<shortcut label="19020" icon="icons/systeminfo/icons/pvr.png" widget="info" widgetType="sysinfopvr">$INCLUDE[skinshortcuts-template-SystemPVR]</shortcut>
			<shortcut label="19114" icon="icons/systeminfo/icons/system.png" widget="info" widgetType="sysinfoversion">$INCLUDE[skinshortcuts-template-SystemVersion]</shortcut>
			<shortcut label="12390" icon="icons/systeminfo/icons/uptime.png" widget="info" widgetType="sysinfouptime">$INCLUDE[skinshortcuts-template-SystemUptime]</shortcut>
		</node>
		<!-- Favourites -->
		<node label="1036">
			<shortcut label="1036" icon="icons/addons/kodi.png" widget="favourites" widgetType="favourites">favourites://*</shortcut>
			<shortcut label="31292" icon="icons/addons/favourites.png" widget="favourites" widgetType="favourites" condition="System.HasAddon(script.favourites)">$INCLUDE[skinshortcuts-template-CustomFavouriteContent]</shortcut>
			<shortcut label="31294" icon="icons/addons/favourites.png" widget="favourites" widgetType="favourites">$INCLUDE[skinshortcuts-template-CustomFavouriteAddonContent]</shortcut>
		</node>
	</widget-groupings>
	<!-- Widget style -->
	<propertySettings property="widgetStyle.1" buttonID="8013" showNone="false" title="$LOCALIZE[29902]" requires="widgetPath.1" templateonly="true"/>
	<property property="widgetStyle.1" label="$LOCALIZE[31210]">big</property>
	<property property="widgetStyle.1" label="$LOCALIZE[601]">medium</property>
	<property property="widgetStyle.1" label="$LOCALIZE[1438]">small</property>
	<propertySettings property="widgetStyle.2" buttonID="8023" showNone="false" title="$LOCALIZE[29902]" requires="widgetPath.2" templateonly="true"/>
	<property property="widgetStyle.2" label="$LOCALIZE[31210]">big</property>
	<property property="widgetStyle.2" label="$LOCALIZE[601]">medium</property>
	<property property="widgetStyle.2" label="$LOCALIZE[1438]">small</property>
	<propertySettings property="widgetStyle.3" buttonID="8033" showNone="false" title="$LOCALIZE[29902]" requires="widgetPath.3" templateonly="true"/>
	<property property="widgetStyle.3" label="$LOCALIZE[31210]">big</property>
	<property property="widgetStyle.3" label="$LOCALIZE[601]">medium</property>
	<property property="widgetStyle.3" label="$LOCALIZE[1438]">small</property>
	<propertySettings property="widgetStyle.4" buttonID="8043" showNone="false" title="$LOCALIZE[29902]" requires="widgetPath.4" templateonly="true"/>
	<property property="widgetStyle.4" label="$LOCALIZE[31210]">big</property>
	<property property="widgetStyle.4" label="$LOCALIZE[601]">medium</property>
	<property property="widgetStyle.4" label="$LOCALIZE[1438]">small</property>
	<propertySettings property="widgetStyle.5" buttonID="8053" showNone="false" title="$LOCALIZE[29902]" requires="widgetPath.5" templateonly="true"/>
	<property property="widgetStyle.5" label="$LOCALIZE[31210]">big</property>
	<property property="widgetStyle.5" label="$LOCALIZE[601]">medium</property>
	<property property="widgetStyle.5" label="$LOCALIZE[1438]">small</property>
	<propertySettings property="widgetStyle.6" buttonID="8063" showNone="false" title="$LOCALIZE[29902]" requires="widgetPath.6" templateonly="true"/>
	<property property="widgetStyle.6" label="$LOCALIZE[31210]">big</property>
	<property property="widgetStyle.6" label="$LOCALIZE[601]">medium</property>
	<property property="widgetStyle.6" label="$LOCALIZE[1438]">small</property>
	<!-- Widget 1 Artwork -->
	<propertySettings property="widgetArtwork.1" buttonID="8014" showNone="false" title="$LOCALIZE[31044]" requires="widgetStyle.1" templateonly="true"/>
	<property property="widgetArtwork.1" label="$LOCALIZE[31248]" condition="!String.IsEqual(Container(211).ListItem.Property(widget.1),info)">portraiticon</property>
	<property property="widgetArtwork.1" label="$LOCALIZE[31260]">squareicon</property>
	<property property="widgetArtwork.1" label="$LOCALIZE[31250]">landscapeicon</property>
	<property property="widgetArtwork.1" label="$LOCALIZE[20445]" condition="!String.IsEqual(Container(211).ListItem.Property(widgetType.1),favourites) + !String.IsEqual(Container(211).ListItem.Property(widgetType.1),picture) + !String.IsEqual(Container(211).ListItem.Property(widget.1),pvr)">fanart</property>
	<property property="widgetArtwork.1" label="$LOCALIZE[39114]" condition="[String.IsEqual(Container(211).ListItem.Property(widget.1),library) | String.IsEqual(Container(211).ListItem.Property(widget.1),playlist)] + String.IsEqual(Container(211).ListItem.Property(widgetType.1),episodes)">thumb</property>
	<property property="widgetArtwork.1" label="$LOCALIZE[31201]" condition="[String.IsEqual(Container(211).ListItem.Property(widget.1),library) | String.IsEqual(Container(211).ListItem.Property(widget.1),playlist)] + [String.IsEqual(Container(211).ListItem.Property(widgetType.1),movies) | String.IsEqual(Container(211).ListItem.Property(widgetType.1),episodes) | String.IsEqual(Container(211).ListItem.Property(widgetType.1),tvshows) | String.IsEqual(Container(211).ListItem.Property(widgetType.1),musicvideos) | String.IsEqual(Container(211).ListItem.Property(widgetType.1),artists)]">landscape</property>
	<property property="widgetArtwork.1" label="$LOCALIZE[31165]" condition="[String.IsEqual(Container(211).ListItem.Property(widget.1),library) | String.IsEqual(Container(211).ListItem.Property(widget.1),playlist)] + [String.IsEqual(Container(211).ListItem.Property(widgetType.1),movies) | String.IsEqual(Container(211).ListItem.Property(widgetType.1),episodes) | String.IsEqual(Container(211).ListItem.Property(widgetType.1),tvshows) | String.IsEqual(Container(211).ListItem.Property(widgetType.1),musicvideos) | String.IsEqual(Container(211).ListItem.Property(widgetType.1),artists)]">clearart</property>
	<property property="widgetArtwork.1" label="$LOCALIZE[31202]" condition="[String.IsEqual(Container(211).ListItem.Property(widget.1),library) | String.IsEqual(Container(211).ListItem.Property(widget.1),playlist)] + [String.IsEqual(Container(211).ListItem.Property(widgetType.1),movies) | String.IsEqual(Container(211).ListItem.Property(widgetType.1),episodes) | String.IsEqual(Container(211).ListItem.Property(widgetType.1),tvshows) | String.IsEqual(Container(211).ListItem.Property(widgetType.1),musicvideos) | String.IsEqual(Container(211).ListItem.Property(widgetType.1),artists)]">clearlogo</property>
	<!-- Widget 2 Artwork -->
	<propertySettings property="widgetArtwork.2" buttonID="8024" showNone="false" title="Artwork" requires="widgetStyle.2" templateonly="true"/>
	<property property="widgetArtwork.2" label="$LOCALIZE[31248]" condition="!String.IsEqual(Container(211).ListItem.Property(widget.2),info)">portraiticon</property>
	<property property="widgetArtwork.2" label="$LOCALIZE[31260]">squareicon</property>
	<property property="widgetArtwork.2" label="$LOCALIZE[31250]">landscapeicon</property>
	<property property="widgetArtwork.2" label="$LOCALIZE[20445]" condition="!String.IsEqual(Container(211).ListItem.Property(widgetType.2),picture) + !String.IsEqual(Container(211).ListItem.Property(widget.2),pvr)">fanart</property>
	<property property="widgetArtwork.2" label="$LOCALIZE[39114]" condition="[String.IsEqual(Container(211).ListItem.Property(widget.2),library) | String.IsEqual(Container(211).ListItem.Property(widget.2),playlist)] + String.IsEqual(Container(211).ListItem.Property(widgetType.2),episodes)">thumb</property>
	<property property="widgetArtwork.2" label="$LOCALIZE[31201]" condition="[String.IsEqual(Container(211).ListItem.Property(widget.2),library) | String.IsEqual(Container(211).ListItem.Property(widget.2),playlist)] + [String.IsEqual(Container(211).ListItem.Property(widgetType.2),movies) | String.IsEqual(Container(211).ListItem.Property(widgetType.2),episodes) | String.IsEqual(Container(211).ListItem.Property(widgetType.2),tvshows) | String.IsEqual(Container(211).ListItem.Property(widgetType.2),musicvideos) | String.IsEqual(Container(211).ListItem.Property(widgetType.2),artists)]">landscape</property>
	<property property="widgetArtwork.2" label="$LOCALIZE[31165]" condition="[String.IsEqual(Container(211).ListItem.Property(widget.2),library) | String.IsEqual(Container(211).ListItem.Property(widget.2),playlist)] + [String.IsEqual(Container(211).ListItem.Property(widgetType.2),movies) | String.IsEqual(Container(211).ListItem.Property(widgetType.2),episodes) | String.IsEqual(Container(211).ListItem.Property(widgetType.2),tvshows) | String.IsEqual(Container(211).ListItem.Property(widgetType.2),musicvideos) | String.IsEqual(Container(211).ListItem.Property(widgetType.2),artists)]">clearart</property>
	<property property="widgetArtwork.2" label="$LOCALIZE[31202]" condition="[String.IsEqual(Container(211).ListItem.Property(widget.2),library) | String.IsEqual(Container(211).ListItem.Property(widget.2),playlist)] + [String.IsEqual(Container(211).ListItem.Property(widgetType.2),movies) | String.IsEqual(Container(211).ListItem.Property(widgetType.2),episodes) | String.IsEqual(Container(211).ListItem.Property(widgetType.2),tvshows) | String.IsEqual(Container(211).ListItem.Property(widgetType.2),musicvideos) | String.IsEqual(Container(211).ListItem.Property(widgetType.2),artists)]">clearlogo</property>
	<!-- Widget 3 Artwork -->
	<propertySettings property="widgetArtwork.3" buttonID="8034" showNone="false" title="$LOCALIZE[31044]" requires="widgetStyle.3" templateonly="true"/>
	<property property="widgetArtwork.3" label="$LOCALIZE[31248]" condition="!String.IsEqual(Container(211).ListItem.Property(widget.3),info)">portraiticon</property>
	<property property="widgetArtwork.3" label="$LOCALIZE[31260]">squareicon</property>
	<property property="widgetArtwork.3" label="$LOCALIZE[31250]">landscapeicon</property>
	<property property="widgetArtwork.3" label="$LOCALIZE[20445]" condition="!String.IsEqual(Container(211).ListItem.Property(widgetType.3),picture) + !String.IsEqual(Container(211).ListItem.Property(widget.3),pvr)">fanart</property>
	<property property="widgetArtwork.3" label="$LOCALIZE[39114]" condition="[String.IsEqual(Container(211).ListItem.Property(widget.3),library) | String.IsEqual(Container(211).ListItem.Property(widget.3),playlist)] + String.IsEqual(Container(211).ListItem.Property(widgetType.3),episodes)">thumb</property>
	<property property="widgetArtwork.3" label="$LOCALIZE[31201]" condition="[String.IsEqual(Container(211).ListItem.Property(widget.3),library) | String.IsEqual(Container(211).ListItem.Property(widget.3),playlist)] + [String.IsEqual(Container(211).ListItem.Property(widgetType.3),movies) | String.IsEqual(Container(211).ListItem.Property(widgetType.3),episodes) | String.IsEqual(Container(211).ListItem.Property(widgetType.3),tvshows) | String.IsEqual(Container(211).ListItem.Property(widgetType.3),musicvideos) | String.IsEqual(Container(211).ListItem.Property(widgetType.3),artists)]">landscape</property>
	<property property="widgetArtwork.3" label="$LOCALIZE[31165]" condition="[String.IsEqual(Container(211).ListItem.Property(widget.3),library) | String.IsEqual(Container(211).ListItem.Property(widget.3),playlist)] + [String.IsEqual(Container(211).ListItem.Property(widgetType.3),movies) | String.IsEqual(Container(211).ListItem.Property(widgetType.3),episodes) | String.IsEqual(Container(211).ListItem.Property(widgetType.3),tvshows) | String.IsEqual(Container(211).ListItem.Property(widgetType.3),musicvideos) | String.IsEqual(Container(211).ListItem.Property(widgetType.3),artists)]">clearart</property>
	<property property="widgetArtwork.3" label="$LOCALIZE[31202]" condition="[String.IsEqual(Container(211).ListItem.Property(widget.3),library) | String.IsEqual(Container(211).ListItem.Property(widget.3),playlist)] + [String.IsEqual(Container(211).ListItem.Property(widgetType.3),movies) | String.IsEqual(Container(211).ListItem.Property(widgetType.3),episodes) | String.IsEqual(Container(211).ListItem.Property(widgetType.3),tvshows) | String.IsEqual(Container(211).ListItem.Property(widgetType.3),musicvideos) | String.IsEqual(Container(211).ListItem.Property(widgetType.3),artists)]">clearlogo</property>
	<!-- Widget 4 Artwork -->
	<propertySettings property="widgetArtwork.4" buttonID="8044" showNone="false" title="$LOCALIZE[31044]" requires="widgetStyle.4" templateonly="true"/>
	<property property="widgetArtwork.4" label="$LOCALIZE[31248]" condition="!String.IsEqual(Container(211).ListItem.Property(widget.4),info)">portraiticon</property>
	<property property="widgetArtwork.4" label="$LOCALIZE[31260]">squareicon</property>
	<property property="widgetArtwork.4" label="$LOCALIZE[31250]">landscapeicon</property>
	<property property="widgetArtwork.4" label="$LOCALIZE[20445]" condition="!String.IsEqual(Container(211).ListItem.Property(widgetType.4),picture) + !String.IsEqual(Container(211).ListItem.Property(widget.4),pvr)">fanart</property>
	<property property="widgetArtwork.4" label="$LOCALIZE[39114]" condition="[String.IsEqual(Container(211).ListItem.Property(widget.4),library) | String.IsEqual(Container(211).ListItem.Property(widget.4),playlist)] + String.IsEqual(Container(211).ListItem.Property(widgetType.4),episodes)">thumb</property>
	<property property="widgetArtwork.4" label="$LOCALIZE[31201]" condition="[String.IsEqual(Container(211).ListItem.Property(widget.4),library) | String.IsEqual(Container(211).ListItem.Property(widget.4),playlist)] + [String.IsEqual(Container(211).ListItem.Property(widgetType.4),movies) | String.IsEqual(Container(211).ListItem.Property(widgetType.4),episodes) | String.IsEqual(Container(211).ListItem.Property(widgetType.4),tvshows) | String.IsEqual(Container(211).ListItem.Property(widgetType.4),musicvideos) | String.IsEqual(Container(211).ListItem.Property(widgetType.4),artists)]">landscape</property>
	<property property="widgetArtwork.4" label="$LOCALIZE[31165]" condition="[String.IsEqual(Container(211).ListItem.Property(widget.4),library) | String.IsEqual(Container(211).ListItem.Property(widget.4),playlist)] + [String.IsEqual(Container(211).ListItem.Property(widgetType.4),movies) | String.IsEqual(Container(211).ListItem.Property(widgetType.4),episodes) | String.IsEqual(Container(211).ListItem.Property(widgetType.4),tvshows) | String.IsEqual(Container(211).ListItem.Property(widgetType.4),musicvideos) | String.IsEqual(Container(211).ListItem.Property(widgetType.4),artists)]">clearart</property>
	<property property="widgetArtwork.4" label="$LOCALIZE[31202]" condition="[String.IsEqual(Container(211).ListItem.Property(widget.4),library) | String.IsEqual(Container(211).ListItem.Property(widget.4),playlist)] + [String.IsEqual(Container(211).ListItem.Property(widgetType.4),movies) | String.IsEqual(Container(211).ListItem.Property(widgetType.4),episodes) | String.IsEqual(Container(211).ListItem.Property(widgetType.4),tvshows) | String.IsEqual(Container(211).ListItem.Property(widgetType.4),musicvideos) | String.IsEqual(Container(211).ListItem.Property(widgetType.4),artists)]">clearlogo</property>
	<!-- Widget 5 Artwork -->
	<propertySettings property="widgetArtwork.5" buttonID="8054" showNone="false" title="$LOCALIZE[31044]" requires="widgetStyle.5" templateonly="true"/>
	<property property="widgetArtwork.5" label="$LOCALIZE[31248]" condition="!String.IsEqual(Container(211).ListItem.Property(widget.5),info)">portraiticon</property>
	<property property="widgetArtwork.5" label="$LOCALIZE[31260]">squareicon</property>
	<property property="widgetArtwork.5" label="$LOCALIZE[31250]">landscapeicon</property>
	<property property="widgetArtwork.5" label="$LOCALIZE[20445]" condition="!String.IsEqual(Container(211).ListItem.Property(widgetType.5),picture) + !String.IsEqual(Container(211).ListItem.Property(widget.5),pvr)">fanart</property>
	<property property="widgetArtwork.5" label="$LOCALIZE[39114]" condition="[String.IsEqual(Container(211).ListItem.Property(widget.5),library) | String.IsEqual(Container(211).ListItem.Property(widget.5),playlist)] + String.IsEqual(Container(211).ListItem.Property(widgetType.5),episodes)">thumb</property>
	<property property="widgetArtwork.5" label="$LOCALIZE[31201]" condition="[String.IsEqual(Container(211).ListItem.Property(widget.5),library) | String.IsEqual(Container(211).ListItem.Property(widget.5),playlist)] + [String.IsEqual(Container(211).ListItem.Property(widgetType.5),movies) | String.IsEqual(Container(211).ListItem.Property(widgetType.5),episodes) | String.IsEqual(Container(211).ListItem.Property(widgetType.5),tvshows) | String.IsEqual(Container(211).ListItem.Property(widgetType.5),musicvideos) | String.IsEqual(Container(211).ListItem.Property(widgetType.5),artists)]">landscape</property>
	<property property="widgetArtwork.5" label="$LOCALIZE[31165]" condition="[String.IsEqual(Container(211).ListItem.Property(widget.5),library) | String.IsEqual(Container(211).ListItem.Property(widget.5),playlist)] + [String.IsEqual(Container(211).ListItem.Property(widgetType.5),movies) | String.IsEqual(Container(211).ListItem.Property(widgetType.5),episodes) | String.IsEqual(Container(211).ListItem.Property(widgetType.5),tvshows) | String.IsEqual(Container(211).ListItem.Property(widgetType.5),musicvideos) | String.IsEqual(Container(211).ListItem.Property(widgetType.5),artists)]">clearart</property>
	<property property="widgetArtwork.5" label="$LOCALIZE[31202]" condition="[String.IsEqual(Container(211).ListItem.Property(widget.5),library) | String.IsEqual(Container(211).ListItem.Property(widget.5),playlist)] + [String.IsEqual(Container(211).ListItem.Property(widgetType.5),movies) | String.IsEqual(Container(211).ListItem.Property(widgetType.5),episodes) | String.IsEqual(Container(211).ListItem.Property(widgetType.5),tvshows) | String.IsEqual(Container(211).ListItem.Property(widgetType.5),musicvideos) | String.IsEqual(Container(211).ListItem.Property(widgetType.5),artists)]">clearlogo</property>
	<!-- Widget 6 Artwork -->
	<propertySettings property="widgetArtwork.6" buttonID="8064" showNone="false" title="$LOCALIZE[31044]" requires="widgetStyle.6" templateonly="true"/>
	<property property="widgetArtwork.6" label="$LOCALIZE[31248]" condition="!String.IsEqual(Container(211).ListItem.Property(widget.6),info)">portraiticon</property>
	<property property="widgetArtwork.6" label="$LOCALIZE[31260]">squareicon</property>
	<property property="widgetArtwork.6" label="$LOCALIZE[31250]">landscapeicon</property>
	<property property="widgetArtwork.6" label="$LOCALIZE[20445]" condition="!String.IsEqual(Container(211).ListItem.Property(widgetType.6),picture) + !String.IsEqual(Container(211).ListItem.Property(widget.6),pvr)">fanart</property>
	<property property="widgetArtwork.6" label="$LOCALIZE[39114]" condition="[String.IsEqual(Container(211).ListItem.Property(widget.6),library) | String.IsEqual(Container(211).ListItem.Property(widget.6),playlist)] + String.IsEqual(Container(211).ListItem.Property(widgetType.6),episodes)">thumb</property>
	<property property="widgetArtwork.6" label="$LOCALIZE[31201]" condition="[String.IsEqual(Container(211).ListItem.Property(widget.6),library) | String.IsEqual(Container(211).ListItem.Property(widget.6),playlist)] + [String.IsEqual(Container(211).ListItem.Property(widgetType.6),movies) | String.IsEqual(Container(211).ListItem.Property(widgetType.6),episodes) | String.IsEqual(Container(211).ListItem.Property(widgetType.6),tvshows) | String.IsEqual(Container(211).ListItem.Property(widgetType.6),musicvideos) | String.IsEqual(Container(211).ListItem.Property(widgetType.6),artists)]">landscape</property>
	<property property="widgetArtwork.6" label="$LOCALIZE[31165]" condition="[String.IsEqual(Container(211).ListItem.Property(widget.6),library) | String.IsEqual(Container(211).ListItem.Property(widget.6),playlist)] + [String.IsEqual(Container(211).ListItem.Property(widgetType.6),movies) | String.IsEqual(Container(211).ListItem.Property(widgetType.6),episodes) | String.IsEqual(Container(211).ListItem.Property(widgetType.6),tvshows) | String.IsEqual(Container(211).ListItem.Property(widgetType.6),musicvideos) | String.IsEqual(Container(211).ListItem.Property(widgetType.6),artists)]">clearart</property>
	<property property="widgetArtwork.6" label="$LOCALIZE[31202]" condition="[String.IsEqual(Container(211).ListItem.Property(widget.6),library) | String.IsEqual(Container(211).ListItem.Property(widget.6),playlist)] + [String.IsEqual(Container(211).ListItem.Property(widgetType.6),movies) | String.IsEqual(Container(211).ListItem.Property(widgetType.6),episodes) | String.IsEqual(Container(211).ListItem.Property(widgetType.6),tvshows) | String.IsEqual(Container(211).ListItem.Property(widgetType.6),musicvideos) | String.IsEqual(Container(211).ListItem.Property(widgetType.6),artists)]">clearlogo</property>
	<!-- Widget 1 Limit -->
	<propertySettings property="widgetLimit.1" buttonID="80110" title="$LOCALIZE[31385]" showNone="false" templateonly="true"/>
	<property property="widgetLimit.1" label="1 ">$NUMBER[1]</property>
	<property property="widgetLimit.1" label="2 ">$NUMBER[2]</property>
	<property property="widgetLimit.1" label="3 ">$NUMBER[3]</property>
	<property property="widgetLimit.1" label="4 ">$NUMBER[4]</property>
	<property property="widgetLimit.1" label="5 ">$NUMBER[5]</property>
	<property property="widgetLimit.1" label="6 ">$NUMBER[6]</property>
	<property property="widgetLimit.1" label="7 ">$NUMBER[7]</property>
	<property property="widgetLimit.1" label="8 ">$NUMBER[8]</property>
	<property property="widgetLimit.1" label="9 ">$NUMBER[9]</property>
	<property property="widgetLimit.1" label="10 ">$NUMBER[10]</property>
	<property property="widgetLimit.1" label="15 ">$NUMBER[15]</property>
	<property property="widgetLimit.1" label="20 ">$NUMBER[20]</property>
	<property property="widgetLimit.1" label="25 ">$NUMBER[25]</property>
	<property property="widgetLimit.1" label="50 ">$NUMBER[50]</property>
	<property property="widgetLimit.1" label="100 ">$NUMBER[100]</property>
	<!-- Widget 2 Limit -->
	<propertySettings property="widgetLimit.2" buttonID="80210" title="$LOCALIZE[31385]" showNone="false" templateonly="true"/>
	<property property="widgetLimit.2" label="1 ">$NUMBER[1]</property>
	<property property="widgetLimit.2" label="2 ">$NUMBER[2]</property>
	<property property="widgetLimit.2" label="3 ">$NUMBER[3]</property>
	<property property="widgetLimit.2" label="4 ">$NUMBER[4]</property>
	<property property="widgetLimit.2" label="5 ">$NUMBER[5]</property>
	<property property="widgetLimit.2" label="6 ">$NUMBER[6]</property>
	<property property="widgetLimit.2" label="7 ">$NUMBER[7]</property>
	<property property="widgetLimit.2" label="8 ">$NUMBER[8]</property>
	<property property="widgetLimit.2" label="9 ">$NUMBER[9]</property>
	<property property="widgetLimit.2" label="10 ">$NUMBER[10]</property>
	<property property="widgetLimit.2" label="15 ">$NUMBER[15]</property>
	<property property="widgetLimit.2" label="20 ">$NUMBER[20]</property>
	<property property="widgetLimit.2" label="25 ">$NUMBER[25]</property>
	<property property="widgetLimit.2" label="50 ">$NUMBER[50]</property>
	<property property="widgetLimit.2" label="100 ">$NUMBER[100]</property>
	<!-- Widget 3 Limit -->
	<propertySettings property="widgetLimit.3" buttonID="80310" title="$LOCALIZE[31385]" showNone="false" templateonly="true"/>
	<property property="widgetLimit.3" label="1 ">$NUMBER[1]</property>
	<property property="widgetLimit.3" label="2 ">$NUMBER[2]</property>
	<property property="widgetLimit.3" label="3 ">$NUMBER[3]</property>
	<property property="widgetLimit.3" label="4 ">$NUMBER[4]</property>
	<property property="widgetLimit.3" label="5 ">$NUMBER[5]</property>
	<property property="widgetLimit.3" label="6 ">$NUMBER[6]</property>
	<property property="widgetLimit.3" label="7 ">$NUMBER[7]</property>
	<property property="widgetLimit.3" label="8 ">$NUMBER[8]</property>
	<property property="widgetLimit.3" label="9 ">$NUMBER[9]</property>
	<property property="widgetLimit.3" label="10 ">$NUMBER[10]</property>
	<property property="widgetLimit.3" label="15 ">$NUMBER[15]</property>
	<property property="widgetLimit.3" label="20 ">$NUMBER[20]</property>
	<property property="widgetLimit.3" label="25 ">$NUMBER[25]</property>
	<property property="widgetLimit.3" label="50 ">$NUMBER[50]</property>
	<property property="widgetLimit.3" label="100 ">$NUMBER[100]</property>
	<!-- Widget 4 Limit -->
	<propertySettings property="widgetLimit.4" buttonID="80410" title="$LOCALIZE[31385]" showNone="false" templateonly="true"/>
	<property property="widgetLimit.4" label="1 ">$NUMBER[1]</property>
	<property property="widgetLimit.4" label="2 ">$NUMBER[2]</property>
	<property property="widgetLimit.4" label="3 ">$NUMBER[3]</property>
	<property property="widgetLimit.4" label="4 ">$NUMBER[4]</property>
	<property property="widgetLimit.4" label="5 ">$NUMBER[5]</property>
	<property property="widgetLimit.4" label="6 ">$NUMBER[6]</property>
	<property property="widgetLimit.4" label="7 ">$NUMBER[7]</property>
	<property property="widgetLimit.4" label="8 ">$NUMBER[8]</property>
	<property property="widgetLimit.4" label="9 ">$NUMBER[9]</property>
	<property property="widgetLimit.4" label="10 ">$NUMBER[10]</property>
	<property property="widgetLimit.4" label="15 ">$NUMBER[15]</property>
	<property property="widgetLimit.4" label="20 ">$NUMBER[20]</property>
	<property property="widgetLimit.4" label="25 ">$NUMBER[25]</property>
	<property property="widgetLimit.4" label="50 ">$NUMBER[50]</property>
	<property property="widgetLimit.4" label="100 ">$NUMBER[100]</property>
	<!-- Widget 5 Limit -->
	<propertySettings property="widgetLimit.5" buttonID="80510" title="$LOCALIZE[31385]" showNone="false" templateonly="true"/>
	<property property="widgetLimit.5" label="1 ">$NUMBER[1]</property>
	<property property="widgetLimit.5" label="2 ">$NUMBER[2]</property>
	<property property="widgetLimit.5" label="3 ">$NUMBER[3]</property>
	<property property="widgetLimit.5" label="4 ">$NUMBER[4]</property>
	<property property="widgetLimit.5" label="5 ">$NUMBER[5]</property>
	<property property="widgetLimit.5" label="6 ">$NUMBER[6]</property>
	<property property="widgetLimit.5" label="7 ">$NUMBER[7]</property>
	<property property="widgetLimit.5" label="8 ">$NUMBER[8]</property>
	<property property="widgetLimit.5" label="9 ">$NUMBER[9]</property>
	<property property="widgetLimit.5" label="10 ">$NUMBER[10]</property>
	<property property="widgetLimit.5" label="15 ">$NUMBER[15]</property>
	<property property="widgetLimit.5" label="20 ">$NUMBER[20]</property>
	<property property="widgetLimit.5" label="25 ">$NUMBER[25]</property>
	<property property="widgetLimit.5" label="50 ">$NUMBER[50]</property>
	<property property="widgetLimit.5" label="100 ">$NUMBER[100]</property>
	<!-- Widget 6 Limit -->
	<propertySettings property="widgetLimit.6" buttonID="80610" title="$LOCALIZE[31385]" showNone="false" templateonly="true"/>
	<property property="widgetLimit.6" label="1 ">$NUMBER[1]</property>
	<property property="widgetLimit.6" label="2 ">$NUMBER[2]</property>
	<property property="widgetLimit.6" label="3 ">$NUMBER[3]</property>
	<property property="widgetLimit.6" label="4 ">$NUMBER[4]</property>
	<property property="widgetLimit.6" label="5 ">$NUMBER[5]</property>
	<property property="widgetLimit.6" label="6 ">$NUMBER[6]</property>
	<property property="widgetLimit.6" label="7 ">$NUMBER[7]</property>
	<property property="widgetLimit.6" label="8 ">$NUMBER[8]</property>
	<property property="widgetLimit.6" label="9 ">$NUMBER[9]</property>
	<property property="widgetLimit.6" label="10 ">$NUMBER[10]</property>
	<property property="widgetLimit.6" label="15 ">$NUMBER[15]</property>
	<property property="widgetLimit.6" label="20 ">$NUMBER[20]</property>
	<property property="widgetLimit.6" label="25 ">$NUMBER[25]</property>
	<property property="widgetLimit.6" label="50 ">$NUMBER[50]</property>
	<property property="widgetLimit.6" label="100 ">$NUMBER[100]</property>
	<!-- Widget fallback if empty -->
	<!-- NOTE: values cannot be empty when using python in the template.xml or template will not build -->
	<propertyfallback property="widgetType.1">none</propertyfallback>
	<propertyfallback property="widgetType.2">none</propertyfallback>
	<propertyfallback property="widgetType.3">none</propertyfallback>
	<propertyfallback property="widgetType.4">none</propertyfallback>
	<propertyfallback property="widgetType.5">none</propertyfallback>
	<propertyfallback property="widgetType.6">none</propertyfallback>
	<propertyfallback property="widgetCaseMusic.1">false</propertyfallback>
	<propertyfallback property="widgetCaseVideo.1">false</propertyfallback>
	<propertyfallback property="widgetCaseMusic.2">false</propertyfallback>
	<propertyfallback property="widgetCaseVideo.2">false</propertyfallback>
	<propertyfallback property="widgetCaseMusic.3">false</propertyfallback>
	<propertyfallback property="widgetCaseVideo.3">false</propertyfallback>
	<propertyfallback property="widgetCaseMusic.4">false</propertyfallback>
	<propertyfallback property="widgetCaseVideo.4">false</propertyfallback>
	<propertyfallback property="widgetCaseMusic.5">false</propertyfallback>
	<propertyfallback property="widgetCaseVideo.5">false</propertyfallback>
	<propertyfallback property="widgetCaseMusic.6">false</propertyfallback>
	<propertyfallback property="widgetCaseVideo.6">false</propertyfallback>
	<propertyfallback property="widgetWatchedStatus.1">false</propertyfallback>
	<propertyfallback property="widgetWatchedStatus.2">false</propertyfallback>
	<propertyfallback property="widgetWatchedStatus.3">false</propertyfallback>
	<propertyfallback property="widgetWatchedStatus.4">false</propertyfallback>
	<propertyfallback property="widgetWatchedStatus.5">false</propertyfallback>
	<propertyfallback property="widgetWatchedStatus.6">false</propertyfallback>
	<propertyfallback property="widgetArtwork.1" attribute="widgetType.1" value="movies">portraiticon</propertyfallback>
	<propertyfallback property="widgetArtwork.1" attribute="widgetType.1" value="tvshows">portraiticon</propertyfallback>
	<propertyfallback property="widgetArtwork.1" attribute="widgetType.1" value="episodes">portraiticon</propertyfallback>
	<propertyfallback property="widgetArtwork.1" attribute="widgetType.1" value="picture">landscapeicon</propertyfallback>
	<propertyfallback property="widgetArtwork.1">squareicon</propertyfallback>
	<propertyfallback property="widgetArtwork.2" attribute="widgetType.2" value="movies">portraiticon</propertyfallback>
	<propertyfallback property="widgetArtwork.2" attribute="widgetType.2" value="tvshows">portraiticon</propertyfallback>
	<propertyfallback property="widgetArtwork.2" attribute="widgetType.2" value="episodes">portraiticon</propertyfallback>
	<propertyfallback property="widgetArtwork.2" attribute="widgetType.2" value="picture">landscapeicon</propertyfallback>
	<propertyfallback property="widgetArtwork.2">squareicon</propertyfallback>
	<propertyfallback property="widgetArtwork.3" attribute="widgetType.3" value="movies">portraiticon</propertyfallback>
	<propertyfallback property="widgetArtwork.3" attribute="widgetType.3" value="tvshows">portraiticon</propertyfallback>
	<propertyfallback property="widgetArtwork.3" attribute="widgetType.3" value="episodes">portraiticon</propertyfallback>
	<propertyfallback property="widgetArtwork.3" attribute="widgetType.3" value="picture">landscapeicon</propertyfallback>
	<propertyfallback property="widgetArtwork.3">squareicon</propertyfallback>
	<propertyfallback property="widgetArtwork.4" attribute="widgetType.4" value="movies">portraiticon</propertyfallback>
	<propertyfallback property="widgetArtwork.4" attribute="widgetType.4" value="tvshows">portraiticon</propertyfallback>
	<propertyfallback property="widgetArtwork.4" attribute="widgetType.4" value="episodes">portraiticon</propertyfallback>
	<propertyfallback property="widgetArtwork.4" attribute="widgetType.4" value="picture">landscapeicon</propertyfallback>
	<propertyfallback property="widgetArtwork.4">squareicon</propertyfallback>
	<propertyfallback property="widgetArtwork.5" attribute="widgetType.5" value="movies">portraiticon</propertyfallback>
	<propertyfallback property="widgetArtwork.5" attribute="widgetType.5" value="tvshows">portraiticon</propertyfallback>
	<propertyfallback property="widgetArtwork.5" attribute="widgetType.5" value="episodes">portraiticon</propertyfallback>
	<propertyfallback property="widgetArtwork.5" attribute="widgetType.5" value="picture">landscapeicon</propertyfallback>
	<propertyfallback property="widgetArtwork.5">squareicon</propertyfallback>
	<propertyfallback property="widgetArtwork.6" attribute="widgetType.6" value="movies">portraiticon</propertyfallback>
	<propertyfallback property="widgetArtwork.6" attribute="widgetType.6" value="tvshows">portraiticon</propertyfallback>
	<propertyfallback property="widgetArtwork.6" attribute="widgetType.6" value="episodes">portraiticon</propertyfallback>
	<propertyfallback property="widgetArtwork.6" attribute="widgetType.6" value="picture">landscapeicon</propertyfallback>
	<propertyfallback property="widgetArtwork.6">squareicon</propertyfallback>
	<propertyfallback property="widgetStyle.1">medium</propertyfallback>
	<propertyfallback property="widgetStyle.2">medium</propertyfallback>
	<propertyfallback property="widgetStyle.3">medium</propertyfallback>
	<propertyfallback property="widgetStyle.4">medium</propertyfallback>
	<propertyfallback property="widgetStyle.5">medium</propertyfallback>
	<propertyfallback property="widgetStyle.6">medium</propertyfallback>
	<propertyfallback property="widgetLimit.1">20</propertyfallback>
	<propertyfallback property="widgetLimit.2">20</propertyfallback>
	<propertyfallback property="widgetLimit.3">20</propertyfallback>
	<propertyfallback property="widgetLimit.4">20</propertyfallback>
	<propertyfallback property="widgetLimit.5">20</propertyfallback>
	<propertyfallback property="widgetLimit.6">20</propertyfallback>
	<!-- Cover background -->
	<propertySettings property="coverBackground" buttonID="8093" title="$LOCALIZE[33068]" showNone="false" imageBrowse="true"/>
	<property property="coverBackground" label="$LOCALIZE[571]"/>
	<property property="coverBackground" label="$LOCALIZE[20445]">fanart</property>
	<!-- Cover sort by -->
	<propertySettings property="coverSortBy" buttonID="8094" title="$LOCALIZE[580]" showNone="false" templateonly="true"/>
	<property property="coverSortBy" label="$LOCALIZE[571]"/>
	<property property="coverSortBy" label="$LOCALIZE[369]">title</property>
	<property property="coverSortBy" label="$LOCALIZE[552]">date</property>
	<property property="coverSortBy" label="$LOCALIZE[345]">year</property>
	<property property="coverSortBy" label="$LOCALIZE[590]">random</property>
	<!-- Cover sort order -->
	<propertySettings property="coverSortOrder" buttonID="8095" title="$LOCALIZE[581]" showNone="false" templateonly="true"/>
	<property property="coverSortOrder" label="$LOCALIZE[571]"/>
	<property property="coverSortOrder" label="$LOCALIZE[584]">ascending</property>
	<property property="coverSortOrder" label="$LOCALIZE[585]">descending</property>
	<!-- Infolines -->
	<property property="InfoLine" label="$LOCALIZE[20342]">movies</property>
	<property property="InfoLine" label="$LOCALIZE[20343]">tvshows</property>
	<property property="InfoLine" label="$LOCALIZE[2]">music</property>
	<property property="InfoLine" label="$LOCALIZE[20389]">musicvideos</property>
	<property property="InfoLine" label="$LOCALIZE[3]">videos</property>
	<property property="InfoLine" label="$LOCALIZE[31154]">moviestvshows</property>
	<property property="InfoLine" label="PVR">pvr</property>
	<property property="InfoLine" label="$LOCALIZE[31317]">pvrstatus</property>
	<property property="InfoLine" label="$LOCALIZE[31318]">tvstatus</property>
	<property property="InfoLine" label="$LOCALIZE[31319]">radiostatus</property>
	<property property="InfoLine" label="$LOCALIZE[8]">weather</property>
	<property property="InfoLine" label="$LOCALIZE[427]">disc</property>
	<property property="InfoLine" label="$LOCALIZE[130]">systeminfo</property>
	<!-- PVR widget -->
	<property property="pvrWidget" label="PVR">pvr</property>
	<property property="pvrWidget" label="$LOCALIZE[19020]">tv</property>
	<property property="pvrWidget" label="$LOCALIZE[19021]">radio</property>
	<!-- Override action of shortcuts to close modal dialog -->
	<override action="globaloverride" group="shortcuts">
		<action>Action(Close)</action>
		<action>::ACTION::</action>
	</override>
	<!-- Onback - prevents the shortcut dialog closing for widgets -->
	<onback to="501">801</onback>
	<onback to="501">8011</onback>
	<onback to="501">8012</onback>
	<onback to="501">8013</onback>
	<onback to="501">8014</onback>
	<onback to="501">8015</onback>
	<onback to="501">8016</onback>
	<onback to="501">8017</onback>
	<onback to="501">8018</onback>
	<onback to="501">8019</onback>
	<onback to="501">80110</onback>
	<onback to="502">802</onback>
	<onback to="502">8021</onback>
	<onback to="502">8022</onback>
	<onback to="502">8023</onback>
	<onback to="502">8024</onback>
	<onback to="502">8025</onback>
	<onback to="502">8026</onback>
	<onback to="502">8027</onback>
	<onback to="502">8028</onback>
	<onback to="502">8029</onback>
	<onback to="502">80210</onback>
	<onback to="503">803</onback>
	<onback to="503">8031</onback>
	<onback to="503">8032</onback>
	<onback to="503">8033</onback>
	<onback to="503">8034</onback>
	<onback to="503">8035</onback>
	<onback to="503">8036</onback>
	<onback to="503">8037</onback>
	<onback to="503">8038</onback>
	<onback to="503">8039</onback>
	<onback to="503">80310</onback>
	<onback to="504">804</onback>
	<onback to="504">8041</onback>
	<onback to="504">8042</onback>
	<onback to="504">8043</onback>
	<onback to="504">8044</onback>
	<onback to="504">8045</onback>
	<onback to="504">8046</onback>
	<onback to="504">8047</onback>
	<onback to="504">8048</onback>
	<onback to="504">8049</onback>
	<onback to="504">80410</onback>
	<onback to="505">805</onback>
	<onback to="505">8051</onback>
	<onback to="505">8052</onback>
	<onback to="505">8053</onback>
	<onback to="505">8054</onback>
	<onback to="505">8055</onback>
	<onback to="505">8056</onback>
	<onback to="505">8057</onback>
	<onback to="505">8058</onback>
	<onback to="505">8059</onback>
	<onback to="505">80510</onback>
	<onback to="506">806</onback>
	<onback to="506">8061</onback>
	<onback to="506">8062</onback>
	<onback to="506">8063</onback>
	<onback to="506">8064</onback>
	<onback to="506">8065</onback>
	<onback to="506">8066</onback>
	<onback to="506">8067</onback>
	<onback to="506">8068</onback>
	<onback to="506">8069</onback>
	<onback to="506">80610</onback>
	<onback to="511">809</onback>
	<onback to="511">8091</onback>
	<onback to="511">8092</onback>
	<onback to="511">8093</onback>
	<onback to="511">8094</onback>
	<onback to="511">8095</onback>
	<!-- Remove any default menu item properties that we don't need -->
	<!-- widget.1 ect. must be built as it is required for onup condition for main menu -->
	<propertySettings property="backgroundName" templateonly="true"/>
	<propertySettings property="backgroundPlaylistName" templateonly="true"/>
	<propertySettings property="covercase" templateonly="true"/>
	<propertySettings property="coverSortBy" templateonly="true"/>
	<propertySettings property="coverSortOrder" templateonly="true"/>
	<propertySettings property="defaultID" templateonly="true"/>
	<propertySettings property="list" templateonly="true"/>
	<propertySettings property="group" templateonly="true"/>
	<propertySettings property="hasSubmenu" templateonly="true"/>
	<propertySettings property="widgetName.1" templateonly="true"/>
	<propertySettings property="widgetLimit.1" templateonly="true"/>
	<propertySettings property="widgetPath.1" templateonly="true"/>
	<propertySettings property="widgetType.1" templateonly="true"/>
	<propertySettings property="widgetLabel.1" templateonly="true"/>
	<propertySettings property="widgetTarget.1" templateonly="true"/>
	<propertySettings property="widgetCaseMusic.1" templateonly="true"/>
	<propertySettings property="widgetCaseVideo.1" templateonly="true"/>
	<propertySettings property="widgetWatchedStatus.1" templateonly="true"/>
	<propertySettings property="widgetName.2" templateonly="true"/>
	<propertySettings property="widgetLimit.2" templateonly="true"/>
	<propertySettings property="widgetPath.2" templateonly="true"/>
	<propertySettings property="widgetType.2" templateonly="true"/>
	<propertySettings property="widgetLabel.2" templateonly="true"/>
	<propertySettings property="widgetTarget.2" templateonly="true"/>
	<propertySettings property="widgetCaseMusic.2" templateonly="true"/>
	<propertySettings property="widgetCaseVideo.2" templateonly="true"/>
	<propertySettings property="widgetWatchedStatus.2" templateonly="true"/>
	<propertySettings property="widgetName.3" templateonly="true"/>
	<propertySettings property="widgetLimit.3" templateonly="true"/>
	<propertySettings property="widgetPath.3" templateonly="true"/>
	<propertySettings property="widgetType.3" templateonly="true"/>
	<propertySettings property="widgetLabel.3" templateonly="true"/>
	<propertySettings property="widgetTarget.3" templateonly="true"/>
	<propertySettings property="widgetCaseMusic.3" templateonly="true"/>
	<propertySettings property="widgetCaseVideo.3" templateonly="true"/>
	<propertySettings property="widgetWatchedStatus.3" templateonly="true"/>
	<propertySettings property="widgetName.4" templateonly="true"/>
	<propertySettings property="widgetLimit.4" templateonly="true"/>
	<propertySettings property="widgetPath.4" templateonly="true"/>
	<propertySettings property="widgetType.4" templateonly="true"/>
	<propertySettings property="widgetLabel.4" templateonly="true"/>
	<propertySettings property="widgetTarget.4" templateonly="true"/>
	<propertySettings property="widgetCaseMusic.4" templateonly="true"/>
	<propertySettings property="widgetCaseVideo.4" templateonly="true"/>
	<propertySettings property="widgetWatchedStatus.4" templateonly="true"/>
	<propertySettings property="widgetName.5" templateonly="true"/>
	<propertySettings property="widgetLimit.5" templateonly="true"/>
	<propertySettings property="widgetPath.5" templateonly="true"/>
	<propertySettings property="widgetType.5" templateonly="true"/>
	<propertySettings property="widgetLabel.5" templateonly="true"/>
	<propertySettings property="widgetTarget.5" templateonly="true"/>
	<propertySettings property="widgetCaseMusic.5" templateonly="true"/>
	<propertySettings property="widgetCaseVideo.5" templateonly="true"/>
	<propertySettings property="widgetWatchedStatus.5" templateonly="true"/>
	<propertySettings property="widgetName.6" templateonly="true"/>
	<propertySettings property="widgetLimit.6" templateonly="true"/>
	<propertySettings property="widgetPath.6" templateonly="true"/>
	<propertySettings property="widgetType.6" templateonly="true"/>
	<propertySettings property="widgetLabel.6" templateonly="true"/>
	<propertySettings property="widgetTarget.6" templateonly="true"/>
	<propertySettings property="widgetCaseMusic.6" templateonly="true"/>
	<propertySettings property="widgetCaseVideo.6" templateonly="true"/>
	<propertySettings property="widgetWatchedStatus.6" templateonly="true"/>
</overrides>