<?xml version="1.0" encoding="UTF-8"?>
<includes>
  <include name="Viewtype_Showcase">
    <control type="group">
      <visible>Control.IsVisible(58)</visible>
      <control type="image">
        <left>0</left>
        <top>0</top>
        <width>1280</width>
        <height>720</height>
        <texture>music/music_backdrop3.png</texture>
        <include>Animation_BackdropFade</include>
      </control>
      <control type="label">
        <visible>SubString(ListItem.Icon,DefaultFolderBack.png,Left)</visible>
        <animation effect="slide" start="0,0" end="0,-70" time="1000" delay="600" tween="cubic" easing="inout" condition="Control.IsVisible(58) + Container.Content(movies) + Skin.HasSetting(ShowcaseFanart)">Conditional</animation>
        <animation effect="slide" start="0,0" end="0,-110" time="1000" delay="600" tween="cubic" easing="inout" condition="Control.IsVisible(58) + Container.Content(movies)">Conditional</animation>
        <left>0</left>
        <top>370</top>
        <width>1280</width>
        <height>50</height>
        <align>center</align>
        <font>Font_Bartowski_BigMusic</font>
        <shadowcolor>678b8b8b</shadowcolor>
        <textcolor>678b8b8b</textcolor>
        <label>31235</label>
        <include>Animation_Bartowski_Context_Zoom</include>
      </control>
      <control type="label">
        <visible>Skin.HasSetting(ShowcaseFanart) + Skin.HasSetting(showcase_fanart_title)</visible>
        <animation effect="slide" start="0,0" end="0,-70" time="1000" delay="600" tween="cubic" easing="inout" condition="Control.IsVisible(58) + Container.Content(movies) + Skin.HasSetting(ShowcaseFanart)">Conditional</animation>
        <animation effect="slide" start="0,0" end="0,-110" time="1000" delay="600" tween="cubic" easing="inout" condition="Control.IsVisible(58) + Container.Content(movies)">Conditional</animation>
        <left>0</left>
        <top>470</top>
        <width>1280</width>
        <height>50</height>
        <align>center</align>
        <font>Font_Bartowski_BigMusic</font>
        <shadowcolor>678b8b8b</shadowcolor>
        <textcolor>678b8b8b</textcolor>
        <label>$INFO[ListItem.label]</label>
        <include>Animation_Bartowski_Context_Zoom</include>
      </control>
      <control type="image">
        <visible>!Player.HasVideo + !Skin.HasSetting(ShowcaseFanart) + !SubString(ListItem.Icon,DefaultFolderBack.png,Left)</visible>
        <left>0</left>
        <top>30</top>
        <width>436</width>
        <height>244</height>
        <texture background="true" diffuse="Showcase/showcase-diffuse.png" fallback="special://skin/backgrounds/movies.jpg">$INFO[Container(58).listitem.property(fanart_image)]</texture>
        <fadetime>400</fadetime>
        <aspectratio>stretch</aspectratio>
        <include>Animation_SlideUpFadeOut</include>
      </control>
    </control>
    <control type="fixedlist" id="58">
      <left>-135</left>
      <top>290</top>
      <height>515</height>
      <width>1480</width>
      <onleft>50</onleft>
      <onright>50</onright>
     
	  <onup>9000</onup>
      <include condition="!Skin.HasSetting(big_trailer)">ondown_small_trailer</include>
      <include condition="Skin.HasSetting(big_trailer)">ondown_big_trailer</include>
      <viewtype label="$LOCALIZE[31063]">list</viewtype>
      <orientation>horizontal</orientation>
      <focusposition>4</focusposition>
      <scrolltime>400</scrolltime>
      <preloaditems>2</preloaditems>
      <pagecontrol>68</pagecontrol>
      <include>Animation_Viewtype_Showcase_FocusArea</include>
      <visible>!Skin.HasSetting(no_Showcase) + [Container.Content(movies) | Container.Content(tvshows) | Container.Content(seasons) | substring(container.folderpath,plugin://plugin.video.youtube)]</visible>
      <itemlayout width="168" height="2875">
        <control type="image">
          <left>1</left>
          <top>131</top>
          <width>162</width>
          <height>241</height>
          <texture background="true" diffuse="postermatteNF.png">$VAR[PosterThumb]</texture>
          <fadetime>200</fadetime>
          <aspectratio scalediffuse="false">stretch</aspectratio>
          <!--	<animation effect="slide" start="0,0" end="0,20" time="0" tween="cubic" easing="inout" condition="Control.IsVisible(58) + Container.Content(movies) + Skin.HasSetting(ShowcaseFanart)">Conditional</animation> -->
        </control>
        <control type="image">
          <left>-8</left>
          <top>122</top>
          <width>180</width>
          <height>260</height>
          <texture>posterframeF.png</texture>
          <colordiffuse>39FFFFFF</colordiffuse>
          <visible>Control.IsVisible(60) | !Control.IsVisible(61)</visible>
        </control>
        <control type="image">
          <left>-7</left>
          <top>108</top>
          <width>181</width>
          <height>281</height>
          <texture fallback="case-sets.png">case$INFO[ListItem.VideoResolution].png</texture>
          <visible>!stringcompare(ListItem.Label,..) + !Skin.HasSetting(HideVideoCase) + !Container.Content(tvshows)</visible>
          <aspectratio scalediffuse="false">stretch</aspectratio>
        </control>
        <control type="image">
          <left>-7</left>
          <top>108</top>
          <width>181</width>
          <height>281</height>
          <texture>case-tv.png</texture>
          <visible>!stringcompare(ListItem.Label,..) + !Skin.HasSetting(HideVideoCase) + [Container.Content(tvshows) | Container.Content(seasons)]</visible>
          <aspectratio scalediffuse="false">stretch</aspectratio>
        </control>
        <control type="image">
          <left>1</left>
          <top>374</top>
          <width>162</width>
          <height>241</height>
          <texture background="true" flipy="true" diffuse="movie-poster/Movie_Thumb_Mask.png">$VAR[PosterThumb]</texture>
          <colordiffuse>69FFFFFF</colordiffuse>
          <fadetime>200</fadetime>
          <aspectratio scalediffuse="false">stretch</aspectratio>
          <!--	<animation effect="slide" start="0,0" end="0,20" time="0" tween="cubic" easing="inout" condition="Control.IsVisible(58) + Container.Content(movies) + Skin.HasSetting(ShowcaseFanart)">Conditional</animation> -->
        </control>
        <control type="image">
          <left>115</left>
          <top>328</top>
          <width>50</width>
          <height>50</height>
          <texture>dialogs/movies/$INFO[ListItem.Overlay]</texture>
          <visible>!Skin.HasSetting(DisableMovieOverlays) + !IsEmpty(ListItem.Overlay)</visible>
        </control>
        <control type="image">
          <left>105</left>
          <top>360</top>
          <width>80</width>
          <height>60</height>
          <colordiffuse>69FFFFFF</colordiffuse>
          <texture flipy="true">dialogs/movies/$INFO[ListItem.Overlay]</texture>
          <visible>!Skin.HasSetting(DisableMovieOverlays) + !IsEmpty(ListItem.Overlay)</visible>
        </control>
        <control type="image">
          <left>100</left>
          <top>332</top>
          <width>80</width>
          <height>60</height>
          <texture>dialogs/movies/movieset.png</texture>
          <visible>Container.Content(movies) + IsEmpty(ListItem.foldername) + !substring(Container.Listitem.Label,..,left) + !Container.Content(genres) + Window.IsActive(videolibrary)</visible>
        </control>
      </itemlayout>
      <focusedlayout width="210" height="515">
        <control type="group">
          <!--	<animation effect="slide" start="0,0" end="0,30" time="0" tween="cubic" easing="inout" condition="Control.IsVisible(58) + Container.Content(movies) + Skin.HasSetting(ShowcaseFanart)">Conditional</animation> -->
       <!--   <control type="image">
            <left>-94</left>
            <top>24</top>
            <width>389</width>
            <height>405</height>
            <texture>showcase/showcase_glow2</texture>
            <colordiffuse>orange</colordiffuse>
            <animation type="Focus" reversible="false">
              <effect type="zoom" center="90,258" start="81" end="100" time="400" tween="back" easing="out" />
              <effect type="fade" start="0" end="100" time="1000" delay="400" />
            </animation>
          </control>-->
          <control type="image">
            <left>2</left>
            <top>90</top>
            <width>201</width>
            <height>300</height>
            <texture>$VAR[PosterThumb]</texture>
            <fadetime>200</fadetime>
            <aspectratio scalediffuse="false">stretch</aspectratio>
            <animation type="Focus" reversible="false">
              <effect type="zoom" center="80,238" start="81" end="100" time="400" tween="back" easing="out" />
            </animation>
          </control>
          <control type="image" id="60">
            <left>-7</left>
            <top>60</top>
            <width>225</width>
            <height>350</height>
            <texture fallback="case-sets.png">case$INFO[ListItem.VideoResolution].png</texture>
            <visible>!stringcompare(ListItem.Label,..) + !Skin.HasSetting(HideVideoCase) + !Container.Content(tvshows)</visible>
            <animation type="Focus" reversible="false">
              <effect type="zoom" center="80,238" start="81" end="100" time="400" tween="back" easing="out" />
            </animation>
            <aspectratio scalediffuse="false">stretch</aspectratio>
          </control>
          <control type="image">
            <left>-7</left>
            <top>60</top>
            <width>225</width>
            <height>350</height>
            <texture>case-tv.png</texture>
            <visible>!stringcompare(ListItem.Label,..) + !Skin.HasSetting(HideVideoCase) + [Container.Content(tvshows) | Container.Content(seasons)]</visible>
            <animation type="Focus" reversible="false">
              <effect type="zoom" center="80,238" start="81" end="100" time="400" tween="back" easing="out" />
            </animation>
            <aspectratio scalediffuse="false">stretch</aspectratio>
          </control>
          <control type="image">
            <left>90</left>
            <top>70</top>
            <width>27</width>
            <height>16</height>
            <texture>movieset.png</texture>
            <visible>ListItem.IsFolder + !stringcompare(ListItem.Label,..) + !SubString(Container.Folderpath,plugin://,left) + !Container.Content(tvshows)</visible>
            <animation type="Focus" reversible="false">
              <effect type="zoom" center="80,238" start="81" end="100" time="400" tween="back" easing="out" />
            </animation>
          </control>
          <control type="image">
            <left>2</left>
            <top>394</top>
            <width>201</width>
            <height>300</height>
            <texture background="true" flipy="true" diffuse="postermatte.png">$VAR[PosterThumb]</texture>
            <fadetime>200</fadetime>
            <aspectratio scalediffuse="false">stretch</aspectratio>
            <animation type="Focus" reversible="false">
              <effect type="zoom" center="80,238" start="81" end="100" time="400" tween="back" easing="out" />
              <effect type="fade" start="0" end="60" time="600" />
            </animation>
          </control>
          <control type="image">
            <left>-10</left>
            <top>78</top>
            <width>225</width>
            <height>325</height>
            <texture>posterframeF</texture>
            <animation type="Focus" reversible="false">
              <effect type="zoom" center="90,258" start="81" end="100" time="300" tween="back" easing="out" />
              <effect type="fade" start="0" end="60" time="600" />
            </animation>
            <visible>!Control.IsVisible(60) | !Control.IsVisible(61)</visible>
          </control>
          <control type="image">
            <left>140</left>
            <top>330</top>
            <width>68</width>
            <height>68</height>
            <texture>dialogs/movies/$INFO[ListItem.Overlay]</texture>
            <animation type="Focus" reversible="false">
              <effect type="zoom" center="90,258" start="81" end="100" time="300" tween="back" easing="out" />
            </animation>
            <visible>!Skin.HasSetting(DisableMovieOverlays) + !IsEmpty(ListItem.Overlay)</visible>
          </control>
          <control type="image">
            <left>137</left>
            <top>380</top>
            <width>68</width>
            <height>68</height>
            <colordiffuse>69FFFFFF</colordiffuse>
            <texture flipy="true">dialogs/movies/$INFO[ListItem.Overlay]</texture>
            <animation type="Focus" reversible="false">
              <effect type="zoom" center="90,258" start="81" end="100" time="300" tween="back" easing="out" />
            </animation>
            <visible>!Skin.HasSetting(DisableMovieOverlays) + !IsEmpty(ListItem.Overlay)</visible>
          </control>
          <control type="image">
            <left>134</left>
            <top>344</top>
            <width>90</width>
            <height>68</height>
            <texture>dialogs/movies/movieset.png</texture>
            <animation type="Focus" reversible="false">
              <effect type="zoom" center="90,258" start="81" end="100" time="300" tween="back" easing="out" />
            </animation>
            <visible>Container.Content(movies) + IsEmpty(ListItem.foldername) + !substring(Container.Listitem.Label,..,left) + !Container.Content(genres) + Window.IsActive(videolibrary)</visible>
          </control>
        </control>
      </focusedlayout>
    </control>
    <control type="group">
      <visible>Control.IsVisible(58)</visible>
      <control type="textbox">
        <visible>!Skin.HasSetting(ShowcaseFanart)</visible>
        <left>450</left>
        <top>57</top>
        <width>540</width>
        <height>260</height>
        <font>Font_Bartowski_Showcase_plot</font>
        <textcolor>white</textcolor>
        <label>$INFO[ListItem.Plot]</label>
        <align>justify</align>
        <autoscroll time="3000" delay="5000" repeat="5000">Skin.HasSetting(autoscroll)</autoscroll>
        <include>Animation_Viewtype_Showcase_Plot</include>
      </control>
      <control type="image">
        <!-- Floor -->
        <visible>!Skin.HasSetting(ShowcaseFanart)</visible>
        <left>0</left>
        <top>0</top>
        <width>1280</width>
        <height>720</height>
        <texture>Showcase/last-overlay.png</texture>
      </control>
      <control type="group">
        <visible>!SubString(ListItem.Icon,DefaultFolderBack.png,Left) + !Skin.HasSetting(ShowcaseFanart)</visible>
        <include>Animation_Viewtype_Showcase_LeftArea</include>
        <control type="label">
          <!--Movie title-->
          <left>15</left>
          <top>275</top>
          <width>420</width>
          <height>50</height>
          <aligny>center</aligny>
          <font>Font_Bartowski_Showcase_Title</font>
          <textcolor>orange</textcolor>
          <label>$INFO[ListItem.Label]</label>
        </control>
        <control type="label">
          <left>15</left>
          <top>303</top>
          <width>394</width>
          <height>50</height>
          <aligny>center</aligny>
          <font>Font_RSS_Big</font>
          <textcolor>white</textcolor>
          <label>31508</label>
          <visible>IsEmpty(ListItem.foldername) + !substring(Container.Listitem.Label,..,left) + !Container.Content(genres) + Window.IsActive(videolibrary)</visible>
        </control>
        <control type="label">
          <!--Duration-->
          <left>15</left>
          <top>303</top>
          <width>394</width>
          <height>50</height>
          <aligny>center</aligny>
          <font>Font_RSS_Big</font>
          <textcolor>white</textcolor>
          <label>$INFO[ListItem.Duration] $LOCALIZE[12391]</label>
          <visible>!IsEmpty(ListItem.Duration) + !SubString(ListItem.Duration,min) + !substring(container.folderpath,plugin://plugin.video.youtube)</visible>
        </control>
        <control type="label">
          <!--Duration-->
          <left>15</left>
          <top>303</top>
          <width>394</width>
          <height>50</height>
          <aligny>center</aligny>
          <font>Font_RSS_Big</font>
          <textcolor>white</textcolor>
          <label>$INFO[ListItem.Duration]</label>
          <visible>!IsEmpty(ListItem.Duration) + SubString(ListItem.Duration,min) + !substring(container.folderpath,plugin://plugin.video.youtube)</visible>
        </control>
        <control type="label">
          <!--Release Date-->
          <left>15</left>
          <top>300</top>
          <width>406</width>
          <height>50</height>
          <aligny>center</aligny>
          <font>Font_RSS_Big</font>
          <textcolor>white</textcolor>
          <label>$LOCALIZE[172]: $INFO[ListItem.Property(releasedate)]</label>
          <visible>substring(container.folderpath,plugin://plugin.video.youtube)</visible>
        </control>
        <control type="label">
          <!--Year-->
          <left>15</left>
          <top>326</top>
          <width>394</width>
          <height>50</height>
          <aligny>center</aligny>
          <font>Font_RSS_Big</font>
          <textcolor>white</textcolor>
          <label>$INFO[ListItem.year]</label>
          <animation effect="slide" start="0,0" end="0,-23" time="0" condition="IsEmpty(ListItem.Duration)">Conditional</animation>
          <visible>!substring(container.folderpath,plugin://plugin.video.youtube)</visible>
        </control>
        <control type="label">
          <!--Year-->
          <left>15</left>
          <top>326</top>
          <width>394</width>
          <height>50</height>
          <aligny>center</aligny>
          <font>Font_RSS_Big</font>
          <textcolor>white</textcolor>
          <label>$LOCALIZE[31226]</label>
          <visible>substring(container.folderpath,plugin://plugin.video.youtube)</visible>
        </control>
     <!--   <control type="group">
          <left>110</left>
          <top>330</top>
          <include>VideoMPAAFlaggingConditions</include>
          <animation effect="slide" start="0,0" end="-64,0" time="0" condition="IsEmpty(ListItem.Year)">Conditional</animation>
          <animation effect="slide" start="0,0" end="0,-23" time="0" condition="IsEmpty(ListItem.Duration)">Conditional</animation>
        </control>-->
      </control>
      <control type="label">
        <!--Trailer Start-->
        <visible>!IsEmpty(ListItem.Trailer) + !Player.HasVideo + !Skin.HasSetting(ShowcaseFanart)</visible>
        <left>20</left>
        <top>350</top>
        <width>370</width>
        <height>50</height>
        <aligny>center</aligny>
        <font>Font_Neon_16</font>
        <textcolor>white</textcolor>
        <label>*$LOCALIZE[31237]*</label>
        <shadowcolor>black</shadowcolor>
        <include>Animation_Viewtype_Showcase_Trailer</include>
        <animation effect="slide" start="0,0" end="0,-23" time="0" condition="IsEmpty(ListItem.Duration)">Conditional</animation>
        <animation effect="fade" start="0" end="100" time="400" delay="1000" condition="![Container(58).OnNext | Container(58).OnPrevious]">Conditional</animation>
      </control>
      <control type="label">
        <!--Trailer Stop-->
        <visible>Player.HasVideo + !Skin.HasSetting(ShowcaseFanart)</visible>
        <left>20</left>
        <top>350</top>
        <width>370</width>
        <height>50</height>
        <aligny>center</aligny>
        <font>Font_Neon_16</font>
        <textcolor>white</textcolor>
        <label>*$LOCALIZE[31238]*</label>
        <shadowcolor>black</shadowcolor>
        <include>Animation_Viewtype_Showcase_Trailer</include>
      </control>
      <!--Plot and extrathumbs-->
      <control type="grouplist">
        <visible>!SubString(ListItem.Icon,DefaultFolderBack.png,Left) + !Skin.HasSetting(extrathumbs) + !Skin.HasSetting(ShowcaseFanart) </visible>
        <left>1020</left>
        <top>52</top>
        <itemgap>0</itemgap>
        <include>Animation_Viewtype_Showcase_RightArea</include>
        <control type="label">
          <!--Director-->
          <left>0</left>
          <top>0</top>
          <width>390</width>
          <height>24</height>
          <font>Font_Bartowski_Showcase_Right_Main</font>
          <textcolor>orange</textcolor>
          <label>$LOCALIZE[20339]</label>
        </control>
        <control type="label">
          <!--Director-->
          <left>0</left>
          <top>0</top>
          <width>390</width>
          <height>24</height>
          <font>Font_Bartowski_Showcase_Right_Under</font>
          <textcolor>white</textcolor>
          <label fallback="Not Available">$INFO[ListItem.Director]</label>
        </control>
        <control type="label">
          <left>0</left>
          <top>0</top>
          <width>390</width>
          <height>10</height>
          <font>Font_Bartowski_Showcase_Right_Main</font>
          <textcolor>orange</textcolor>
        </control>
        <control type="label">
          <!--Writer-->
          <left>0</left>
          <top>0</top>
          <width>390</width>
          <height>24</height>
          <font>Font_Bartowski_Showcase_Right_Main</font>
          <textcolor>orange</textcolor>
          <label>$LOCALIZE[20417]</label>
        </control>
        <control type="label">
          <!--Writer-->
          <left>0</left>
          <top>0</top>
          <width>390</width>
          <height>24</height>
          <font>Font_Bartowski_Showcase_Right_Under</font>
          <textcolor>white</textcolor>
          <label fallback="Not Available">$INFO[ListItem.Writer]</label>
        </control>
        <control type="label">
          <!--Director-->
          <left>0</left>
          <top>0</top>
          <width>390</width>
          <height>10</height>
          <font>Font_Bartowski_Showcase_Right_Main</font>
          <textcolor>orange</textcolor>
        </control>
        <control type="label">
          <!--Genre-->
          <left>0</left>
          <top>0</top>
          <width>390</width>
          <height>24</height>
          <font>Font_Bartowski_Showcase_Right_Main</font>
          <textcolor>orange</textcolor>
          <label>$LOCALIZE[515]</label>
        </control>
        <control type="label">
          <!--Genre-->
          <left>0</left>
          <top>0</top>
          <width>390</width>
          <height>24</height>
          <font>Font_Bartowski_Showcase_Right_Under</font>
          <textcolor>white</textcolor>
          <label fallback="Not Available">$INFO[ListItem.Genre]</label>
        </control>
        <control type="label">
          <!--Director-->
          <left>0</left>
          <top>0</top>
          <width>390</width>
          <height>10</height>
          <font>Font_Bartowski_Showcase_Right_Main</font>
          <textcolor>orange</textcolor>
        </control>
        <control type="label">
          <!--Rating-->
          <left>0</left>
          <top>0</top>
          <width>390</width>
          <height>24</height>
          <font>Font_Bartowski_Showcase_Right_Main</font>
          <textcolor>orange</textcolor>
          <label>$LOCALIZE[563]</label>
        </control>
        <control type="label">
          <!--Rating-->
          <left>0</left>
          <top>0</top>
          <width>390</width>
          <height>24</height>
          <font>Font_Bartowski_Showcase_Right_Under</font>
          <textcolor>white</textcolor>
          <label fallback="Not Available">$INFO[ListItem.Rating]</label>
        </control>
        <control type="label">
          <!--Director-->
          <left>0</left>
          <top>0</top>
          <width>390</width>
          <height>10</height>
          <font>Font_Bartowski_Showcase_Right_Main</font>
          <textcolor>orange</textcolor>
        </control>
        <control type="label">
          <!--Studio-->
          <left>0</left>
          <top>0</top>
          <width>390</width>
          <height>24</height>
          <font>Font_Bartowski_Showcase_Right_Main</font>
          <textcolor>orange</textcolor>
          <label>$LOCALIZE[572]</label>
        </control>
        <control type="label">
          <!--Rating-->
          <left>0</left>
          <top>0</top>
          <width>390</width>
          <height>24</height>
          <font>Font_Bartowski_Showcase_Right_Under</font>
          <textcolor>white</textcolor>
          <label fallback="Not Available">$INFO[ListItem.studio]</label>
        </control>
      </control>
      <control type="group">
        <visible>!SubString(ListItem.Icon,DefaultFolderBack.png,Left) + Skin.HasSetting(extrathumbs) + !Skin.HasSetting(ShowcaseFanart)</visible>
        <include>Animation_Viewtype_Showcase_RightArea</include>
        <control type="image">
          <left>1010</left>
          <top>40</top>
          <width>261</width>
          <height>147</height>
          <aspectratio>stretch</aspectratio>
          <texture background="true" diffuse="tv-landscape/landscapematteFO.png">$INFO[ListItem.Art(clearart)]</texture>
          <fadetime>200</fadetime>
        </control>
        <control type="image">
          <left>998</left>
          <top>30</top>
          <width>284</width>
          <height>166</height>
          <texture>tv-landscape/landscapeframeFO.png</texture>
        </control>
        <control type="image">
          <left>1010</left>
          <top>210</top>
          <width>261</width>
          <height>147</height>
          <aspectratio>stretch</aspectratio>
          <texture background="true" diffuse="tv-landscape/landscapematteFO.png">$INFO[ListItem.Art(logo)]</texture>
          <fadetime>200</fadetime>
        </control>
        <control type="image">
          <left>998</left>
          <top>200</top>
          <width>284</width>
          <height>166</height>
          <texture>tv-landscape/landscapeframeFO.png</texture>
        </control>
      </control>
      <control type="grouplist">
        <visible>!Skin.HasSetting(no_media_flags) + !Skin.HasSetting(ShowcaseFanart)</visible>
        <description>Media Codec Flagging Images</description>
        <left>0</left>
        <top>360</top>
        <width>1280</width>
        <align>right</align>
        <itemgap>0</itemgap>
        <orientation>horizontal</orientation>
        <itemgap>0</itemgap>
        <include>StudioFlags</include>
        <include>VideoStudioConditions</include>
				    <include>VideoTypeHackFlaggingConditions</include>
				       <include>VideoCodecFlaggingConditions</include>
				       <include>AudioChannelsFlaggingConditions</include>
				       <include>AudioCodecFlaggingConditions</include>
				       <include>VideoHDRFlaggingConditions</include>
				       <include>AspectCodecFlaggingConditions</include>
				       <include>VideoStereoscopicsFlaggingConditions</include>
					   <include>VideoMPAAFlaggingConditions</include>
						<include>VideoBBFCFlaggingConditions</include>
		
      </control>
    </control>
    <control type="scrollbar" id="68">
      <include>Animation_ZoomInZoomOut</include>
      <left>100</left>
      <top>900</top>
      <width>1080</width>
      <height>25</height>
      <visible allowhiddenfocus="true">Control.IsVisible(58) + Control.HasFocus(68)</visible>
      <texturesliderbackground>osd/osd_progress_back1.png</texturesliderbackground>
      <textureslidernibfocus>ScrollBarV_Nib_Focus.png</textureslidernibfocus>
      <onup>7000</onup>
      <ondown>58</ondown>
      <showonepage>true</showonepage>
      <orientation>horizontal</orientation>
      <include>Animation_CommonFade</include>
      <animation effect="slide" start="0,0" end="0,-220" time="400" tween="cubic" easing="inout" condition="Control.HasFocus(68)">Conditional</animation>
    </control>
  </include>
</includes>
