<?xml version="1.0" encoding="UTF-8"?>
<window id="1111">
	<defaultcontrol always="true">9050</defaultcontrol>
	<onload condition="!String.IsEmpty(SubBladeType))">Skin.Reset(SubBladeType)</onload>
	<animation effect="fade" start="100" end="100" time="30" condition="Control.HasFocus(1)">WindowClose</animation>
	<animation effect="fade" start="100" end="100" time="30" condition="Control.HasFocus(2)">WindowClose</animation>
	<controls>
		<include condition="!Skin.HasSetting(DontBlendBackground)">CommonVideoVizBackground</include>
		<control type="group">
			<animation effect="slide" start="0,0" end="-1280,0" time="HomeBladeAnimationSpeed" condition="Control.HasFocus(2)">Conditional</animation>
			<animation effect="slide" start="0,0" end="1280,0" time="HomeBladeAnimationSpeed" condition="Control.HasFocus(1)">Conditional</animation>
			<include>CommonAppsBackground</include>
		</control>
		<control type="group">
			<visible>Control.HasFocus(2)</visible>
			<animation effect="slide" start="1280,0" end="0,0" time="HomeBladeAnimationSpeed" condition="Control.HasFocus(2)">Conditional</animation>
			<include>CommonMediaBackground</include>
		</control>
		<control type="group">
			<visible>Control.HasFocus(1)</visible>
			<animation effect="slide" start="-1280,0" end="0,0" time="HomeBladeAnimationSpeed" condition="Control.HasFocus(1)">Conditional</animation>
			<include>CommonWeatherBackground</include>
		</control>
		<include condition="Skin.HasSetting(DontBlendBackground)">CommonVideoVizBackground</include>
<!-- Blackwash Background -->
		<control type="group">
			<animation effect="slide" end="-50,0" time="0" condition="Control.HasFocus(1)">Conditional</animation>
			<animation effect="slide" end="50,0" time="0" condition="Control.HasFocus(2)">Conditional</animation>
			<top>5</top>
			<control type="image">
				<description>Background</description>
				<left>91</left>
				<width>68</width>
				<height>720</height>
				<texture>background-overlay-blackwash-left-ws.png</texture>
			</control>
			<control type="image">
				<description>Background</description>
				<left>155r</left>
				<width>68</width>
				<height>720</height>
				<texture>background-overlay-blackwash-right-ws.png</texture>
			</control>
			<control type="image">
				<description>Background</description>
				<left>159</left>
				<width>966</width>
				<height>720</height>
				<texture>background-overlay-blackwash-centertile-ws.png</texture>
			</control>
		</control>
<!-- Blackwash Background End-->
		<control type="group">
			<left>180</left>
			<visible>!Control.HasFocus(1) + !Control.HasFocus(2)</visible>
			<animation effect="fade" time="HomeVisibleFadeAnimationSpeed">WindowOpen</animation>
			<include>HomeLogoButton</include>
			<control type="label">
				<description>Header label</description>
				<label>31011</label>
				<include>HeaderTextCommons</include>
			</control>
			<include content="ClockTextCommons">
				<param name="left" value="580" />
			</include>
			<control type="group">
				<top>180</top>
				<control type="list" id="9000">
					<width>450</width>
					<height>314</height>
					<onleft condition="![String.IsEmpty(Skin.String(AddonShortcut1)) + String.IsEmpty(Skin.String(AddonShortcut2)) + String.IsEmpty(Skin.String(AddonShortcut3)) + String.IsEmpty(Skin.String(AddonShortcut4))]">520</onleft>
					<onleft condition="String.IsEmpty(Skin.String(AddonShortcut1)) + String.IsEmpty(Skin.String(AddonShortcut2)) + String.IsEmpty(Skin.String(AddonShortcut3)) + String.IsEmpty(Skin.String(AddonShortcut4))">1</onleft>
					<onright condition="Container(9000).HasFocus(1) | Container(9000).HasFocus(2)">9100</onright>
					<onright condition="![Container(9000).HasFocus(1) | Container(9000).HasFocus(2)] + ![String.IsEmpty(Skin.String(AddonShortcut1)) + String.IsEmpty(Skin.String(AddonShortcut2)) + String.IsEmpty(Skin.String(AddonShortcut3)) + String.IsEmpty(Skin.String(AddonShortcut4))]">520</onright>
					<onright condition="![Container(9000).HasFocus(1) | Container(9000).HasFocus(2)] + [String.IsEmpty(Skin.String(AddonShortcut1)) + String.IsEmpty(Skin.String(AddonShortcut2)) + String.IsEmpty(Skin.String(AddonShortcut3)) + String.IsEmpty(Skin.String(AddonShortcut4))]">2</onright>
					<onup>9050</onup>
					<ondown condition="![String.IsEmpty(Skin.String(AddonShortcut1)) + String.IsEmpty(Skin.String(AddonShortcut2)) + String.IsEmpty(Skin.String(AddonShortcut3)) + String.IsEmpty(Skin.String(AddonShortcut4))]">520</ondown>
					<ondown condition="String.IsEmpty(Skin.String(AddonShortcut1)) + String.IsEmpty(Skin.String(AddonShortcut2)) + String.IsEmpty(Skin.String(AddonShortcut3)) + String.IsEmpty(Skin.String(AddonShortcut4))">9000</ondown>
					<viewtype label="535">list</viewtype>
					<pagecontrol>60</pagecontrol>
					<scrolltime>200</scrolltime>
					<itemlayout height="52" width="450">
						<control type="image">
							<description>Icon</description>
							<left>50</left>
							<top>4</top>
							<width>43</width>
							<height>43</height>
							<texture>$INFO[ListItem.Icon]</texture>
						</control>
						<control type="label">
							<left>120</left>
							<width>330</width>
							<height>45</height>
							<font>font30</font>
							<aligny>center</aligny>
							<textcolor>white2</textcolor>
							<align>left</align>
							<info>ListItem.Label</info>
						</control>
					</itemlayout>
					<focusedlayout height="52" width="450">
						<control type="image">
							<description>Button focus</description>
							<left>30</left>
							<width>397</width>
							<height>50</height>
							<texture>buttons/button.png</texture>
							<animation effect="slide" start="0,-52" time="200" tween="sine" easing="out" condition="Container(9000).OnNext" reversible="false">Focus</animation>
							<animation effect="slide" start="0,52" time="200" tween="sine" easing="out" condition="Container(9000).OnPrevious" reversible="false">Focus</animation>
							<animation effect="fade" start="100" end="25" time="200" condition="!Control.HasFocus(9000) + !Control.HasFocus(9050)">Conditional</animation>
							<animation effect="fade" start="100" end="0" time="200" condition="Control.HasFocus(9050)">Conditional</animation>
							<visible>!Control.HasFocus(9050)</visible>
						</control>
						<control type="image">
							<description>Icon</description>
							<left>50</left>
							<top>4</top>
							<width>43</width>
							<height>43</height>
							<texture>$INFO[ListItem.Icon]</texture>
							<animation effect="slide" end="ButtonSlideBackDistance,0" time="ButtonSlideBackTime" reversible="false">focus</animation>
						</control>
						<control type="label">
							<left>120</left>
							<width>330</width>
							<height>45</height>
							<font>font30</font>
							<aligny>center</aligny>
							<textcolor>white</textcolor>
							<align>left</align>
							<label>$INFO[ListItem.Label]</label>
							<animation effect="slide" end="ButtonSlideBackDistance,0" time="ButtonSlideBackTime" reversible="false">focus</animation>
						</control>
						<control type="image">
							<description>Button shine animation</description>
							<left>20</left>
							<top>3</top>
							<width>80</width>
							<height>50</height>
							<texture>shine-animation.png</texture>
							<visible>System.IdleTime(5) + Control.HasFocus(9000)</visible>
							<animation type="visible" reversible="false">
								<effect type="fade" start="0" end="100" time="200"/>
								<effect type="fade" start="100" end="0" delay="800" time="200"/>
								<effect type="slide" start="0,0" end="350,0" delay="0" time="1000"/>
							</animation>
						</control>
					</focusedlayout>
					<content>
						<item id="1">
							<label>24001</label>
							<onclick>ActivateWindow(AddonBrowser,root)</onclick>
							<icon>button_icons/icon-apps.png</icon>
							<visible>!Skin.HasSetting(AppsBlade_HideAddons)</visible>
						</item>
						<item id="2">
							<label>10821</label>
							<onclick>ActivateWindow(Games,return)</onclick>
							<icon>button_icons/icon-games.png</icon>
							<visible>!Skin.HasSetting(AppsBlade_HideGames)</visible>
						</item>
						<item id="3">
							<label>7</label>
							<onclick>ActivateWindow(Filemanager)</onclick>
							<icon>button_icons/icon-xbmc.png</icon>
							<visible>!Skin.HasSetting(AppsBlade_HideFilemanager)</visible>
						</item>
						<item id="4">
							<label>1036</label>
							<onclick>ActivateWindow(Favourites)</onclick>
							<icon>button_icons/icon-favourites.png</icon>
							<visible>!Skin.HasSetting(AppsBlade_HideFavourites)</visible>
						</item>
					</content>
				</control>
				<control type="list" id="9100">
					<left>475</left>
					<width>450</width>
					<height>238</height>
					<onleft>9000</onleft>
					<onright condition="![String.IsEmpty(Skin.String(AddonShortcut1)) + String.IsEmpty(Skin.String(AddonShortcut2)) + String.IsEmpty(Skin.String(AddonShortcut3)) + String.IsEmpty(Skin.String(AddonShortcut4))]">520</onright>
					<onright condition="String.IsEmpty(Skin.String(AddonShortcut1)) + String.IsEmpty(Skin.String(AddonShortcut2)) + String.IsEmpty(Skin.String(AddonShortcut3)) + String.IsEmpty(Skin.String(AddonShortcut4))">2</onright>
					<onup>9050</onup>
					<ondown condition="![String.IsEmpty(Skin.String(AddonShortcut1)) + String.IsEmpty(Skin.String(AddonShortcut2)) + String.IsEmpty(Skin.String(AddonShortcut3)) + String.IsEmpty(Skin.String(AddonShortcut4))]">520</ondown>
					<ondown condition="String.IsEmpty(Skin.String(AddonShortcut1)) + String.IsEmpty(Skin.String(AddonShortcut2)) + String.IsEmpty(Skin.String(AddonShortcut3)) + String.IsEmpty(Skin.String(AddonShortcut4))">9100</ondown>
					<viewtype label="535">list</viewtype>
					<pagecontrol>60</pagecontrol>
					<scrolltime>200</scrolltime>
					<itemlayout height="34" width="450">
						<control type="image">
							<description>Icon</description>
							<left>40</left>
							<top>1</top>
							<width>32</width>
							<height>32</height>
							<texture>$INFO[ListItem.Icon]</texture>
						</control>
						<control type="label">
							<left>100</left>
							<width>340</width>
							<height>32</height>
							<font>font13</font>
							<aligny>center</aligny>
							<textcolor>white2</textcolor>
							<align>left</align>
							<info>ListItem.Label</info>
						</control>
					</itemlayout>
					<focusedlayout height="34" width="450">
						<control type="image">
							<description>Button focus</description>
							<left>20</left>
							<width>397</width>
							<height>34</height>
							<texture>buttons/button.png</texture>
							<animation effect="slide" start="0,-34" time="200" tween="sine" easing="out" condition="Container(9100).OnNext" reversible="false">Focus</animation>
							<animation effect="slide" start="0,34" time="200" tween="sine" easing="out" condition="Container(9100).OnPrevious" reversible="false">Focus</animation>
							<animation effect="fade" start="100" end="0" time="200" condition="!Control.HasFocus(9100)">Conditional</animation>
							<visible>!Control.HasFocus(9050) + !Control.HasFocus(9000)</visible>
						</control>
						<control type="image">
							<description>Icon</description>
							<left>40</left>
							<top>1</top>
							<width>32</width>
							<height>32</height>
							<texture>$INFO[ListItem.Icon]</texture>
							<animation effect="slide" end="ButtonSlideBackDistance,0" time="ButtonSlideBackTime" reversible="false">focus</animation>
						</control>
						<control type="label">
							<left>100</left>
							<width>340</width>
							<height>32</height>
							<font>font13</font>
							<aligny>center</aligny>
							<textcolor>white</textcolor>
							<align>left</align>
							<label>$INFO[ListItem.Label]</label>
							<animation effect="slide" end="ButtonSlideBackDistance,0" time="ButtonSlideBackTime" reversible="false">focus</animation>
						</control>
						<control type="image">
							<description>Button shine animation</description>
							<top>1</top>
							<width>80</width>
							<height>32</height>
							<texture>shine-animation.png</texture>
							<visible>System.IdleTime(5) + Control.HasFocus(9100)</visible>
							<animation type="visible" reversible="false">
								<effect type="fade" start="0" end="100" time="200"/>
								<effect type="fade" start="100" end="0" delay="800" time="200"/>
								<effect type="slide" start="0,0" end="350,0" delay="0" time="1000"/>
							</animation>
						</control>
					</focusedlayout>
					<content>
						<item>
							<label>1037</label>
							<onclick>Skin.SetString(SubBladeType,apps)</onclick>
							<onclick>ActivateWindow(Videos,Addons,Return)</onclick>
							<icon>defaultaddonvideo.png</icon>
							<visible>Container(9000).HasFocus(1)</visible>
						</item>
						<item>
							<label>1038</label>
							<onclick>Skin.SetString(SubBladeType,apps)</onclick>
							<onclick>ActivateWindow(Music,Addons,Return)</onclick>
							<icon>DefaultAddonMusic.png</icon>
							<visible>Container(9000).HasFocus(1)</visible>
						</item>
						<item>
							<label>1039</label>
							<onclick>Skin.SetString(SubBladeType,apps)</onclick>
							<onclick>ActivateWindow(Pictures,Addons,Return)</onclick>
							<icon>DefaultAddonPicture.png</icon>
							<visible>Container(9000).HasFocus(1)</visible>
						</item>
						<item>
							<label>1043</label>
							<onclick>ActivateWindow(Programs,Addons,Return)</onclick>
							<icon>DefaultAddonProgram.png</icon>
							<visible>Container(9000).HasFocus(1)</visible>
						</item>
						<item>
							<label>24001</label>
							<onclick>ActivateWindow(Games,Addons,Return)</onclick>
							<icon>DefaultAddon.png</icon>
							<visible>Container(9000).HasFocus(2)</visible>
						</item>
						<item>
							<label>10040</label>
							<onclick condition="Container(9000).HasFocus(1)">ActivateWindow(addonbrowser,root)</onclick>
							<onclick condition="Container(9000).HasFocus(2)">ActivateWindow(addonbrowser,addons://user/category.gameaddons/,return)</onclick>
							<icon>DefaultAddon.png</icon>
							<visible>Container(9000).HasFocus(1) | Container(9000).HasFocus(2)</visible>
						</item>
						<item>
							<label>31316</label>
							<onclick>ActivateWindow(addonbrowser,addons://search/,return)</onclick>
							<icon>DefaultAddonsSearch.png</icon>
							<visible>Container(9000).HasFocus(1)</visible>
						</item>
						<item>
							<label>20244</label>
							<onclick>ActivateWindow(programs,androidapp://sources/apps/,return)</onclick>
							<icon>DefaultAddon.png</icon>
							<visible>Container(9000).HasFocus(1) + System.Platform.Android</visible>
						</item>
						<item>
							<label>31461</label>
							<onclick>ActivateWindow(addonbrowser,addons://all/category.gameaddons/,return)</onclick>
							<icon>DefaultAddon.png</icon>
							<visible>Container(9000).HasFocus(2)</visible>
						</item>
					</content>
				</control>
				<include condition="!Skin.String(AddonShortcut1) + !Skin.String(AddonShortcut2) + !Skin.String(AddonShortcut3) + !Skin.String(AddonShortcut4)">SystemCard</include>
				<include condition="Skin.String(AddonShortcut1) | Skin.String(AddonShortcut2) | Skin.String(AddonShortcut3) | Skin.String(AddonShortcut4)">AddonShortcuts</include>
			</control>
			<include condition="System.GetBool(LookAndFeel.EnableRSSFeeds)">CommonRSSFeed</include>
		</control>

		<include content="BlankBladeSlideRight">
			<param name="id" value="1" />
			<param name="action" value="ActivateWindow(Weather)" />
		</include>
		<include content="BlankBladeSlideLeft">
			<param name="id" value="2" />
			<param name="action" value="ActivateWindow(Home)" />
		</include>

		<control type="group">
			<visible>!Control.HasFocus(1) + !Control.HasFocus(2)</visible>
			<!-- Left side -->
			<include content="BladesImagesLeft">
				<param name="texture" value="blades-size3-left-NF.png" />
			</include>
			<control type="label">
				<description>weather Label</description>
				<label>31004</label>
				<left>88</left>
				<top>190</top>
				<include>BladesLabelLeft</include>
			</control>
			<control type="image">
				<left>50</left>
				<top>-40</top>
				<width>115</width>
				<height>800</height>
				<texture>blades-size4-header.png</texture>
			</control>
			<control type="label">
				<description>Applications Label</description>
				<label>31002</label>
				<left>140</left>
				<top>170</top>
				<include>BladesLabelLeft</include>
			</control>
			<!-- Right side -->
			<include content="BladesImagesRight">
				<param name="texture" value="blades-size2-right-NF.png" />
			</include>
			<control type="label">
				<description>System Label</description>
				<label>31003</label>
				<left>48r</left>
				<top>200</top>
				<width>200</width>
				<include>BladesLabelRight</include>
			</control>
			<control type="image">
				<left>165r</left>
				<top>-40</top>
				<width>115</width>
				<height>800</height>
				<texture>blades-size3-right-NF.png</texture>
			</control>
			<control type="label">
				<description>Media Label</description>
				<label>31001</label>
				<left>99r</left>
				<top>190</top>
				<include>BladesLabelRight</include>
			</control>
		</control>

		<control type="group">
			<description>Media Blades</description>
			<visible>Control.HasFocus(2)</visible>
			<!-- Left side -->
			<include content="BladesImagesLeft">
				<param name="texture" value="blades-size2-left-NF.png" />
			</include>
			<control type="label">
				<description>weather Label</description>
				<label>31004</label>
				<left>90</left>
				<top>200</top>
				<include>BladesLabelLeft</include>
			</control>
			<control type="image">
				<left>50</left>
				<top>-40</top>
				<width>115</width>
				<height>800</height>
				<texture>blades-size3-left-NF.png</texture>
			</control>
			<control type="label">
				<description>Applications Label</description>
				<label>31002</label>
				<left>140</left>
				<top>190</top>
				<include>BladesLabelLeft</include>
			</control>
			<control type="image">
				<left>100</left>
				<top>-40</top>
				<width>115</width>
				<height>800</height>
				<texture>blades-size4-header.png</texture>
				<visible>Control.HasFocus(2)</visible>
				<animation effect="fade" time="HomeBladeAnimationSpeed">visible</animation>
			</control>
			<control type="label">
				<description>Media Label</description>
				<label>31001</label>
				<left>188</left>
				<top>170</top>
				<include>BladesLabelLeft</include>
				<visible>Control.HasFocus(2)</visible>
				<animation effect="fade" time="HomeBladeAnimationSpeed">visible</animation>
			</control>
			<!-- Right side -->
			<include content="BladesImagesRight">
				<param name="texture" value="blades-size3-right-NF.png" />
			</include>
			<control type="label">
				<description>System Label</description>
				<label>31003</label>
				<left>48r</left>
				<top>190</top>
				<width>200</width>
				<include>BladesLabelRight</include>
			</control>
		</control>

		<control type="group">
			<description>Weather Blades</description>
			<visible>Control.HasFocus(1)</visible>
			<!-- Left side -->
			<include content="BladesImagesLeft">
				<param name="texture" value="blades-size4-header.png" />
			</include>
			<control type="label">
				<description>Weather Label</description>
				<label>31004</label>
				<left>88</left>
				<top>170</top>
				<include>BladesLabelLeft</include>
			</control>
			<!-- Right side -->
			<include content="BladesImagesRight">
				<param name="texture" value="blades-size1-right-NF.png" />
			</include>
			<control type="label">
				<description>System Label</description>
				<label>31003</label>
				<left>48r</left>
				<top>210</top>
				<width>200</width>
				<include>BladesLabelRight</include>
			</control>
			<control type="image">
				<left>165r</left>
				<top>-40</top>
				<width>115</width>
				<height>800</height>
				<texture>blades-size2-right-NF.png</texture>
			</control>
			<control type="label">
				<description>Media Label</description>
				<label>31001</label>
				<left>99r</left>
				<top>200</top>
				<include>BladesLabelRight</include>
			</control>
			<control type="image">
				<left>215r</left>
				<top>-40</top>
				<width>115</width>
				<height>800</height>
				<texture>blades-size3-right-NF.png</texture>
				<visible>Control.HasFocus(1)</visible>
				<animation effect="fade" time="HomeBladeAnimationSpeed">visible</animation>
			</control>
			<control type="label">
				<description>Apps Label</description>
				<label>31002</label>
				<left>148r</left>
				<top>190</top>
				<include>BladesLabelRight</include>
				<visible>Control.HasFocus(1)</visible>
				<animation effect="fade" time="HomeBladeAnimationSpeed">visible</animation>
			</control>
		</control>
		<include>Common_Now_Playing</include>
		<include>BackgroundDim</include>
	</controls>	
</window>