<?xml version="1.0" encoding="UTF-8"?>
<window type="dialog" id="1102">
	<defaultcontrol>9000</defaultcontrol>
	<coordinates>
		<system>1</system>
		<left>420</left>
		<top>7</top>
	</coordinates>
	<include>dialogeffect</include>
	<controls>
		<control type="image">
			<width>400</width>
			<height>85</height>
			<texture border="20,20,20,30">dialogs/Dialog2.png</texture>
		</control>
		<control type="label">
			<description>Dialog header</description>
			<left>20</left>
			<top>15</top>
			<width>180</width>
			<height>16</height>
			<align>left</align>
			<font>font12</font>
			<textcolor>white</textcolor>
			<label>31222</label>
		</control>
		<control type="label">
			<description>Slider Value</description>
			<left>200</left>
			<top>15</top>
			<width>180</width>
			<height>16</height>
			<align>right</align>
			<font>font12</font>
			<textcolor>white</textcolor>
			<label>$INFO[Player.playspeed]</label>
		</control>
		<control type="image">
			<left>20</left>
			<top>44</top>
			<width>360</width>
			<height>12</height>
			<texture>osd_slider_bg_2.png</texture>
		</control>
		<control type="image">
			<left>195</left>
			<top>42</top>
			<width>10</width>
			<height>18</height>
			<texture>slider_nibFO.png</texture>
			<animation effect="slide" end="-175,0" condition="String.IsEqual(Player.PlaySpeed,0.80)">Conditional</animation>
			<animation effect="slide" end="-87.5,0" condition="String.IsEqual(Player.PlaySpeed,0.90)">Conditional</animation>
			<animation effect="slide" end="35,0" condition="String.IsEqual(Player.PlaySpeed,1.10)">Conditional</animation>
			<animation effect="slide" end="70,0" condition="String.IsEqual(Player.PlaySpeed,1.20)">Conditional</animation>
			<animation effect="slide" end="105,0" condition="String.IsEqual(Player.PlaySpeed,1.30)">Conditional</animation>
			<animation effect="slide" end="140,0" condition="String.IsEqual(Player.PlaySpeed,1.40)">Conditional</animation>
			<animation effect="slide" end="175,0" condition="String.IsEqual(Player.PlaySpeed,1.50)">Conditional</animation>
		</control>
		<control type="button" id="9000">
			<left>2000</left>
			<onup>11</onup>
			<ondown>11</ondown>
			<onleft>11</onleft>
			<onright>11</onright>
			<onleft>PlayerControl(TempoDown)</onleft>
			<onright>PlayerControl(TempoUp)</onright>
		</control>
	</controls>
</window>
