<?xml version="1.0" encoding="UTF-8"?>
<window>
	<include>dialogeffect</include>
	<coordinates>
		<system>0</system>
		<left>0</left>
		<top>0</top>
	</coordinates>
	<controls>
		<control type="group">
			<left>440</left>
			<top>620</top>
			<control type="image">
				<description>background</description>
				<width>400</width>
				<height>90</height>
				<texture border="20,20,20,30">dialogs/Dialog2.png</texture>
			</control>
			<control type="image" id="400">
				<description>Icon</description>
				<left>15</left>
				<top>15</top>
				<width>55</width>
				<height>50</height>
				<aspectratio>keep</aspectratio>
				<texture>DefaultIconInfo.png</texture>
			</control>
			<control type="fadelabel" id="401">
				<description>Label 1</description>
				<left>80</left>
				<top>15</top>
				<width>300</width>
				<height>20</height>
				<label />
				<font>font12</font>
				<textcolor>orange</textcolor>
				<align>left</align>
				<aligny>center</aligny>
			</control>
			<control type="fadelabel" id="402">
				<description>Label 2</description>
				<left>80</left>
				<top>40</top>
				<width>300</width>
				<height>20</height>
				<label />
				<font>font12</font>
				<align>left</align>
				<aligny>center</aligny>
				<scrollout>false</scrollout>
				<pauseatend>1000</pauseatend>
			</control>
		</control>
	</controls>
</window>