<?xml version="1.0" encoding="UTF-8"?>
<window>
	<defaultcontrol always="true">9000</defaultcontrol>
	<onunload>Skin.Reset(MusicInfo9002Toggle)</onunload>
	<include>BladesRunnerRightAnimation2</include>
	<controls>
		<control type="group">
			<visible>!Window.IsVisible(FileBrowser)</visible>
			<include>BladesRunnerRight</include>

			<control type="group">
				<animation effect="fade" delay="600" time="DialogVisibleFadeAnimationSpeed">WindowOpen</animation>
				<animation effect="fade" delay="100" time="DialogVisibleFadeAnimationSpeed">WindowClose</animation>
				<control type="label">
					<description>Header label Albums</description>
					<left>200</left>
					<label>$VAR[DialogInfoTitleLabel]</label>
					<include>DialogHeaderTextCommons</include>
				</control>
				<control type="label">
					<description>Title value</description>
					<left>200</left>
					<top>70</top>
					<width>1000</width>
					<height>25</height>
					<align>center</align>
					<aligny>center</aligny>
					<textcolor>orange</textcolor>
					<shadowcolor>black</shadowcolor>
					<label>$VAR[DialogMusicInfoTitleValue]</label>
					<font>font30</font>
				</control>
				<control type="group">
					<visible>!Control.IsVisible(50)</visible>
					<include>VisibleFadeEffect</include>
					<control type="group">
						<left>200</left>
						<top>120</top>
						<visible>container.content(Albums)</visible>
						<control type="image">
							<description>Cover image</description>
							<left>-15</left>
							<width>300</width>
							<height>435</height>
							<texture background="true">$INFO[Listitem.Icon]</texture>
							<aspectratio>keep</aspectratio>
							<bordertexture border="19,3,19,3">thumb-border.png</bordertexture>
							<bordersize>18,2,18,2</bordersize>
						</control>
						<control type="panel" id="49">
							<left>310</left>
							<top>0</top>
							<width>750</width>
							<height>300</height>
							<onleft>9000</onleft>
							<onright>9000</onright>
							<onup>9000</onup>
							<ondown>9000</ondown>
							<scrolltime>200</scrolltime>
							<itemlayout height="30" width="750">
								<control type="label">
									<width>160</width>
									<height>30</height>
									<font>font12</font>
									<align>right</align>
									<aligny>center</aligny>
									<textcolor>grey2</textcolor>
									<info>ListItem.Label</info>
								</control>
								<control type="label">
									<left>175</left>
									<width>565</width>
									<height>30</height>
									<font>font12</font>
									<aligny>center</aligny>
									<scroll>true</scroll>
									<info>ListItem.Label2</info>
								</control>
							</itemlayout>
							<focusedlayout height="30" width="750">
								<control type="image">
									<width>750</width>
									<height>33</height>
									<visible>Control.HasFocus(49)</visible>
									<texture border="10">buttons/list-focus.png</texture>
								</control>
								<control type="label">
									<width>160</width>
									<height>30</height>
									<font>font12</font>
									<align>right</align>
									<aligny>center</aligny>
									<textcolor>grey2</textcolor>
									<info>ListItem.Label</info>
								</control>
								<control type="label">
									<left>175</left>
									<width>565</width>
									<height>30</height>
									<font>font12</font>
									<aligny>center</aligny>
									<info>ListItem.Label2</info>
								</control>
							</focusedlayout>
							<content>
								<item>
									<label>$LOCALIZE[557]:</label>
									<label2>$INFO[ListItem.Artist]</label2>
									<visible>!String.IsEmpty(ListItem.Artist)</visible>
								</item>
								<item>
									<label>$LOCALIZE[515]:</label>
									<label2>$INFO[ListItem.Genre]</label2>
									<visible>!String.IsEmpty(ListItem.Genre)</visible>
								</item>
								<item>
									<label>$LOCALIZE[563]:</label>
									<label2>$VAR[RatingType]</label2>
									<visible>![String.IsEmpty(ListItem.Rating) + String.IsEmpty(ListItem.UserRating)]</visible>
								</item>
								<item>
									<label>146</label>
									<label2>$INFO[ListItem.Property(Album_Type)]</label2>
									<visible>!String.IsEmpty(ListItem.Property(Album_Type))</visible>
								</item>
								<item>
									<label>$LOCALIZE[14087]:</label>
									<label2>$INFO[ListItem.TotalDiscs]</label2>
									<visible>ListItem.IsBoxset + !String.IsEmpty(ListItem.TotalDiscs)</visible>
								</item>
								<item>
									<label>$LOCALIZE[180]:</label>
									<label2>$INFO[ListItem.Property(Album_Duration)]</label2>
									<visible>!String.IsEmpty(ListItem.Property(Album_Duration))</visible>
								</item>
								<item>
									<label>$LOCALIZE[562]:</label>
									<label2>$INFO[ListItem.Year]</label2>
									<visible>!String.IsEmpty(ListItem.Year)</visible>
								</item>
								<item>
									<label>$LOCALIZE[175]:</label>
									<label2>$INFO[ListItem.Property(Album_Mood)]</label2>
									<visible>!String.IsEmpty(ListItem.Property(Album_Mood))</visible>
								</item>
								<item>
									<label>$LOCALIZE[176]:</label>
									<label2>$INFO[ListItem.Property(Album_Style)]</label2>
									<visible>!String.IsEmpty(ListItem.Property(Album_Style))</visible>
								</item>
								<item>
									<label>$LOCALIZE[21895]:</label>
									<label2>$INFO[ListItem.Property(Album_Theme)]</label2>
									<visible>!String.IsEmpty(ListItem.Property(Album_Theme)) + String.IsEmpty(ListItem.Property(Album_Duration))</visible>
								</item>
								<item>
									<label>$LOCALIZE[21899]:</label>
									<label2>$INFO[ListItem.Property(Album_Label)]</label2>
									<visible>!String.IsEmpty(ListItem.Property(Album_Label))</visible>
								</item>
							</content>
						</control>
					</control>
					<control type="group">
						<left>200</left>
						<top>120</top>
						<visible>container.content(Artists)</visible>
						<control type="image">
							<description>Cover image</description>
							<left>-15</left>
							<width>300</width>
							<height>435</height>
							<texture background="true">$INFO[Listitem.Icon]</texture>
							<aspectratio>keep</aspectratio>
							<bordertexture border="19,3,19,3">thumb-border.png</bordertexture>
							<bordersize>18,2,18,2</bordersize>
						</control>
						<control type="panel" id="49">
							<left>310</left>
							<top>0</top>
							<width>750</width>
							<height>300</height>
							<onleft>9000</onleft>
							<onright>9000</onright>
							<onup>9000</onup>
							<ondown>9000</ondown>
							<scrolltime>200</scrolltime>
							<itemlayout height="30" width="750">
								<control type="label">
									<width>160</width>
									<height>30</height>
									<font>font12</font>
									<align>right</align>
									<aligny>center</aligny>
									<textcolor>grey2</textcolor>
									<info>ListItem.Label</info>
								</control>
								<control type="label">
									<left>175</left>
									<width>565</width>
									<height>30</height>
									<font>font12</font>
									<aligny>center</aligny>
									<scroll>true</scroll>
									<info>ListItem.Label2</info>
								</control>
							</itemlayout>
							<focusedlayout height="30" width="750">
								<control type="image">
									<width>750</width>
									<height>33</height>
									<visible>Control.HasFocus(49)</visible>
									<texture border="10">buttons/list-focus.png</texture>
								</control>
								<control type="label">
									<width>160</width>
									<height>30</height>
									<font>font12</font>
									<align>right</align>
									<aligny>center</aligny>
									<textcolor>grey2</textcolor>
									<info>ListItem.Label</info>
								</control>
								<control type="label">
									<left>175</left>
									<width>565</width>
									<height>30</height>
									<font>font12</font>
									<aligny>center</aligny>
									<info>ListItem.Label2</info>
								</control>
							</focusedlayout>
							<content>
								<item>
									<label>$LOCALIZE[21893]:</label>
									<label2>$INFO[ListItem.Property(Artist_Born)]</label2>
									<visible>!String.IsEmpty(ListItem.Property(Artist_Born))</visible>
								</item>
								<item>
									<label>$LOCALIZE[21894]:</label>
									<label2>$INFO[ListItem.Property(Artist_Formed)]</label2>
									<visible>!String.IsEmpty(ListItem.Property(Artist_Formed))</visible>
								</item>
								<item>
									<label>$LOCALIZE[515]:</label>
									<label2>$INFO[ListItem.Genre]</label2>
									<visible>!String.IsEmpty(ListItem.Genre)</visible>
								</item>
								<item>
									<label>$LOCALIZE[175]:</label>
									<label2>$INFO[ListItem.Property(Artist_Mood)]</label2>
									<visible>!String.IsEmpty(ListItem.Property(Artist_Mood))</visible>
								</item>
								<item>
									<label>$LOCALIZE[176]:</label>
									<label2>$INFO[ListItem.Property(Artist_Style)]</label2>
									<visible>!String.IsEmpty(ListItem.Property(Artist_Style))</visible>
								</item>
								<item>
									<label>$LOCALIZE[21892]:</label>
									<label2>$INFO[ListItem.Property(Artist_Instrument)]</label2>
									<visible>!String.IsEmpty(ListItem.Property(Artist_Instrument))</visible>
								</item>
								<item>
									<label>$LOCALIZE[21897]:</label>
									<label2>$INFO[ListItem.Property(Artist_Died)]</label2>
									<visible>!String.IsEmpty(ListItem.Property(Artist_Died))</visible>
								</item>
								<item>
									<label>$LOCALIZE[21896]:</label>
									<label2>$INFO[ListItem.Property(Artist_Disbanded)]</label2>
									<visible>!String.IsEmpty(ListItem.Property(Artist_Disbanded))</visible>
								</item>
								<item>
									<label>$LOCALIZE[21898]:</label>
									<label2>$INFO[ListItem.Property(Artist_YearsActive)]</label2>
									<visible>!String.IsEmpty(ListItem.Property(Artist_YearsActive))</visible>
								</item>
							</content>
						</control>
					</control>
					<control type="group">
						<left>200</left>
						<top>120</top>
						<visible>Container.Content(Songs)</visible>
						<control type="image">
							<description>Cover image</description>
							<left>-15</left>
							<width>300</width>
							<height>435</height>
							<texture background="true">$INFO[Listitem.Icon]</texture>
							<aspectratio>keep</aspectratio>
							<bordertexture border="19,3,19,3">thumb-border.png</bordertexture>
							<bordersize>18,2,18,2</bordersize>
						</control>
						<control type="panel" id="49">
							<left>310</left>
							<top>0</top>
							<width>750</width>
							<height>300</height>
							<onleft>9000</onleft>
							<onright>9000</onright>
							<onup>9000</onup>
							<ondown>9000</ondown>
							<scrolltime>200</scrolltime>
							<itemlayout height="30" width="750">
								<control type="label">
									<width>160</width>
									<height>30</height>
									<font>font12</font>
									<align>right</align>
									<aligny>center</aligny>
									<textcolor>grey2</textcolor>
									<info>ListItem.Label</info>
								</control>
								<control type="label">
									<left>175</left>
									<width>565</width>
									<height>30</height>
									<font>font12</font>
									<aligny>center</aligny>
									<scroll>true</scroll>
									<info>ListItem.Label2</info>
								</control>
							</itemlayout>
							<focusedlayout height="30" width="750">
								<control type="image">
									<width>750</width>
									<height>33</height>
									<visible>Control.HasFocus(49)</visible>
									<texture border="10">buttons/list-focus.png</texture>
								</control>
								<control type="label">
									<width>160</width>
									<height>30</height>
									<font>font12</font>
									<align>right</align>
									<aligny>center</aligny>
									<textcolor>grey2</textcolor>
									<info>ListItem.Label</info>
								</control>
								<control type="label">
									<left>175</left>
									<width>565</width>
									<height>30</height>
									<font>font12</font>
									<aligny>center</aligny>
									<info>ListItem.Label2</info>
								</control>
							</focusedlayout>
							<content>
								<item>
									<label>$LOCALIZE[557]:</label>
									<label2>$INFO[ListItem.Artist]</label2>
								</item>
								<item>
									<label>$LOCALIZE[558]:</label>
									<label2 fallback="161">$INFO[ListItem.Album]$INFO[musicplayer.discnumber, - $LOCALIZE[427]:]</label2>
								</item>
								<item>
									<label>$LOCALIZE[515]:</label>
									<label2>$INFO[ListItem.Genre]</label2>
									<visible>!String.IsEmpty(ListItem.Genre)</visible>
								</item>
								<item>
									<label>$LOCALIZE[562]:</label>
									<label2>$INFO[ListItem.Year]</label2>
									<visible>!String.IsEmpty(ListItem.Year)</visible>
								</item>
								<item>
									<label>$LOCALIZE[554]:</label>
									<label2>$INFO[ListItem.TrackNumber]</label2>
									<visible>!String.IsEmpty(ListItem.TrackNumber)</visible>
								</item>
								<item>
									<label>$LOCALIZE[563]:</label>
									<label2>$VAR[RatingType]</label2>
									<visible>![String.IsEmpty(ListItem.Rating) + String.IsEmpty(ListItem.UserRating)]</visible>
								</item>
							</content>
						</control>
					</control>
				</control>
				<control type="textbox" id="4">
					<description>textarea</description>
					<left>520</left>
					<top>450</top>
					<width>730</width>
					<height>150</height>
					<font>font12</font>
					<label>$VAR[DialogMusicInfoTextbox]</label>
					<align>justify</align>
					<visible>!Control.IsVisible(50)</visible>
					<pagecontrol>61</pagecontrol>
				</control>
				<control type="panel" id="50">
					<left>220</left>
					<top>150</top>
					<width>1000</width>
					<height>400</height>
					<onleft>9000</onleft>
					<onright>61</onright>
					<onup>9000</onup>
					<ondown>9000</ondown>
					<viewtype label="">list</viewtype>
					<pagecontrol>61</pagecontrol>
					<scrolltime>200</scrolltime>
					<orientation>vertical</orientation>
					<visible>Skin.HasSetting(MusicInfo9002Toggle)</visible>
					<itemlayout height="100" width="500">
						<control type="image">
							<width>500</width>
							<height>98</height>
							<texture border="8">buttons/button-dialog-nofocus.png</texture>
						</control>
						<control type="image">
							<top>10</top>
							<left>-2</left>
							<width>101</width>
							<height>77</height>
							<texture fallback="DefaultAudio.png">$INFO[ListItem.Icon]</texture>
							<bordertexture border="14,0,14,0">thumb-border.png</bordertexture>
							<bordersize>12,0,12,0</bordersize>
							<aspectratio aligny="top">scale</aspectratio>
						</control>
						<control type="textbox">
							<left>97</left>
							<top>18</top>
							<width>393</width>
							<height>75</height>
							<font>font13</font>
							<label>[COLOR=blue][B]$INFO[ListItem.TrackNumber,, - ][/B][/COLOR]$INFO[ListItem.Label][CR]$INFO[ListItem.Duration]</label>
						</control>
					</itemlayout>
					<focusedlayout height="100" width="500">
						<control type="image">
							<width>500</width>
							<height>98</height>
							<texture border="8">buttons/button-dialog-focus.png</texture>
						</control>
						<control type="image">
							<top>10</top>
							<left>-2</left>
							<width>101</width>
							<height>77</height>
							<texture fallback="DefaultAudio.png">$INFO[ListItem.Icon]</texture>
							<bordertexture border="14,0,14,0">thumb-border.png</bordertexture>
							<bordersize>12,0,12,0</bordersize>
							<aspectratio aligny="top">scale</aspectratio>
						</control>
						<control type="textbox">
							<left>97</left>
							<top>18</top>
							<width>393</width>
							<height>75</height>
							<font>font13</font>
							<label>[COLOR=blue][B]$INFO[ListItem.TrackNumber,, - ][/B][/COLOR]$INFO[ListItem.Label][CR]$INFO[ListItem.Duration]</label>
						</control>
					</focusedlayout>
				</control>
				<control type="spincontrol" id="61">
					<description>Next page button</description>
					<left>100r</left>
					<top>120r</top>
					<subtype>page</subtype>
					<font>font12</font>
					<onleft>61</onleft>
					<onright>61</onright>
					<ondown>9000</ondown>
					<onup>50</onup>
					<textcolor>grey2</textcolor>
					<showonepage>false</showonepage>
				</control>
				<control type="grouplist">
					<description>Media Codec Flagging Images</description>
					<visible>![Container.Content(Albums) | Container.Content(Artists)]</visible>
					<left>640r</left>
					<top>20</top>
					<width>620</width>
					<itemgap>5</itemgap>
					<align>right</align>
					<orientation>horizontal</orientation>
					<include>AudioTypeHackFlaggingConditions</include>
				</control>
				<control type="grouplist" id="9000">
					<left>200</left>
					<top>70r</top>
					<width>1040</width>
					<height>50</height>
					<onleft>9000</onleft>
					<onright>9000</onright>
					<onup>61</onup>
					<ondown>61</ondown>
					<itemgap>0</itemgap>
					<align>center</align>
					<orientation>horizontal</orientation>
					<control type="button" id="9001">
						<description>Play</description>
						<width>172</width>
						<include>InfoDialogButtonCommonValues</include>
						<label>208</label>
						<onclick condition="String.IsEqual(ListItem.DBTYPE,song)">PlayMedia($INFO[ListItem.FileNameAndPath])</onclick>
						<onclick condition="String.IsEqual(ListItem.DBTYPE,album)">PlayMedia($INFO[ListItem.FolderPath],isdir)</onclick>
						<visible>String.IsEqual(ListItem.DBTYPE,song) | String.IsEqual(ListItem.DBTYPE,album)</visible>
					</control>
					<control type="togglebutton" id="9002">
						<description>Tracks / Review / Comment</description>
						<width>172</width>
						<alttexturefocus border="4,6,4,8">buttons/button-dialog-focus.png</alttexturefocus>
						<alttexturenofocus border="4,6,4,8">buttons/button-dialog-nofocus.png</alttexturenofocus>
						<include>InfoDialogButtonCommonValues</include>
						<label>$VAR[DialogMusicInfoButton9002Label1]</label>
						<altlabel>$VAR[DialogMusicInfoButton9002Label2]</altlabel>
						<usealttexture>Skin.HasSetting(MusicInfo9002Toggle)</usealttexture>
						<onclick condition="!Integer.IsEqual(Container(50).NumItems,0)">Skin.ToggleSetting(MusicInfo9002Toggle)</onclick>
					</control>
					<control type="button" id="6">
						<description>Refresh</description>
						<width>172</width>
						<include>InfoDialogButtonCommonValues</include>
						<label>184</label>
					</control>
					<control type="button" id="7">
						<description>User Rating</description>
						<width>172</width>
						<include>InfoDialogButtonCommonValues</include>
						<label />
						<visible>Control.IsEnabled(7)</visible>
					</control>
					<control type="button" id="10">
						<description>Get Thumb</description>
						<width>172</width>
						<include>InfoDialogButtonCommonValues</include>
						<label>13405</label>
					</control>
					<control type="button" id="12">
						<description>Get Fanart</description>
						<width>172</width>
						<include>InfoDialogButtonCommonValues</include>
						<label>20413</label>
					</control>
				</control>
			</control>
		</control>
	</controls>
</window>