<?xml version="1.0" encoding="UTF-8"?>
<window>
	<defaultcontrol always="true">9000</defaultcontrol>
	<include>BladesRunnerRightAnimation2</include>
	<controls>
		<control type="group">
			<animation type="conditional" condition="Window.IsVisible(DialogSettings.xml)">
				<effect type="slide" start="0,0" end="1095,0" delay="DialogVisibleFadeAnimationSpeed" time="500" tween="quadratic" easing="in"/>
				<effect type="fade" start="100" end="0" delay="800" time="100" />
			</animation>
			<include>BladesRunnerRight</include>
			<control type="group">
				<animation effect="fade" delay="600" time="DialogVisibleFadeAnimationSpeed">WindowOpen</animation>
				<animation effect="fade" delay="100" time="DialogVisibleFadeAnimationSpeed">WindowClose</animation>
				<control type="label">
					<description>Title label Normal</description>
					<left>200</left>
					<label>$VAR[BreadcrumbsPVRInfoVar]</label>
					<include>DialogHeaderTextCommons</include>
				</control>
				<control type="label">
					<description>Title value</description>
					<left>200</left>
					<top>70</top>
					<width>1000</width>
					<height>25</height>
					<align>center</align>
					<aligny>center</aligny>
					<textcolor>orange</textcolor>
					<shadowcolor>black</shadowcolor>
					<label>$INFO[ListItem.Title]</label>
					<font>font30</font>
				</control>
				<control type="image">
					<description>Cover image</description>
					<left>200</left>
					<top>112</top>
					<width>300</width>
					<height>300</height>
					<texture background="true">$INFO[Listitem.Icon]</texture>
					<aspectratio>keep</aspectratio>
					<bordertexture border="19,3,19,3">thumb-border.png</bordertexture>
					<bordersize>18,2,18,2</bordersize>
				</control>
				<control type="panel" id="9001">
					<left>540</left>
					<top>120</top>
					<width>700</width>
					<height>300</height>
					<onleft>9000</onleft>
					<onright>9000</onright>
					<onup>9000</onup>
					<ondown>9000</ondown>
					<scrolltime>200</scrolltime>
					<itemlayout height="30" width="700">
						<control type="label">
							<width>140</width>
							<height>30</height>
							<font>font12</font>
							<align>right</align>
							<aligny>center</aligny>
							<textcolor>grey2</textcolor>
							<info>ListItem.Label</info>
						</control>
						<control type="label">
							<left>160</left>
							<width>540</width>
							<height>30</height>
							<font>font12</font>
							<aligny>center</aligny>
							<scroll>true</scroll>
							<info>ListItem.Label2</info>
						</control>
					</itemlayout>
					<focusedlayout height="30" width="700">
						<control type="image">
							<width>700</width>
							<height>33</height>
							<visible>Control.HasFocus(49)</visible>
							<texture border="10">buttons/list-focus.png</texture>
						</control>
						<control type="label">
							<width>140</width>
							<height>30</height>
							<font>font12</font>
							<align>right</align>
							<aligny>center</aligny>
							<textcolor>grey2</textcolor>
							<info>ListItem.Label</info>
						</control>
						<control type="label">
							<left>160</left>
							<width>540</width>
							<height>30</height>
							<font>font12</font>
							<aligny>center</aligny>
							<info>ListItem.Label2</info>
						</control>
					</focusedlayout>
					<content>
						<item id="1">
							<description>Channel Name</description>
							<label>$LOCALIZE[19148]:</label>
							<label2>$INFO[ListItem.ChannelName]</label2>
							<visible>!String.IsEmpty(ListItem.ChannelName)</visible>
						</item>
						<item id="2">
							<description>Season Number / Episode Number / Episode Name / Title</description>
							<label>$LOCALIZE[369]:</label>
							<label2>$VAR[PVRTitleLabel]</label2>
							<visible>![String.IsEmpty(ListItem.Title) + String.IsEmpty(ListItem.EpisodeName)]</visible>
						</item>
						<item id="3">
							<description>Director</description>
							<label>$LOCALIZE[20339]:</label>
							<label2>$INFO[ListItem.Director]</label2>
							<visible>!String.IsEmpty(ListItem.Director)</visible>
						</item>
						<item id="4">
							<description>Writer</description>
							<label>$LOCALIZE[20417]:</label>
							<label2>$INFO[ListItem.Writer]</label2>
							<visible>!String.IsEmpty(ListItem.Writer)</visible>
						</item>
						<item id="5">
							<description>Start Date</description>
							<label>$LOCALIZE[552]:</label>
							<label2>$INFO[ListItem.StartDate]</label2>
							<visible>!String.IsEmpty(ListItem.StartDate)</visible>
						</item>
						<item id="6">
							<description>Time</description>
							<label>$LOCALIZE[555]:</label>
							<label2>$INFO[ListItem.StartTime] - $INFO[ListItem.EndTime]</label2>
							<visible>!String.IsEmpty(ListItem.StartTime) + !String.IsEmpty(ListItem.EndTime)</visible>
						</item>
						<item id="7">
							<description>Duration</description>
							<label>$LOCALIZE[180]:</label>
							<label2>$INFO[ListItem.Duration]</label2>
							<visible>!String.IsEmpty(ListItem.Duration)</visible>
						</item>
						<item id="8">
							<description>Rating</description>
							<label>$LOCALIZE[563]:</label>
							<label2>$INFO[ListItem.Rating]</label2>
							<visible>!String.IsEmpty(ListItem.Rating)</visible>
						</item>
						<item id="10">
							<description>Premiered</description>
							<label>$LOCALIZE[31936]:</label>
							<label2>$INFO[ListItem.Premiered]</label2>
							<visible>!String.IsEmpty(ListItem.Premiered)</visible>
						</item>
						<item id="11">
							<description>Recording Size</description>
							<label>$LOCALIZE[22031]:</label>
							<label2>$INFO[ListItem.Size]</label2>
							<visible>!String.IsEmpty(ListItem.Size) + !String.IsEqual(ListItem.Size,0 B)</visible>
						</item>
						<item id="12">
							<description>Expires</description>
							<label>$LOCALIZE[19299]:</label>
							<label2>$INFO[ListItem.ExpirationDate]$INFO[ListItem.ExpirationTime, ,]</label2>
							<visible>!String.IsEmpty(ListItem.ExpirationDate) + !String.IsEmpty(ListItem.ExpirationTime)</visible>
						</item>
					</content>
				</control>
				<control type="textbox" id="400">
					<description>Description</description>
					<left>540</left>
					<top>320</top>
					<width>700</width>
					<height>260</height>
					<font>font12</font>
					<align>justify</align>
					<textcolor>white</textcolor>
					<label>$INFO[ListItem.Plot]</label>
					<pagecontrol>60</pagecontrol>
				</control>
				<control type="label">
					<description>Description Page Count</description>
					<left>120r</left>
					<top>120r</top>
					<width>300</width>
					<height>25</height>
					<label>$LOCALIZE[31201] $INFO[Container(400).CurrentPage]/$INFO[Container(400).NumPages]</label>
					<align>right</align>
					<aligny>center</aligny>
					<font>font12</font>
					<textcolor>grey</textcolor>
				</control>
				<control type="spincontrol" id="60">
					<description>Next page button</description>
					<left>100r</left>
					<top>120r</top>
					<subtype>page</subtype>
					<font>font12</font>
					<onleft condition="Control.IsVisible(50)">50</onleft>
					<onleft condition="!Control.IsVisible(50)">9000</onleft>
					<ondown>9000</ondown>
					<onup condition="Control.IsVisible(50)">50</onup>
					<textcolor>grey2</textcolor>
					<showonepage>true</showonepage>
				</control>
				<control type="grouplist">
					<description>Media Codec Flagging Images</description>
					<left>640r</left>
					<top>20</top>
					<width>620</width>
					<itemgap>5</itemgap>
					<align>right</align>
					<orientation>horizontal</orientation>
					<include>VideoCodecFlagging</include>
					<include>AudioCodecFlagging</include>
					<include>VideoTypeHackFlaggingConditions</include>
					<include>AspectCodecFlagging</include>
				</control>
				<control type="grouplist" id="9000">
					<left>195</left>
					<top>70r</top>
					<width>1060</width>
					<height>50</height>
					<onleft>9000</onleft>
					<onright>9000</onright>
					<onup condition="Control.IsVisible(50)">50</onup>
					<onup condition="!Control.IsVisible(50)">60</onup>
					<ondown>60</ondown>
					<itemgap>0</itemgap>
					<align>center</align>
					<orientation>horizontal</orientation>
					<control type="button" id="5">
						<description>Switch</description>
						<include>InfoDialogButtonCommonValues</include>
						<label>19165</label>
						<visible>Window.IsVisible(PVRGuideInfo)</visible>
					</control>
					<control type="button" id="12">
						<description>Play programme</description>
						<include>InfoDialogButtonCommonValues</include>
						<label>19190</label>
						<visible>Window.IsVisible(PVRGuideInfo)</visible>
					</control>
					<control type="button" id="8">
						<description>Play recording</description>
						<include>InfoDialogButtonCommonValues</include>
						<label>19687</label>
						<visible>Window.IsVisible(PVRRecordingInfo) | Window.IsVisible(PVRGuideInfo)</visible>
					</control>
					<control type="button" id="6">
						<description>Record</description>
						<include>InfoDialogButtonCommonValues</include>
						<label />
						<visible>Window.IsVisible(PVRGuideInfo)</visible>
					</control>
					<control type="button" id="9">
						<description>Add timer</description>
						<include>InfoDialogButtonCommonValues</include>
						<label>19061</label>
						<visible>Window.IsVisible(PVRGuideInfo)</visible>
					</control>
					<control type="button" id="11">
						<description>Set reminder</description>
						<include>InfoDialogButtonCommonValues</include>
						<label>826</label>
						<visible>Window.IsVisible(PVRGuideInfo)</visible>
					</control>
					<control type="button" id="4">
						<description>Find similar</description>
						<include>InfoDialogButtonCommonValues</include>
						<label>19003</label>
						<visible>Window.IsVisible(PVRRecordingInfo) | Window.IsVisible(PVRGuideInfo)</visible>
					</control>
				</control>
			</control>
		</control>
	</controls>
</window>