<?xml version="1.0" encoding="UTF-8"?>
<window>
	<onload condition="System.AddonIsEnabled(script.artistslideshow) + !Skin.HasSetting(Back_Fanart) + !Skin.HasSetting(DontBlendBackground) + Skin.HasSetting(EnableArtistSlideshow)">RunScript(script.artistslideshow)</onload>
	<controls>
		<control type="visualisation">
			<description>visualisation</description>
			<left>0</left>
			<top>0</top>
			<width>1280</width>
			<height>720</height>
		</control>
		<control type="multiimage">
			<description>Background Fanart</description>
			<width>1280</width>
			<height>720</height>
			<aspectratio>scale</aspectratio>
			<timeperimage>10000</timeperimage>
			<randomize>true</randomize>
			<fadetime>IconCrossfadeTime</fadetime>
			<imagepath>$VAR[MusicPlayingArtistFanartSlideshowVar]</imagepath>
			<visible>!Skin.HasSetting(Back_Fanart) + !Skin.HasSetting(DontBlendBackground)</visible>
			<animation effect="fade" end="50" condition="true">Conditional</animation>
			<include condition="Skin.HasSetting(AnimateFanart) | Skin.HasSetting(AnimateMusicPlayingFanart)">BackgroundAnim</include>
		</control>
		<!-- media infos -->
		<control type="group">
			<animation effect="fade" time="200">VisibleChange</animation>
			<visible>[Player.ShowInfo | Window.IsActive(MusicOSD) | !String.IsEmpty(Player.SeekNumeric)] + ![Window.IsVisible(AddonSettings) | Window.IsVisible(SelectDialog) | Window.IsVisible(VisualisationPresetList) | Window.IsVisible(DialogPVRChannelGuide.xml) | Window.IsVisible(DialogPVRChannelsOSD.xml) | Window.IsActive(PVRRadioRDSInfo)]</visible>
			<include>FullscreenMusicInfo</include>
		</control>
	</controls>
</window>