<?xml version="1.0" encoding="UTF-8"?>
<window>
	<defaultcontrol always="true">9050</defaultcontrol>
	<previouswindow>Weather</previouswindow>
	<animation effect="fade" start="100" end="100" time="30" condition="Control.HasFocus(1)">WindowClose</animation>
	<animation effect="fade" start="100" end="100" time="30" condition="Control.HasFocus(2)">WindowClose</animation>
	<controls>
		<include condition="!Skin.HasSetting(DontBlendBackground)">CommonVideoVizBackground</include>
		<control type="group">
			<animation effect="slide" start="0,0" end="-1280,0" time="HomeBladeAnimationSpeed" condition="Control.HasFocus(1)">Conditional</animation>
			<include>CommonWeatherBackground</include>
		</control>
		<control type="group">
			<visible>Control.HasFocus(1)</visible>
			<animation effect="slide" start="1280,0" end="0,0" time="HomeBladeAnimationSpeed" condition="Control.HasFocus(1)">Conditional</animation>
			<include>CommonAppsBackground</include>
		</control>
		<include condition="Skin.HasSetting(DontBlendBackground)">CommonVideoVizBackground</include>

<!-- Blackwash Background -->
		<control type="group">
			<animation effect="slide" end="50,0" time="0" condition="Control.HasFocus(1)">Conditional</animation>
			<top>5</top>
			<control type="image">
				<description>Background</description>
				<left>41</left>
				<width>68</width>
				<height>720</height>
				<texture>background-overlay-blackwash-left-ws.png</texture>
			</control>
			<control type="image">
				<description>Background</description>
				<left>205r</left>
				<width>68</width>
				<height>720</height>
				<texture>background-overlay-blackwash-right-ws.png</texture>
			</control>
			<control type="image">
				<description>Background</description>
				<left>109</left>
				<width>966</width>
				<height>720</height>
				<texture>background-overlay-blackwash-centertile-ws.png</texture>
			</control>
		</control>
		<control type="group">
			<left>130</left>
			<visible>!Control.HasFocus(1)</visible>
			<animation effect="fade" time="HomeVisibleFadeAnimationSpeed">WindowOpen</animation>
			<include>HomeLogoButton</include>
			<control type="label">
				<description>Header label</description>
				<label>10508</label>
				<include>HeaderTextCommons</include>
			</control>
			<include content="ClockTextCommons">
				<param name="left" value="580" />
			</include>
			<control type="grouplist" id="9000">
				<left>10</left>
				<top>120</top>
				<itemgap>7</itemgap>
				<onleft>9050</onleft>
				<orientation>vertical</orientation>
				<control type="group" id="9001">
					<height>49</height>
					<control type="image">
						<description>Location Push Button Icon</description>
						<top>4</top>
						<width>43</width>
						<height>43</height>
						<texture>button_icons/icon-xbmc.png</texture>
						<animation effect="slide" end="ButtonSlideBackDistance,0" time="ButtonSlideBackTime" reversible="false" condition="Control.HasFocus(3)">Conditional</animation>
					</control>
					<control type="label">
						<description>Location Push Button Label Unfocus</description>
						<left>70</left>
						<top>6</top>
						<width>300</width>
						<height>43</height>
						<label>31221</label>
						<textcolor>white2</textcolor>
						<shadowcolor />
						<font>font30</font>
						<visible>!Control.HasFocus(3)</visible>
					</control>
					<control type="label">
						<description>Location Push Button Label Focus</description>
						<left>70</left>
						<top>6</top>
						<width>300</width>
						<height>43</height>
						<label>31221</label>
						<textcolor>white</textcolor>
						<shadowcolor />
						<font>font30</font>
						<visible>Control.HasFocus(3)</visible>
						<animation effect="slide" end="ButtonSlideBackDistance,0" time="ButtonSlideBackTime" reversible="false">visible</animation>
					</control>
					<control type="spincontrol" id="3">
						<description>weather location select</description>
						<align>right</align>
						<left>230</left>
						<top>10</top>
						<font />
						<onup>9050</onup>
						<ondown>9002</ondown>
						<onright>1</onright>
						<animation effect="slide" end="ButtonSlideBackDistance,0" time="ButtonSlideBackTime" reversible="false">focus</animation>
					</control>
				</control>
				<control type="radiobutton" id="9002">
					<description>Forecast/Current Highlight Button</description>
					<label>31022</label>
					<altlabel>31026</altlabel>
					<texturefocus>button_icons/icon-weather.png</texturefocus>
					<texturenofocus>button_icons/icon-weather.png</texturenofocus>
					<selected>Skin.HasSetting(WeatherUseForecast)</selected>
					<onclick condition="Skin.HasSetting(WeatherUseHourly)">Skin.ToggleSetting(WeatherUseHourly)</onclick>
					<onclick>Skin.ToggleSetting(WeatherUseForecast)</onclick>
					<radioposx>265</radioposx>
					<onup>9001</onup>
					<include>WeatherButtonCommonValues</include>
				</control>
				<control type="radiobutton" id="9003">
					<description>Hourly/Current Highlight Button</description>
					<label>33036</label>
					<altlabel>31026</altlabel>
					<texturefocus>button_icons/icon-weather.png</texturefocus>
					<texturenofocus>button_icons/icon-weather.png</texturenofocus>
					<selected>Skin.HasSetting(WeatherUseHourly)</selected>
					<onclick condition="Skin.HasSetting(WeatherUseForecast)">Skin.ToggleSetting(WeatherUseForecast)</onclick>
					<onclick>Skin.ToggleSetting(WeatherUseHourly)</onclick>
					<radioposx>265</radioposx>
					<include>WeatherButtonCommonValues</include>
					<visible>!String.IsEmpty(Window(weather).Property(Hourly.IsFetched))</visible>
				</control>
				<control type="button" id="2">
					<description>Refresh Button</description>
					<label />
					<texturefocus>button_icons/icon-refresh.png</texturefocus>
					<texturenofocus>button_icons/icon-refresh.png</texturenofocus>
					<include>WeatherButtonCommonValues</include>
				</control>
				<control type="button" id="4">
					<description>Settings Button</description>
					<label>5</label>
					<texturefocus>button_icons/icon-skin.png</texturefocus>
					<texturenofocus>button_icons/icon-skin.png</texturenofocus>
					<onclick>ActivateWindow(ServiceSettings,weather)</onclick>
					<include>WeatherButtonCommonValues</include>
				</control>
				<control type="button" id="9004">
					<description>Add-on Settings Button</description>
					<label>10140</label>
					<texturefocus>button_icons/icon-skin.png</texturefocus>
					<texturenofocus>button_icons/icon-skin.png</texturenofocus>
					<onclick>Addon.OpenSettings($INFO[Weather.Plugin])</onclick>
					<ondown>9001</ondown>
					<include>WeatherButtonCommonValues</include>
				</control>
			</control>
			<control type="image">
				<description>Button focus</description>
				<top>120</top>
				<left>-5</left>
				<width>320</width>
				<height>50</height>
				<texture>buttons/button.png</texture>
				<animation effect="slide" end="0,52" time="200" easing="out" condition="ControlGroup(9000).HasFocus(9002)">Conditional</animation>
				<animation effect="slide" end="0,102" time="200" easing="out" condition="[String.IsEmpty(Window(weather).Property(Hourly.IsFetched)) + ControlGroup(9000).HasFocus(2)] | [!String.IsEmpty(Window(weather).Property(Hourly.IsFetched)) + ControlGroup(9000).HasFocus(9003)]">Conditional</animation>
				<animation effect="slide" end="0,152" time="200" easing="out" condition="[String.IsEmpty(Window(weather).Property(Hourly.IsFetched)) + ControlGroup(9000).HasFocus(4)] | [!String.IsEmpty(Window(weather).Property(Hourly.IsFetched)) + ControlGroup(9000).HasFocus(2)]">Conditional</animation>
				<animation effect="slide" end="0,202" time="200" easing="out" condition="[String.IsEmpty(Window(weather).Property(Hourly.IsFetched)) + ControlGroup(9000).HasFocus(9004)] | [!String.IsEmpty(Window(weather).Property(Hourly.IsFetched)) + ControlGroup(9000).HasFocus(4)]">Conditional</animation>
				<animation effect="slide" end="0,252" time="200" easing="out" condition="!String.IsEmpty(Window(weather).Property(Hourly.IsFetched)) + ControlGroup(9000).HasFocus(9004)">Conditional</animation>
				<animation effect="fade" start="100" end="25" time="200" condition="!ControlGroup(9000).HasFocus">Conditional</animation>
				<include>VisibleFadeEffect</include>
				<visible>!Control.HasFocus(9050)</visible>
			</control>
			<control type="textbox" id="400">
				<description>No weather warning</description>
				<left>440</left>
				<top>210</top>
				<width>370</width>
				<height>200</height>
				<font>font12</font>
				<label>$LOCALIZE[31313]</label>
				<textcolor>grey</textcolor>
				<shadowcolor>black</shadowcolor>
				<align>center</align>
				<visible>String.IsEmpty(Weather.Plugin)</visible>
			</control>
			<control type="group">
				<left>340</left>
				<top>110</top>
				<visible>!Skin.HasSetting(WeatherUseForecast) + !Skin.HasSetting(WeatherUseHourly) + !String.IsEmpty(Weather.Plugin)</visible>
				<include>VisibleFadeEffect</include>
				<control type="label">
					<description>weather location label</description>
					<left>-210</left>
					<width>800</width>
					<height>45</height>
					<font>font13</font>
					<align>right</align>
					<aligny>center</aligny>
					<textcolor>white</textcolor>
					<shadowcolor>black</shadowcolor>
					<label>[COLOR=orange]$INFO[Window(Weather).Property(Location)][/COLOR][CR]$LOCALIZE[31023] $INFO[Control.GetLabel(11)]</label>
				</control>
				<control type="label" id="11">
					<description>update time label</description>
					<left>-10</left>
					<top>-10</top>
					<font />
					<textcolor />
				</control>
				<include condition="!Skin.HasSetting(WeatherIconsAddon.multi)">WeatherCurrentIcon</include>
				<include condition="Skin.HasSetting(WeatherIconsAddon.multi)">WeatherAnimCurrentIcon</include>
				<control type="label">
					<description>current temp label</description>
					<left>250</left>
					<top>80</top>
					<width>350</width>
					<height>30</height>
					<font>font13</font>
					<align>center</align>
					<aligny>center</aligny>
					<textcolor>grey</textcolor>
					<shadowcolor>black</shadowcolor>
					<label>31024</label>
				</control>
				<control type="grouplist">
					<left>250</left>
					<top>65</top>
					<width>350</width>
					<height>230</height>
					<orientation>horizontal</orientation>
					<align>center</align>
					<itemgap>5</itemgap>
					<control type="label">
						<description>current temp Value</description>
						<width min="0" max="300">auto</width>
						<height>170</height>
						<font>font60</font>
						<aligny>center</aligny>
						<label>$INFO[Window(Weather).Property(Current.Temperature)]</label>
						<textcolor>white</textcolor>
						<shadowcolor>black</shadowcolor>
					</control>
					<control type="label">
						<description>current temp Value</description>
						<width min="0" max="100">auto</width>
						<height>140</height>
						<font>font16</font>
						<aligny>center</aligny>
						<label>$INFO[System.TemperatureUnits]</label>
						<textcolor>white</textcolor>
						<shadowcolor>black</shadowcolor>
					</control>
				</control>
				<control type="label">
					<description>current conditions label</description>
					<left>250</left>
					<top>190</top>
					<width>350</width>
					<height>30</height>
					<font>font16</font>
					<align>center</align>
					<aligny>center</aligny>
					<textcolor>white</textcolor>
					<shadowcolor>black</shadowcolor>
					<label>$INFO[Window(Weather).Property(Current.Condition)]</label>
					<wrapmultiline>true</wrapmultiline>
				</control>
				<control type="grouplist">
					<left>140</left>
					<top>250</top>
					<orientation>vertical</orientation>
					<itemgap>0</itemgap>
					<control type="label">
						<include>WeatherLabelCommonValues</include>
						<label>$LOCALIZE[402]:</label>
						<visible>!String.IsEmpty(Window(Weather).Property(Current.FeelsLike))</visible>
					</control>
					<control type="label">
						<include>WeatherLabelCommonValues</include>
						<label>$LOCALIZE[33021]:</label>
						<visible>!String.IsEmpty(Window(Weather).Property(Current.Precipitation))</visible>
					</control>
					<control type="label">
						<include>WeatherLabelCommonValues</include>
						<label>$LOCALIZE[405]:</label>
						<visible>!String.IsEmpty(Window(Weather).Property(Current.DewPoint))</visible>
					</control>
					<control type="label">
						<include>WeatherLabelCommonValues</include>
						<label>$LOCALIZE[406]:</label>
						<visible>!String.IsEmpty(Window(Weather).Property(Current.Humidity))</visible>
					</control>
					<control type="label">
						<include>WeatherLabelCommonValues</include>
						<label>$LOCALIZE[403]:</label>
						<visible>!String.IsEmpty(Window(Weather).Property(Current.UVIndex))</visible>
					</control>
					<control type="label">
						<include>WeatherLabelCommonValues</include>
						<label>$LOCALIZE[404]:</label>
						<visible>!String.IsEmpty(Window(Weather).Property(Current.Wind))</visible>
					</control>
					<control type="label">
						<include>WeatherLabelCommonValues</include>
						<label>$LOCALIZE[387]:</label>
						<visible>!String.IsEmpty(Window(Weather).Property(Current.Cloudiness))</visible>
					</control>
					<control type="label">
						<include>WeatherLabelCommonValues</include>
						<label>$LOCALIZE[33027]:</label>
						<visible>!String.IsEmpty(Window(Weather).Property(Today.Sunrise))</visible>
					</control>
					<control type="label">
						<include>WeatherLabelCommonValues</include>
						<label>$LOCALIZE[33028]:</label>
						<visible>!String.IsEmpty(Window(Weather).Property(Today.Sunset))</visible>
					</control>
				</control>
				<control type="grouplist">
					<left>300</left>
					<top>250</top>
					<orientation>vertical</orientation>
					<itemgap>0</itemgap>
					<control type="label">
						<include>WeatherLabelValueCommonValues</include>
						<info>Window(Weather).Property(Current.FeelsLike)</info>
						<visible>!String.IsEmpty(Window(Weather).Property(Current.FeelsLike))</visible>
					</control>
					<control type="label">
						<include>WeatherLabelValueCommonValues</include>
						<info>Window(Weather).Property(Current.Precipitation)</info>
						<visible>!String.IsEmpty(Window(Weather).Property(Current.Precipitation))</visible>
					</control>
					<control type="label">
						<include>WeatherLabelValueCommonValues</include>
						<info>Window(Weather).Property(Current.DewPoint)</info>
						<visible>!String.IsEmpty(Window(Weather).Property(Current.DewPoint))</visible>
					</control>
					<control type="label">
						<include>WeatherLabelValueCommonValues</include>
						<info>Window(Weather).Property(Current.Humidity)</info>
						<visible>!String.IsEmpty(Window(Weather).Property(Current.Humidity))</visible>
					</control>
					<control type="label">
						<include>WeatherLabelValueCommonValues</include>
						<info>Window(Weather).Property(Current.UVIndex)</info>
						<visible>!String.IsEmpty(Window(Weather).Property(Current.UVIndex))</visible>
					</control>
					<control type="label">
						<include>WeatherLabelValueCommonValues</include>
						<info>Window(Weather).Property(Current.Wind)</info>
						<visible>!String.IsEmpty(Window(Weather).Property(Current.Wind))</visible>
					</control>
					<control type="label">
						<include>WeatherLabelValueCommonValues</include>
						<info>Window(Weather).Property(Current.Cloudiness)</info>
						<visible>!String.IsEmpty(Window(Weather).Property(Current.Cloudiness))</visible>
					</control>
					<control type="label">
						<include>WeatherLabelValueCommonValues</include>
						<info>Window(Weather).Property(Today.Sunrise)</info>
						<visible>!String.IsEmpty(Window(Weather).Property(Today.Sunrise))</visible>
					</control>
					<control type="label">
						<include>WeatherLabelValueCommonValues</include>
						<info>Window(Weather).Property(Today.Sunset)</info>
						<visible>!String.IsEmpty(Window(Weather).Property(Today.Sunset))</visible>
					</control>
				</control>
			</control>
			<control type="group">
				<left>340</left>
				<top>140</top>
				<visible>Skin.HasSetting(WeatherUseForecast) + !String.IsEmpty(Weather.Plugin)</visible>
				<include>VisibleFadeEffect</include>
				<control type="label">
					<description>weather location label</description>
					<top>-35</top>
					<width>580</width>
					<height>20</height>
					<font>font13</font>
					<align>center</align>
					<aligny>center</aligny>
					<textcolor>orange</textcolor>
					<shadowcolor>black</shadowcolor>
					<label>$INFO[Window(Weather).Property(Location)]</label>
				</control>
				<control type="group">
					<description>day 0</description>
					<include content="WeatherForecastContent">
						<param name="day" value="Day0" />
					</include>
				</control>
				<control type="group">
					<description>day 1</description>
					<top>120</top>
					<include content="WeatherForecastContent">
						<param name="day" value="Day1" />
					</include>
				</control>
				<control type="group">
					<description>day 2</description>
					<top>240</top>
					<include content="WeatherForecastContent">
						<param name="day" value="Day2" />
					</include>
				</control>
				<control type="group">
					<description>day 3</description>
					<top>360</top>
					<include content="WeatherForecastContent">
						<param name="day" value="Day3" />
					</include>
				</control>
			</control>
			<control type="group">
				<left>340</left>
				<top>140</top>
				<visible>Skin.HasSetting(WeatherUseHourly) + !String.IsEmpty(Weather.Plugin)</visible>
				<include>VisibleFadeEffect</include>
				<control type="label">
					<description>weather location label</description>
					<top>-35</top>
					<width>580</width>
					<height>20</height>
					<font>font13</font>
					<align>center</align>
					<aligny>center</aligny>
					<textcolor>orange</textcolor>
					<shadowcolor>black</shadowcolor>
					<label>$INFO[Window(Weather).Property(Location)]</label>
				</control>
				<control type="group">
					<description>Hour 1</description>
					<include content="WeatherHourlyContent">
						<param name="value" value="1" />
					</include>
				</control>
				<control type="group">
					<description>Hour 2</description>
					<top>120</top>
					<include content="WeatherHourlyContent">
						<param name="value" value="2" />
					</include>
				</control>
				<control type="group">
					<description>Hour 3</description>
					<top>240</top>
					<include content="WeatherHourlyContent">
						<param name="value" value="3" />
					</include>
				</control>
				<control type="group">
					<description>Hour 4</description>
					<top>360</top>
					<include content="WeatherHourlyContent">
						<param name="value" value="4" />
					</include>
				</control>
			</control>
			<include condition="System.GetBool(LookAndFeel.EnableRSSFeeds)">CommonRSSFeed</include>
		</control>

		<include content="BlankBladeSlideLeft">
			<param name="id" value="1" />
			<param name="action" value="ActivateWindow(1111)" />
		</include>

		<control type="group">
			<description>Weather Blades</description>
			<visible>!Control.HasFocus(1)</visible>
			<!-- Left side -->
			<include content="BladesImagesLeft">
				<param name="texture" value="blades-size4-header.png" />
			</include>
			<control type="label">
				<description>Weather Label</description>
				<label>31004</label>
				<left>88</left>
				<top>170</top>
				<include>BladesLabelLeft</include>
			</control>
			<!-- Right side -->
			<include content="BladesImagesRight">
				<param name="texture" value="blades-size1-right-NF.png" />
			</include>
			<control type="label">
				<description>System Label</description>
				<label>31003</label>
				<left>48r</left>
				<top>210</top>
				<width>200</width>
				<include>BladesLabelRight</include>
			</control>
			<control type="image">
				<left>165r</left>
				<top>-40</top>
				<width>115</width>
				<height>800</height>
				<texture>blades-size2-right-NF.png</texture>
			</control>
			<control type="label">
				<description>Media Label</description>
				<label>31001</label>
				<left>99r</left>
				<top>200</top>
				<include>BladesLabelRight</include>
			</control>
			<control type="image">
				<left>215r</left>
				<top>-40</top>
				<width>115</width>
				<height>800</height>
				<texture>blades-size3-right-NF.png</texture>
			</control>
			<control type="label">
				<description>Apps Label</description>
				<label>31002</label>
				<left>148r</left>
				<top>190</top>
				<include>BladesLabelRight</include>
			</control>
		</control>

		<control type="group">
			<description>Apps Blades</description>
			<visible>Control.HasFocus(1)</visible>
			<!-- Left side -->
			<include content="BladesImagesLeft">
				<param name="texture" value="blades-size3-left-NF.png" />
			</include>
			<control type="label">
				<description>weather Label</description>
				<label>31004</label>
				<left>88</left>
				<top>190</top>
				<include>BladesLabelLeft</include>
			</control>
			<control type="image">
				<left>50</left>
				<top>-40</top>
				<width>115</width>
				<height>800</height>
				<texture>blades-size4-header.png</texture>
				<visible>Control.HasFocus(1)</visible>
				<animation effect="fade" time="HomeBladeAnimationSpeed">visible</animation>
			</control>
			<control type="label">
				<description>Applications Label</description>
				<label>31002</label>
				<left>140</left>
				<top>170</top>
				<include>BladesLabelLeft</include>
				<visible>Control.HasFocus(1)</visible>
				<animation effect="fade" time="HomeBladeAnimationSpeed">visible</animation>
			</control>
			<!-- Right side -->
			<include content="BladesImagesRight">
				<param name="texture" value="blades-size2-right-NF.png" />
			</include>
			<control type="label">
				<description>System Label</description>
				<label>31003</label>
				<left>48r</left>
				<top>200</top>
				<width>200</width>
				<include>BladesLabelRight</include>
			</control>
			<control type="image">
				<left>165r</left>
				<top>-40</top>
				<width>115</width>
				<height>800</height>
				<texture>blades-size3-right-NF.png</texture>
			</control>
			<control type="label">
				<description>Media Label</description>
				<label>31001</label>
				<left>99r</left>
				<top>190</top>
				<include>BladesLabelRight</include>
			</control>
		</control>
		<include>Common_Now_Playing</include>
		<include>BackgroundDim</include>
	</controls>
</window>