<?xml version="1.0" encoding="UTF-8"?>
<window>
	<defaultcontrol always="true">50</defaultcontrol>
	<onload condition="String.IsEmpty(Window(Home).Property(MenuItemActive))">SetProperty(MenuItemActive,video,Home)</onload>
	<onload condition="String.IsEmpty(Window(Home).Property(MenuBackground))">SetProperty(MenuBackground,special://skin/extras/backgrounds/video.jpg,Home)</onload>
	<menucontrol>9000</menucontrol>
	<views>50,51,500,550,551,560,501,508,504,503,515,505,511,530,54,53</views>
	<onload condition="!Skin.HasSetting(FirstTimeRun)">ActivateWindow(1112)</onload>
	<controls>
		<include>CommonCustomBackground</include>
		<include>CommonBackground</include>
		<include>ContentPanelBackgrounds</include>
		<control type="group">
			<include>Window_OpenClose_Animation</include>
			<include>CommonRootView</include>
			<include>FullWidthList</include>
			<include>ThumbnailView</include>
			<include>PosterWrapView</include>
			<include>PosterWrapView2_Fanart</include>
			<include>MediaListView3</include>
			<include>MediaListView2</include>
			<include>MediaListView4</include>
			<include>MediaListView5</include>
			<include>WideIconView</include>
			<include>MusicVideoInfoListView</include>
			<include>AddonInfoListView1</include>
			<include>AddonInfoThumbView1</include>
			<include>LiveTVView1</include>
			<include>Viewtype_Wall</include>
			<include>Viewtype_Showcase</include>
			<include>View_53_LowPoster</include>
			
		</control>
		<control type="group">
			<depth>DepthFooter</depth>
			<include>CommonPageCount</include>
			<include>CommonNowPlaying</include>
		</control>
		<include>MainWindowMouseButtons</include>
		<include>BehindDialogFadeOut</include>
		<include>ScrollOffsetLabel</include>
		<include content="CommonWindowHeader">
			<param name="Icon" value="icon_video" />
			<param name="Label" value="$LOCALIZE[3]" />
		</include>
		<control type="group">
			<left>-250</left>
			<include>SideBladeLeft</include>
			<control type="grouplist" id="9000">
				<left>0</left>
				<top>60</top>
				<width>250</width>
				<height>650</height>
				<onleft>9000</onleft>
				<onright>50</onright>
				<onup>9000</onup>
				<ondown>9000</ondown>
				<onback>50</onback>
				<itemgap>0</itemgap>
				<control type="label" id="200">
					<width>250</width>
					<height>35</height>
					<font>font12</font>
					<label>31006</label>
					<textcolor>blue</textcolor>
					<align>center</align>
					<aligny>center</aligny>
				</control>
				<control type="button" id="2">
					<description>View As button</description>
					<textwidth>235</textwidth>
					<include>ButtonCommonValues</include>
					<label/>
				</control>
				<control type="button" id="3">
					<description>Sort by button</description>
					<include>ButtonCommonValues</include>
					<label>103</label>
				</control>
				<control type="togglebutton" id="4">
					<description>Sort asc</description>
					<include>ButtonCommonValues</include>
					<alttexturefocus border="5">button-focus.png</alttexturefocus>
					<alttexturenofocus/>
					<label>31051</label>
					<altlabel>31050</altlabel>
					<usealttexture>Container.SortDirection(Ascending)</usealttexture>
				</control>
				<control type="edit" id="19">
					<visible>Container.CanFilter + !Container.CanFilterAdvanced</visible>
					<description>Filter</description>
					<textwidth>230</textwidth>
					<include>ButtonCommonValues</include>
					<label>587</label>
				</control>
				<control type="radiobutton" id="98">
					<visible>Container.CanFilterAdvanced</visible>
					<description>Filter</description>
					<include>ButtonCommonValues</include>
					<label>587</label>
					<selected>Container.Filtered</selected>
					<onclick>right</onclick>
					<onclick>Filter</onclick>
				</control>
				<control type="radiobutton" id="99">
					<description>Show Info Toggle</description>
					<textwidth>170</textwidth>
					<include>ButtonCommonValues</include>
					<label>31005</label>
					<onclick>Skin.ToggleSetting(View508HideInfo)</onclick>
					<selected>Skin.HasSetting(View508HideInfo)</selected>
					<visible>Control.IsVisible(508)</visible>
				</control>
				<control id="2004" type="radiobutton">
						<description>enable CDArt in Home</description>
						<font>font13</font>
						<textcolor>grey2</textcolor>
						<focusedcolor>white</focusedcolor>
						<label>CdArt</label>
						<onclick>Skin.ToggleSetting(CdArtHome)</onclick>
						<selected>Skin.HasSetting(CdArtHome)</selected>
						<include>ButtonCommonValues</include>
					</control>
				<control id="2005" type="radiobutton">
					<description>enable ClearLogo in Home</description>
					<font>font13</font>
					<textcolor>white</textcolor>
					<focusedcolor>white</focusedcolor>
					<label>Clear Logo</label>
					<onclick>Skin.ToggleSetting(ClearLogoHome)</onclick>
					<selected>Skin.HasSetting(ClearLogoHome)</selected>
					<include>ButtonCommonValues</include>
				 </control>
				 <control id="20051" type="radiobutton">
					<description>enable ClearArt in Home</description>
					<font>font13</font>
					<textcolor>white</textcolor>
					<focusedcolor>white</focusedcolor>
				    <label>Clear Art</label>
					<onclick>Skin.ToggleSetting(ClearArtHome)</onclick>
					<selected>Skin.HasSetting(ClearArtHome)</selected>
					<include>ButtonCommonValues</include>
				 </control>
				<control type="label" id="201">
					<width>250</width>
					<height>35</height>
					<font>font12</font>
					<label>31026</label>
					<textcolor>blue</textcolor>
					<align>center</align>
					<aligny>center</aligny>
				</control>
				<control type="radiobutton" id="14">
					<description>Watched Toggle</description>
					<textwidth>170</textwidth>
					<include>ButtonCommonValues</include>
					<label>20367</label>
				</control>
				<control type="button" id="8">
					<description>Search</description>
					<include>ButtonCommonValues</include>
					<label>137</label>
				</control>
				<control type="radiobutton" id="16">
					<description>PartyMode</description>
					<label>589</label>
					<include>ButtonCommonValues</include>
					<visible>Container.Content(MusicVideos)</visible>
				</control>
				<control type="radiobutton" id="11">
					<description>Unlock Shares</description>
					<textwidth>170</textwidth>
					<include>ButtonCommonValues</include>
					<label>20336</label>
					<onclick>mastermode</onclick>
					<selected>system.ismaster</selected>
					<visible>system.haslocks</visible>
				</control>
				<control type="label" id="203">
					<width>250</width>
					<height>35</height>
					<font>font12</font>
					<label>31039</label>
					<textcolor>blue</textcolor>
					<align>center</align>
					<aligny>center</aligny>
				</control>
				<control type="togglebutton" id="20">
					<description>Update library</description>
					<textwidth>235</textwidth>
					<include>ButtonCommonValues</include>
					<label>653</label>
					<altlabel>13353</altlabel>
					<alttexturefocus border="5">button-focus.png</alttexturefocus>
					<alttexturenofocus/>
					<usealttexture>library.isscanningvideo</usealttexture>
				</control>
				<control type="button" id="204">
					<description>Get more</description>
					<textwidth>235</textwidth>
					<include>ButtonCommonValues</include>
					<label>21452</label>
					<onclick>ActivateWindow(addonbrowser,addons://more/video/,return)</onclick>
					<visible>Container.Content(addons)</visible>
				</control>
				<include>CommonNowPlaying_Controls</include>
			</control>
		</control>
	</controls>
</window>
