<?xml version="1.0" encoding="UTF-8"?>
<addon id="skin.konfluence.infusion" version="3.0.20" name="Konfluence Infusion" provider-name="SKINBASE,SchisM-CDTV">
	<requires>
		<import addon="xbmc.gui" version="5.15.0"/>
		<import addon="script.skinshortcuts" version="0.4.0" />
		<import addon="plugin.program.autocompletion" version="1.0.1" />
		<import addon="resource.images.studios.coloured" version="0.0.1" />
		
	</requires>
	<extension point="xbmc.gui.skin" debugging="false" effectslowdown="0.75">
		<res width="1280" height="720" aspect="16:9" default="true" folder="720p" />
	</extension>
	<extension point="xbmc.addon.metadata">
		<summary>INFUSION by CellarDoorTV. Based on the Konfluence Skin. Very sleek and elegant skin.</summary>
		<description>Easy Skin Easy Kodi... based on axbmcuser Confluence mod</description>
		<platform>all</platform>
		<assets>
			<icon>resources/icon.png</icon>
			<fanart>resources/fanart.jpg</fanart>
		</assets>
	</extension>
	<size>22828799</size>
</addon>