<?xml version="1.0" encoding="UTF-8"?>
<window  id="3">
	<defaultcontrol>20</defaultcontrol>
	<backgroundcolor>bgcolor</backgroundcolor>
	<controls>
		<include>BackgroundItems</include>

  	<control type="group">
      <include>OpenCloseSlideAnimationTwo</include>
      <include>InfoDialogs_ContentInfoAnimation</include>
			<!-- Panels -->
			<control type="image">
				<left>100</left>
				<top>147</top>
				<width>1078</width>
				<height>466</height>
				<texture border="59">views/other/panel.png</texture>
			</control>
			<include content="FileManagerPanel">
				<param name="left" value="105"/>
				<param name="top" value="112"/>
				<param name="align" value="left"/>
				<param name="label_left" value="0"/>
				<param name="label_id" value="101"/>
				<param name="hiddenlist_id" value="21"/>
			</include>
			<include content="FileManagerPanel">
				<param name="left" value="632"/>
				<param name="top" value="112"/>
				<param name="align" value="right"/>
				<param name="label_left" value="15"/>
				<param name="label_id" value="102"/>
				<param name="hiddenlist_id" value="20"/>
			</include>

			<!-- Left Area -->
			<control type="group">
				<left>118</left>
				<top>163</top>
				<animation effect="fade" start="0" end="100" time="200" condition="![[Window.IsActive(contextmenu) + !String.IsEqual(Window(home).Property(Resume),true)] + !Control.HasFocus(21)]">Conditional</animation>
				<include content="FileManagerList">
					<param name="container_id" value="20"/>
					<param name="scrollbar_id" value="60"/>
					<param name="scrollbar_left" value="-12"/>
					<param name="onleft_scrollbar" value="20"/>
					<param name="onright_scrollbar" value="20"/>
					<param name="onleft" value="60"/>
					<param name="onright" value="21"/>
				</include>
			</control>
			<!-- Right Area -->
			<control type="group">
				<left>645</left>
				<top>163</top>
				<animation effect="fade" start="0" end="100" time="200" condition="![[Window.IsActive(contextmenu) + !String.IsEqual(Window(home).Property(Resume),true)] + !Control.HasFocus(20)]">Conditional</animation>
				<include content="FileManagerList">
					<param name="container_id" value="21"/>
					<param name="scrollbar_id" value="61"/>
					<param name="scrollbar_left" value="521"/>
					<param name="onleft_scrollbar" value="21"/>
					<param name="onright_scrollbar" value="21"/>
					<param name="onleft" value="20"/>
					<param name="onright" value="61"/>
				</include>
			</control>

  		<control type="label">
  			<left>115</left>
  			<top>573</top>
  			<width>1032</width>
  			<height>40</height>
  			<font>FontSize_18B</font>
  			<align>center</align>
  			<textcolor>44white</textcolor>
  		  <shadowcolor>99000000</shadowcolor>
  			<label>$INFO[System.Totalspace,, $LOCALIZE[20182]] | $INFO[System.Freespace,, $LOCALIZE[20182]]</label>
  		</control>
  	</control>

		<include>CommonItems</include>
		<include>CommonWeatherAndClock</include>
		
    <!-- ================ -->
    <!-- Top Content Info -->
    <!-- ================ -->
	  <control type="group">
			<left>45</left>
			<top>25</top>
  		<include>ShutdownMenuAnimation</include>
      <include>InfoDialogs_ContentInfoAnimation</include>
      <include>VisibleHiddenSlideAnimation</include>
		  <visible>!ControlGroup(9000).HasFocus</visible>
			<control type="grouplist">
				<left>0</left>
				<top>0</top>
				<height>70</height>
				<width>1000</width>
				<align>left</align>
				<itemgap>15</itemgap>
				<orientation>horizontal</orientation>
	      <include>LogoBig</include>
		    <include>OpenCloseSlideAnimationTwo</include>
  			<control type="label">
  			  <include>TopBigLabel</include>
  				<label>$LOCALIZE[7]</label>
  			</control>
		  </control>
    </control>

	</controls>
</window>