<?xml version="1.0" encoding="UTF-8"?>
<addon id="skin.pellucid" version="3.0.0" name="Pellucid" provider-name="theDeadman">
    <requires>
        <import addon="xbmc.gui" version="5.15.0"/>
        <import addon="script.skinshortcuts" version="1.1.4"/>
    </requires>
    <extension point="xbmc.gui.skin" debugging="false">
        <res width="1920" height="1080" aspect="16:9" default="true" folder="1080i" />
    </extension>
    <extension point="xbmc.addon.metadata">
        <summary lang="en_GB">A skin for Kodi by theDeadManInYossariansTent</summary>
        <description lang="en_GB">Built for the living room, Pellucid is a clean and carefully designed Kodi experience designed for maximum usability and minimum fuss. Skin Shortcuts addon support is available for full menu customisation. With thanks to Marco "Dadebue" Debus for the homescreen photography.</description>
        <platform>all</platform>
        <license>Creative Commons Attribution-Noncommercial-Share Alike 3.0</license>
        <forum>https://forum.kodi.tv/forumdisplay.php?fid=267</forum>
        <source>https://github.com/chrisbevan/skin.pellucid</source>
        <assets>
            <icon>resources/icon.png</icon>
            <fanart>resources/fanart.jpg</fanart>
            <screenshot>resources/screenshot-01.jpg</screenshot>
            <screenshot>resources/screenshot-02.jpg</screenshot>
            <screenshot>resources/screenshot-03.jpg</screenshot>
            <screenshot>resources/screenshot-04.jpg</screenshot>
            <screenshot>resources/screenshot-05.jpg</screenshot>
            <screenshot>resources/screenshot-06.jpg</screenshot>
        </assets>
    </extension>
</addon>
