<?xml version="1.0" encoding="UTF-8"?>
<window>
	<defaultcontrol always="true">3</defaultcontrol>
	<include>dialogeffect</include>
	<controls>
		<include condition="![Window.IsActive(gamesaves) | Window.IsActive(ingamesaves) | Window.IsActive(GameStretchMode) | Window.IsActive(gamevideofilter) | Window.IsActive(gamevideorotation)]">DefaultDialogSelectLayout</include>
		<include condition="Window.IsActive(gamesaves)">GameDialogSelectSaveLayout</include>
		<include condition="Window.IsActive(GameStretchMode) | Window.IsActive(gamevideorotation)">GameDialogSelectViewLayout</include>
		<include condition="Window.IsActive(gamevideofilter) | Window.IsActive(ingamesaves)">GameDialogSelectFilterLayout</include>
	</controls>
</window>