<?xml version="1.0" encoding="UTF-8"?>
<window>
	<defaultcontrol always="true">21</defaultcontrol>
	<include>dialogeffect</include>
	<coordinates>
		<system>2</system>
		<left>470</left>
		<top>140</top>
	</coordinates>
	<controls>
		<control type="image">
			<description>background image</description>
			<width>340</width>
			<height>440</height>
			<texture border="50,100,50,50">dialogs/Dialog.png</texture>
		</control>
		<control type="label" id="1">
			<description>heading label</description>
			<left>50</left>
			<top>50</top>
			<width>240</width>
			<height>30</height>
			<align>center</align>
			<aligny>center</aligny>
			<font>font13</font>
			<label />
			<textcolor>orange</textcolor>
		</control>
		<control type="image">
			<description>edit text underlay Image</description>
			<left>50</left>
			<top>100</top>
			<width>240</width>
			<height>45</height>
			<texture border="10">buttons/list-nofocus.png</texture>
		</control>
		<control type="label" id="4">
			<description>Edit Text</description>
			<left>50</left>
			<top>100</top>
			<width>240</width>
			<height>40</height>
			<font>font12</font>
			<align>center</align>
			<aligny>center</aligny>
		</control>
		<control type="group">
			<left>50</left>
			<top>150</top>
			<control type="button" id="11">
				<description>1 button</description>
				<include>KeyboardButton</include>
				<label>12311</label>
				<onleft>23</onleft>
				<onright>12</onright>
				<onup>20</onup>
				<ondown>14</ondown>
			</control>
			<control type="button" id="12">
				<description>2 button</description>
				<left>60</left>
				<include>KeyboardButton</include>
				<label>12312</label>
				<onleft>11</onleft>
				<onright>13</onright>
				<onup>10</onup>
				<ondown>15</ondown>
			</control>
			<control type="button" id="13">
				<description>3 button</description>
				<left>120</left>
				<include>KeyboardButton</include>
				<label>12313</label>
				<onleft>12</onleft>
				<onright>23</onright>
				<onup>22</onup>
				<ondown>16</ondown>
			</control>
			<control type="button" id="23">
				<description>Backspace button</description>
				<left>180</left>
				<height>120</height>
				<textwidth>94</textwidth>
				<font>font10</font>
				<include>KeyboardButton</include>
				<label>20181</label>
				<angle>270</angle>
				<onleft>13</onleft>
				<onright>11</onright>
				<onup>21</onup>
				<ondown>21</ondown>
			</control>
			<control type="button" id="14">
				<description>4 button</description>
				<top>60</top>
				<include>KeyboardButton</include>
				<label>12314</label>
				<onleft>23</onleft>
				<onright>15</onright>
				<onup>11</onup>
				<ondown>17</ondown>
			</control>
			<control type="button" id="15">
				<description>5 button</description>
				<left>60</left>
				<top>60</top>
				<include>KeyboardButton</include>
				<label>12315</label>
				<onleft>14</onleft>
				<onright>16</onright>
				<onup>12</onup>
				<ondown>18</ondown>
			</control>
			<control type="button" id="16">
				<description>6 button</description>
				<left>120</left>
				<top>60</top>
				<include>KeyboardButton</include>
				<label>12316</label>
				<onleft>15</onleft>
				<onright>23</onright>
				<onup>13</onup>
				<ondown>19</ondown>
			</control>
			<control type="button" id="17">
				<description>7 button</description>
				<top>120</top>
				<include>KeyboardButton</include>
				<label>12317</label>
				<onleft>21</onleft>
				<onright>18</onright>
				<onup>14</onup>
				<ondown>20</ondown>
			</control>
			<control type="button" id="18">
				<description>8 button</description>
				<left>60</left>
				<top>120</top>
				<include>KeyboardButton</include>
				<label>12318</label>
				<onleft>17</onleft>
				<onright>19</onright>
				<onup>15</onup>
				<ondown>10</ondown>
			</control>
			<control type="button" id="19">
				<description>9 button</description>
				<left>120</left>
				<top>120</top>
				<include>KeyboardButton</include>
				<label>12319</label>
				<onleft>18</onleft>
				<onright>21</onright>
				<onup>16</onup>
				<ondown>22</ondown>
			</control>
			<control type="button" id="21">
				<description>Done button</description>
				<left>180</left>
				<top>120</top>
				<height>120</height>
				<textwidth>94</textwidth>
				<font>font10</font>
				<include>KeyboardButton</include>
				<label>20177</label>
				<angle>270</angle>
				<onleft>19</onleft>
				<onright>17</onright>
				<onup>23</onup>
				<ondown>23</ondown>
			</control>
			<control type="button" id="20">
				<description>prev button</description>
				<top>180</top>
				<label>&lt;&lt;</label>
				<include>KeyboardButton</include>
				<onleft>21</onleft>
				<onright>10</onright>
				<onup>17</onup>
				<ondown>11</ondown>
			</control>
			<control type="button" id="10">
				<description>0 button</description>
				<left>60</left>
				<top>180</top>
				<include>KeyboardButton</include>
				<label>12310</label>
				<onleft>20</onleft>
				<onright>22</onright>
				<onup>18</onup>
				<ondown>12</ondown>
			</control>
			<control type="button" id="22">
				<description>next button</description>
				<left>120</left>
				<top>180</top>
				<label>&gt;&gt;</label>
				<include>KeyboardButton</include>
				<onleft>10</onleft>
				<onright>21</onright>
				<onup>19</onup>
				<ondown>13</ondown>
			</control>
		</control>
	</controls>
</window>