<?xml version="1.0" encoding="UTF-8"?>
<window>
	<defaultcontrol>1</defaultcontrol>
	<visible>Player.Seeking | Player.HasPerformedSeek(3) | Player.Paused | Player.Caching | Player.IsTempo | Player.Forwarding | Player.Rewinding</visible>
	<include>dialogeffect</include>
	<coordinates>
		<system>1</system>
		<left>820</left>
		<top>-3</top>
	</coordinates>
	<controls>
		<control type="group">
			<animation effect="slide" start="0,0" end="0,10" time="200" condition="Window.IsVisible(FullscreenVideo) | Window.IsVisible(FullscreenGame) | Window.IsVisible(Visualisation)">conditional</animation>
			<animation effect="slide" start="0,0" end="-180,0" time="200" condition="Window.IsVisible(BusyDialog)">conditional</animation>
			<control type="image">
				<description>Media Overlay Image</description>
				<width>400</width>
				<height>85</height>
				<texture border="20,20,20,30">dialogs/Dialog2.png</texture>
			</control>
			<!-- playstate labels -->
			<control type="label">
				<description>Seekbar Labels</description>
				<left>90</left>
				<top>15</top>
				<width>220</width>
				<height>25</height>
				<align>center</align>
				<font>font10</font>
				<textcolor>orange</textcolor>
				<label>$VAR[SeekBarLabels]</label>
			</control>

			<!-- progressbar dialog -->
			<control type="label">
				<description>Time Label</description>
				<left>20</left>
				<top>15</top>
				<width>100</width>
				<height>16</height>
				<font>font12</font>
				<align>left</align>
				<label>$VAR[TimeLabels]</label>
			</control>
			<control type="label">
				<description>Duration Label</description>
				<left>280</left>
				<top>15</top>
				<width>100</width>
				<height>16</height>
				<label>$INFO[Player.Duration]</label>
				<font>font12</font>
				<align>right</align>
			</control>
			<control type="progress">
				<description>Progressbar cache</description>
				<left>20</left>
				<top>46</top>
				<width>360</width>
				<height>6</height>
				<midtexture border="3" colordiffuse="44ffffff">progress_cache.png</midtexture>
				<info>Player.ProgressCache</info>
			</control>
			<control type="progress">
				<description>Progressbar</description>
				<left>20</left>
				<top>45</top>
				<width>360</width>
				<height>8</height>
				<info>Player.Progress</info>
				<visible>!VideoPlayer.HasEpg</visible>
			</control>
			<control type="progress">
				<description>Progressbar</description>
				<left>20</left>
				<top>45</top>
				<width>360</width>
				<height>8</height>
				<info>PVR.EpgEventProgress</info>
				<visible>VideoPlayer.HasEpg</visible>
			</control>
			<control type="ranges">
				<description>Editlist</description>
				<left>20</left>
				<top>46</top>
				<width>360</width>
				<height>2</height>
				<info>Player.Editlist</info>
				<righttexture border="1">progress_chapter.png</righttexture>
			</control>
			<control type="ranges">
				<description>Cuts</description>
				<left>20</left>
				<top>50</top>
				<width>360</width>
				<height>2</height>
				<info>Player.Cuts</info>
				<righttexture border="1" colordiffuse="ffff0000">progress_chapter.png</righttexture>
			</control>
			<control type="ranges">
				<description>Chapters</description>
				<left>20</left>
				<top>50</top>
				<width>360</width>
				<height>2</height>
				<info>Player.Chapters</info>
				<righttexture border="1">progress_chapter.png</righttexture>
			</control>
			<control type="ranges">
				<description>SceneMarkers</description>
				<left>20</left>
				<top>50</top>
				<width>360</width>
				<height>2</height>
				<info>Player.SceneMarkers</info>
				<righttexture border="1">progress_chapter.png</righttexture>
			</control>
		</control>
	</controls>
</window>