<?xml version="1.0" encoding="UTF-8"?>
<window>
	<defaultcontrol always="true">5001</defaultcontrol>
	<include>dialogeffect</include>
	<controls>
		<control type="button" id="5001">
			<visible allowhiddenfocus="true">false</visible>
			<onclick>Close</onclick>
			<onleft>Close</onleft>
			<onright>Close</onright>
			<onup>Close</onup>
			<ondown>Close</ondown>
		</control>
		<control type="group">
			<top>80</top>
			<left>60</left>
			<control type="image">
				<description>Background Image</description>
				<width>1160</width>
				<height>235</height>
				<texture border="20,20,20,30">dialogs/Dialog2.png</texture>
				<visible>![[Pvr.IsPlayingTv + Window.IsActive(FullscreenVideo)] | [Pvr.IsPlayingRadio | Window.IsActive(visualisation)]]</visible>
			</control>
			<control type="image">
				<description>Background Image</description>
				<width>1160</width>
				<height>393</height>
				<texture border="20,20,20,30">dialogs/Dialog2.png</texture>
				<visible>[Pvr.IsPlayingTv + Window.IsActive(FullscreenVideo)] | [Pvr.IsPlayingRadio | Window.IsActive(visualisation)]</visible>
			</control>
			<control type="grouplist">
				<left>20</left>
				<top>15</top>
				<itemgap>3</itemgap>
				<orientation>vertical</orientation>
				<control type="label">
					<description>Video process information</description>
					<width>360</width>
					<height>30</height>
					<font>font12</font>
					<textcolor>orange</textcolor>
					<label>31219</label>
				</control>
				<control type="group">
					<height>20</height>
					<control type="label">
						<include>DialogPlayerProcessInfoLabel</include>
						<label>$LOCALIZE[31218]:</label>
					</control>
					<control type="label">
						<include>DialogPlayerProcessInfoLabelValue</include>
						<label fallback="10005">$INFO[VideoPlayer.VideoCodec]</label>
					</control>
				</control>
				<control type="group">
					<height>20</height>
					<control type="label">
						<include>DialogPlayerProcessInfoLabel</include>
						<label>$LOCALIZE[31217]:</label>
					</control>
					<control type="label">
						<include>DialogPlayerProcessInfoLabelValue</include>
						<label fallback="10005">$INFO[Player.Process(videodecoder)]</label>
					</control>
				</control>
				<control type="group">
					<height>20</height>
					<control type="label">
						<include>DialogPlayerProcessInfoLabel</include>
						<label>$LOCALIZE[169]:</label>
					</control>
					<control type="label">
						<include>DialogPlayerProcessInfoLabelValue</include>
						<label>$INFO[Player.Process(videowidth)]$INFO[Player.Process(videoheight),X,]$INFO[Player.Process(videoscantype)]$INFO[Player.Process(videodar), (, $LOCALIZE[31216])]</label>
					</control>
				</control>
				<control type="group">
					<height>20</height>
					<control type="label">
						<include>DialogPlayerProcessInfoLabel</include>
						<label>$LOCALIZE[31215]:</label>
					</control>
					<control type="label">
						<include>DialogPlayerProcessInfoLabelValue</include>
						<label fallback="10005">$INFO[Player.Process(videofps),, FPS]</label>
					</control>
				</control>
				<control type="group">
					<height>20</height>
					<control type="label">
						<include>DialogPlayerProcessInfoLabel</include>
						<label>$LOCALIZE[31214]:</label>
					</control>
					<control type="label">
						<include>DialogPlayerProcessInfoLabelValue</include>
						<label fallback="10005">$INFO[Player.Process(pixformat)]</label>
					</control>
				</control>
				<control type="group">
					<visible>!String.IsEmpty(VideoPlayer.VideoBitrate)</visible>
					<height>20</height>
					<control type="label">
						<include>DialogPlayerProcessInfoLabel</include>
						<label>$LOCALIZE[623]:</label>
					</control>
					<control type="label">
						<include>DialogPlayerProcessInfoLabelValue</include>
						<label>$INFO[VideoPlayer.VideoBitrate,, kb/s]</label>
					</control>
				</control>
				<control type="group">
					<visible>String.IsEmpty(VideoPlayer.VideoBitrate)</visible>
					<height>20</height>
					<control type="label">
						<include>DialogPlayerProcessInfoLabel</include>
						<label>$LOCALIZE[16038]:</label>
					</control>
					<control type="label">
						<include>DialogPlayerProcessInfoLabelValue</include>
						<label fallback="10005">$INFO[Player.Process(deintmethod)]</label>
					</control>
				</control>
				<control type="group">
					<height>20</height>
					<control type="label">
						<include>DialogPlayerProcessInfoLabel</include>
						<label>$LOCALIZE[31213]:</label>
					</control>
					<control type="label">
						<include>DialogPlayerProcessInfoLabelValue</include>
						<label>$VAR[videohwdecoder]</label>
					</control>
				</control>
			</control>
			<control type="grouplist">
				<left>400</left>
				<top>15</top>
				<itemgap>3</itemgap>
				<orientation>vertical</orientation>
				<control type="label">
					<description>Audio process information</description>
					<width>360</width>
					<height>30</height>
					<font>font12</font>
					<textcolor>orange</textcolor>
					<label>31220</label>
				</control>
				<control type="group">
					<height>20</height>
					<control type="label">
						<include>DialogPlayerProcessInfoLabel</include>
						<label>$LOCALIZE[31218]:</label>
					</control>
					<control type="label">
						<include>DialogPlayerProcessInfoLabelValue</include>
						<label fallback="10005">$INFO[VideoPlayer.AudioCodec]</label>
					</control>
				</control>
				<control type="group">
					<height>20</height>
					<control type="label">
						<include>DialogPlayerProcessInfoLabel</include>
						<label>$LOCALIZE[31217]:</label>
					</control>
					<control type="label">
						<include>DialogPlayerProcessInfoLabelValue</include>
						<label fallback="10005">$INFO[Player.Process(audiodecoder)]</label>
					</control>
				</control>
				<control type="group">
					<height>20</height>
					<control type="label">
						<include>DialogPlayerProcessInfoLabel</include>
						<label>$LOCALIZE[14301]:</label>
					</control>
					<control type="label">
						<include>DialogPlayerProcessInfoLabelValue</include>
						<label fallback="10005">$INFO[VideoPlayer.AudioChannels,,  -  ]$INFO[Player.Process(audiochannels)]</label>
					</control>
				</control>
				<control type="group">
					<height>20</height>
					<control type="label">
						<include>DialogPlayerProcessInfoLabel</include>
						<label>$LOCALIZE[613]:</label>
					</control>
					<control type="label">
						<include>DialogPlayerProcessInfoLabelValue</include>
						<label fallback="10005">$INFO[Player.Process(audiosamplerate),, Hz]</label>
					</control>
				</control>
				<control type="group">
					<height>20</height>
					<control type="label">
						<include>DialogPlayerProcessInfoLabel</include>
						<label>$LOCALIZE[612]:</label>
					</control>
					<control type="label">
						<include>DialogPlayerProcessInfoLabelValue</include>
						<label fallback="10005">$INFO[Player.Process(audiobitspersample),, Bit]</label>
					</control>
				</control>
				<control type="group">
					<visible>!String.IsEmpty(VideoPlayer.AudioBitrate)</visible>
					<height>20</height>
					<control type="label">
						<include>DialogPlayerProcessInfoLabel</include>
						<label>$LOCALIZE[623]:</label>
					</control>
					<control type="label">
						<include>DialogPlayerProcessInfoLabelValue</include>
						<label>$INFO[VideoPlayer.AudioBitrate,, kb/s]</label>
					</control>
				</control>
			</control>
			<control type="grouplist">
				<left>780</left>
				<top>15</top>
				<itemgap>3</itemgap>
				<orientation>vertical</orientation>
				<control type="label">
					<description>System Information</description>
					<width>360</width>
					<height>30</height>
					<font>font12</font>
					<textcolor>orange</textcolor>
					<label>138</label>
				</control>
				<control type="group">
					<visible>System.SupportsCPUUsage</visible>
					<height>20</height>
					<control type="label">
						<include>DialogPlayerProcessInfoLabel</include>
						<label>$LOCALIZE[13271]:</label>
					</control>
					<control type="label">
						<include>DialogPlayerProcessInfoLabelValue</include>
						<label fallback="10005">$INFO[System.CpuUsage]</label>
					</control>
				</control>
				<control type="group">
					<height>20</height>
					<control type="label">
						<include>DialogPlayerProcessInfoLabel</include>
						<label>$LOCALIZE[31212]:</label>
					</control>
					<control type="label">
						<include>DialogPlayerProcessInfoLabelValue</include>
						<label fallback="10005">$INFO[System.Memory(used.percent)]</label>
					</control>
				</control>
				<control type="group">
					<height>20</height>
					<control type="label">
						<include>DialogPlayerProcessInfoLabel</include>
						<label>$LOCALIZE[439]:</label>
					</control>
					<control type="label">
						<include>DialogPlayerProcessInfoLabelValue</include>
						<label fallback="10005">$INFO[Player.CacheLevel,,%]</label>
					</control>
				</control>
				<control type="group">
					<height>20</height>
					<control type="label">
						<include>DialogPlayerProcessInfoLabel</include>
						<label>$LOCALIZE[31211]:</label>
					</control>
					<control type="label">
						<include>DialogPlayerProcessInfoLabelValue</include>
						<label fallback="10005">$INFO[System.FPS,, fps]</label>
					</control>
				</control>
			</control>
			
			<control type="group">
				<visible>[Pvr.IsPlayingTv + Window.IsActive(FullscreenVideo)] | [Pvr.IsPlayingRadio | Window.IsActive(visualisation)]</visible>
				<control type="grouplist">
					<left>20</left>
					<top>220</top>
					<itemgap>3</itemgap>
					<orientation>vertical</orientation>
					<control type="label">
						<description>Header</description>
						<width>360</width>
						<height>30</height>
						<font>font12</font>
						<textcolor>orange</textcolor>
						<label>19005</label>
					</control>
					<control type="group">
						<height>20</height>
						<control type="label">
							<include>DialogPlayerProcessInfoLabel</include>
							<label>$LOCALIZE[19012]:</label>
						</control>
						<control type="label">
							<include>DialogPlayerProcessInfoLabelValue</include>
							<label fallback="10005">$INFO[PVR.ActStreamClient]</label>
						</control>
					</control>
					<control type="group">
						<height>20</height>
						<control type="label">
							<include>DialogPlayerProcessInfoLabel</include>
							<label>$LOCALIZE[19010]:</label>
						</control>
						<control type="label">
							<include>DialogPlayerProcessInfoLabelValue</include>
							<label fallback="10005">$INFO[PVR.ActStreamBER]</label>
						</control>
					</control>
					<control type="group">
						<height>20</height>
						<control type="label">
							<include>DialogPlayerProcessInfoLabel</include>
							<label>$LOCALIZE[19015]:</label>
						</control>
						<control type="label">
							<include>DialogPlayerProcessInfoLabelValue</include>
							<label fallback="10005">$INFO[PVR.ActStreamEncryptionName]</label>
						</control>
					</control>
					<control type="group">
						<height>20</height>
						<control type="label">
							<include>DialogPlayerProcessInfoLabel</include>
							<label>$LOCALIZE[19008]:</label>
						</control>
						<control type="progress">
							<left>150</left>
							<top>4</top>
							<width>918</width>
							<height>14</height>
							<info>PVR.ActStreamProgrSignal</info>
						</control>
						<control type="label">
							<left>1078</left>
							<include>DialogPlayerProcessInfoLabelValue</include>
							<label>$INFO[PVR.ActStreamSignal]</label>
						</control>
					</control>
					<control type="group">
						<height>20</height>
						<control type="label">
							<include>DialogPlayerProcessInfoLabel</include>
							<label>$LOCALIZE[19009]:</label>
						</control>
						<control type="progress">
							<left>150</left>
							<top>4</top>
							<width>918</width>
							<height>14</height>
							<info>PVR.ActStreamProgrSNR</info>
						</control>
						<control type="label">
							<left>1078</left>
							<include>DialogPlayerProcessInfoLabelValue</include>
							<label>$INFO[PVR.ActStreamSNR]</label>
						</control>
					</control>
				</control>
				<control type="grouplist">
					<left>400</left>
					<top>253</top>
					<itemgap>3</itemgap>
					<orientation>vertical</orientation>
					<control type="group">
						<height>20</height>
						<control type="label">
							<include>DialogPlayerProcessInfoLabel</include>
							<label>$LOCALIZE[19006]:</label>
						</control>
						<control type="label">
							<include>DialogPlayerProcessInfoLabelValue</include>
							<label fallback="10005">$INFO[PVR.ActStreamDevice]</label>
						</control>
					</control>
					<control type="group">
						<height>20</height>
						<control type="label">
							<include>DialogPlayerProcessInfoLabel</include>
							<label>$LOCALIZE[31217]:</label>
						</control>
						<control type="label">
							<include>DialogPlayerProcessInfoLabelValue</include>
							<label fallback="10005">$INFO[PVR.ActStreamUNC]</label>
						</control>
					</control>
					<control type="group">
						<height>20</height>
						<control type="label">
							<include>DialogPlayerProcessInfoLabel</include>
							<label>$LOCALIZE[19101]:</label>
						</control>
						<control type="label">
							<include>DialogPlayerProcessInfoLabelValue</include>
							<label fallback="10005">$INFO[PVR.ActStreamProviderName]</label>
						</control>
					</control>
				</control>
				<control type="grouplist">
					<left>780</left>
					<top>253</top>
					<itemgap>3</itemgap>
					<orientation>vertical</orientation>
					<control type="group">
						<height>20</height>
						<control type="label">
							<include>DialogPlayerProcessInfoLabel</include>
							<label>$LOCALIZE[19007]:</label>
						</control>
						<control type="label">
							<include>DialogPlayerProcessInfoLabelValue</include>
							<label>$INFO[PVR.ActStreamStatus]</label>
						</control>
					</control>
					<control type="group">
						<height>20</height>
						<control type="label">
							<include>DialogPlayerProcessInfoLabel</include>
							<label>$LOCALIZE[19099]:</label>
						</control>
						<control type="label">
							<include>DialogPlayerProcessInfoLabelValue</include>
							<label fallback="10005">$INFO[PVR.ActStreamServiceName]</label>
						</control>
					</control>
					<control type="group">
						<height>20</height>
						<control type="label">
							<include>DialogPlayerProcessInfoLabel</include>
							<label>$LOCALIZE[19100]:</label>
						</control>
						<control type="label">
							<include>DialogPlayerProcessInfoLabelValue</include>
							<label fallback="10005">$INFO[PVR.ActStreamMux]</label>
						</control>
					</control>
				</control>
			</control>
		</control>
	</controls>
</window>