<?xml version="1.0" encoding="UTF-8"?>
<window>
	<defaultcontrol always="true">9000</defaultcontrol>
	<include>dialogeffect</include>
	<controls>
		<control type="button" id="9000">
			<left>2000</left>
			<onfocus condition="System.GetBool(gamesgeneral.showosdhelp)">SetFocus(9001)</onfocus>
			<onfocus condition="!System.GetBool(gamesgeneral.showosdhelp)">SetFocus(1103)</onfocus>
		</control>
		<include>BackgroundDim</include>
		<control type="label">
			<description>Clock label</description>
			<left>30</left>
			<top>15</top>
			<width>600</width>
			<height>25</height>
			<aligny>center</aligny>
			<font>font13</font>
			<textcolor>white</textcolor>
			<shadowcolor>black</shadowcolor>
			<label>$INFO[System.Time]</label>
		</control>
		<control type="group" id="1">
			<animation effect="fade" start="100" end="0" time="200" condition="Window.IsVisible(1106) | Window.IsVisible(DialogSlider.xml) | Window.IsVisible(DialogSelect.xml) | Window.IsVisible(GameControllers)">Conditional</animation>
			<left>340</left>
			<control type="group" id="10">
				<visible>System.GetBool(gamesgeneral.showosdhelp)</visible>
				<top>51</top>
				<control type="image">
					<description>background image</description>
					<width>600</width>
					<height>678</height>
					<colordiffuse>EEFFFFFF</colordiffuse>
					<texture border="50,100,50,50">dialogs/Dialog.png</texture>
				</control>
				<control type="label" id="2">
					<description>heading label</description>
					<left>50</left>
					<top>50</top>
					<width>500</width>
					<height>30</height>
					<align>center</align>
					<aligny>center</aligny>
					<font>font16</font>
					<label>$LOCALIZE[35221]$INFO[VideoPlayer.Title,:  ,]</label>
					<textcolor>orange</textcolor>
				</control>
				<control type="textbox" id="1101">
					<left>50</left>
					<top>105</top>
					<width>500</width>
					<height>30</height>
					<align>center</align>
					<aligny>center</aligny>
					<font>font10</font>
					<autoscroll time="3000" delay="4000" repeat="5000">true</autoscroll>
					<textcolor>grey2</textcolor>
				</control>
				<control type="gamecontroller" id="1102">
					<left>100</left>
					<top>150</top>
					<width>400</width>
					<height>400</height>
				</control>
				<control type="textbox">
					<left>50</left>
					<top>550</top>
					<width>500</width>
					<height>30</height>
					<align>center</align>
					<aligny>center</aligny>
					<font>font10</font>
					<autoscroll time="3000" delay="4000" repeat="5000">true</autoscroll>
					<textcolor>grey2</textcolor>
					<label>$LOCALIZE[35236]</label>
				</control>
				<control type="button" id="9001">
					<left>200</left>
					<top>588</top>
					<label>15067</label>
					<include>DialogButton2CommonValues</include>
					<font>font12</font>
					<onclick>PreviousMenu</onclick>
					<onclick condition="Control.IsVisible(1103)">SetFocus(1103)</onclick>
				</control>
			</control>
			<control type="group" id="20">
				<visible>!System.GetBool(gamesgeneral.showosdhelp)</visible>
				<top>129</top>
				<control type="image">
					<description>background image</description>
					<width>600</width>
					<height>463</height>
					<colordiffuse>EEFFFFFF</colordiffuse>
					<texture border="50,100,50,50">dialogs/Dialog.png</texture>
				</control>
				<control type="label" id="3">
					<description>heading label</description>
					<left>50</left>
					<top>50</top>
					<width>500</width>
					<height>30</height>
					<align>center</align>
					<aligny>center</aligny>
					<font>font16</font>
					<label>$LOCALIZE[35221]$INFO[VideoPlayer.Title,:  ,]</label>
					<textcolor>orange</textcolor>
				</control>
				<control type="list" id="1103">
					<left>50</left>
					<top>100</top>
					<width>500</width>
					<ondown>9002</ondown>
					<onup>9002</onup>
					<onleft>9002</onleft>
					<onright>9002</onright>
					<itemlayout height="45">
						<control type="image">
							<height>45</height>
							<width>500</width>
							<texture border="10">buttons/list-nofocus.png</texture>
						</control>
						<control type="label">
							<left>15</left>
							<width>300</width>
							<height>45</height>
							<aligny>center</aligny>
							<font>font12</font>
							<info>ListItem.Label</info>
						</control>
						<control type="label">
							<left>315</left>
							<width>170</width>
							<height>45</height>
							<align>right</align>
							<aligny>center</aligny>
							<font>font12</font>
							<textcolor>grey</textcolor>
							<info>ListItem.Label2</info>
						</control>
					</itemlayout>
					<focusedlayout height="45">
						<control type="image">
							<height>45</height>
							<width>500</width>
							<texture border="10">buttons/list-nofocus.png</texture>
							<visible>!Control.HasFocus(1103)</visible>
						</control>
						<control type="image">
							<height>45</height>
							<width>500</width>
							<texture border="10">buttons/list-focus.png</texture>
							<visible>Control.HasFocus(1103)</visible>
						</control>
						<control type="label">
							<left>15</left>
							<width>300</width>
							<height>45</height>
							<aligny>center</aligny>
							<font>font12</font>
							<info>ListItem.Label</info>
						</control>
						<control type="label">
							<left>315</left>
							<width>170</width>
							<height>45</height>
							<align>right</align>
							<aligny>center</aligny>
							<font>font12</font>
							<textcolor>grey</textcolor>
							<info>ListItem.Label2</info>
						</control>
					</focusedlayout>
					<content>
						<item>
							<label>$LOCALIZE[35224]</label>
							<label2>Select + X</label2>
							<onclick>Play</onclick>
						</item>
						<item>
							<label>$LOCALIZE[13007]</label>
							<label2>Select + B</label2>
							<onclick>PlayerControl(Reset)</onclick>
						</item>
						<item>
							<label>$LOCALIZE[35222]</label>
							<label2>Select + Start</label2>
							<onclick>Stop</onclick>
						</item>
						<item>
							<label>$LOCALIZE[13376]</label>
							<label2>Select + Right Stick</label2>
							<onclick>ActivateWindow(GameVolume)</onclick>
						</item>
						<item>
							<label>$LOCALIZE[35249]</label>
							<onclick>ActivateWindow(InGameSaves)</onclick>
						</item>
						<item>
							<label>$LOCALIZE[5]</label>
							<onclick>ActivateWindow(1106)</onclick>
						</item>
					</content>
				</control>
				<control type="button" id="9002">
					<left>200</left>
					<top>373</top>
					<label>15067</label>
					<include>DialogButton2CommonValues</include>
					<font>font12</font>
					<onclick>PreviousMenu</onclick>
					<onright>1103</onright>
					<onleft>1103</onleft>
					<ondown>1103</ondown>
					<onup>1103</onup>
				</control>
			</control>
		</control>
	</controls>
</window>