<?xml version="1.0" encoding="UTF-8"?>
<includes>
	<variable name="ListItemPosterVar">
		<value condition="!Container.Content(Episodes) + !String.IsEmpty(ListItem.Art(season.poster))">$INFO[ListItem.Art(season.poster)]</value>
		<value condition="!Container.Content(Episodes) + !String.IsEmpty(ListItem.Art(tvshow.poster))">$INFO[ListItem.Art(tvshow.poster)]</value>
		<value condition="!Container.Content(Episodes) + !String.IsEmpty(ListItem.Art(poster))">$INFO[ListItem.Art(poster)]</value>
		<value condition="!String.IsEmpty(ListItem.Art(thumb))">$INFO[ListItem.Art(thumb)]</value>
		<value>$INFO[ListItem.Icon]</value>
	</variable>
	<variable name="ListItemBannerVar">
		<value condition="!String.IsEmpty(ListItem.Art(season.banner))">$INFO[ListItem.Art(season.banner)]</value>
		<value condition="!String.IsEmpty(ListItem.Art(tvshow.banner))">$INFO[ListItem.Art(tvshow.banner)]</value>
		<value condition="!String.IsEmpty(ListItem.Art(banner))">$INFO[ListItem.Art(banner)]</value>
		<value condition="!String.IsEmpty(ListItem.Art(thumb))">$INFO[ListItem.Art(thumb)]</value>
		<value>$INFO[ListItem.Icon]</value>
	</variable>
	<variable name="PlayerPosterVar">
		<value condition="!String.IsEmpty(Player.Art(tvshow.poster))">$INFO[Player.Art(tvshow.poster)]</value>
		<value condition="!String.IsEmpty(Player.Art(poster))">$INFO[Player.Art(poster)]</value>
		<value condition="!String.IsEmpty(Player.Art(thumb))">$INFO[Player.Art(thumb)]</value>
		<value>$INFO[Player.Icon]</value>
	</variable>
	<variable name="SeekBarLabels">
		<value condition="Player.Caching">$LOCALIZE[31234] $INFO[Player.CacheLevel]%</value>
		<value condition="!String.IsEmpty(Player.SeekStepSize)">$LOCALIZE[773] $INFO[Player.SeekStepSize]</value>
		<value condition="!String.IsEmpty(Player.SeekOffset) + Player.DisplayAfterSeek">$LOCALIZE[773] $INFO[Player.SeekOffset]</value>
		<value condition="Player.Paused">$LOCALIZE[31231]</value>
		<value condition="Player.Forwarding2x">$LOCALIZE[31232] x2</value>
		<value condition="Player.Forwarding4x">$LOCALIZE[31232] x4</value>
		<value condition="Player.Forwarding8x">$LOCALIZE[31232] x8</value>
		<value condition="Player.Forwarding16x">$LOCALIZE[31232] x16</value>
		<value condition="Player.Forwarding32x">$LOCALIZE[31232] x32</value>
		<value condition="Player.Rewinding2x">$LOCALIZE[31233] x2</value>
		<value condition="Player.Rewinding4x">$LOCALIZE[31233] x4</value>
		<value condition="Player.Rewinding8x">$LOCALIZE[31233] x8</value>
		<value condition="Player.Rewinding16x">$LOCALIZE[31233] x16</value>
		<value condition="Player.Rewinding32x">$LOCALIZE[31233] x32</value>
		<value condition="Player.IsTempo">$LOCALIZE[31229] $INFO[Player.PlaySpeed]</value>
		<value>$LOCALIZE[31230]</value>
	</variable>
	<variable name="TimeLabels">
		<value condition="Player.Seeking">$INFO[Player.SeekTime]</value>
		<value>$INFO[VideoPlayer.Time]</value>
	</variable>
	<variable name="VideoFullScreenLabel">
		<value condition="Pvr.IsPlayingTv | Pvr.IsPlayingRadio">$INFO[VideoPlayer.ChannelNumberLabel]. $INFO[VideoPlayer.ChannelName]</value>
		<value condition="VideoPlayer.Content(Episodes)">$INFO[VideoPlayer.TVShowTitle] ($INFO[VideoPlayer.Season]x$INFO[VideoPlayer.Episode])</value>
		<value condition="VideoPlayer.Content(MusicVideos)">$INFO[VideoPlayer.Artist] $INFO[VideoPlayer.Album, - ]</value>
	</variable>
	<variable name="MusicFullScreenLabel">
		<value condition="Pvr.IsPlayingTv | Pvr.IsPlayingRadio">$INFO[VideoPlayer.ChannelNumberLabel]. $INFO[VideoPlayer.ChannelName]</value>
		<value>$INFO[MusicPlayer.Artist]$INFO[MusicPlayer.Album, - ]$INFO[MusicPlayer.DiscTitle, (,)]</value>
	</variable>
	<variable name="PosterImageOSD">
		<value condition="!String.IsEmpty(Player.Art(poster))">$INFO[Player.Art(poster)]</value>
		<value condition="!String.IsEmpty(Player.Art(thumb))">$INFO[Player.Art(thumb)]</value>
	</variable>
	<variable name="MusicVisualisationCover">
		<value condition="!String.IsEmpty(MusicPlayer.Cover)">$INFO[MusicPlayer.Cover]</value>
		<value condition="!String.IsEmpty(Player.Art(album.thumb))">$INFO[Player.Art(album.thumb)]</value>
		<value condition="!String.IsEmpty(Player.Art(thumb))">$INFO[Player.Art(thumb)]</value>
		<value>$INFO[Player.Icon]</value>
	</variable>
	<variable name="MusicVisualisationSubLabel">
		<value condition="MusicPlayer.HasNext">$LOCALIZE[209]: $INFO[MusicPlayer.offset(1).Artist,, - ]$INFO[MusicPlayer.offset(1).Title]</value>
		<value condition="RDS.HasRadioText">$LOCALIZE[14304]: $INFO[RDS.GetLine(0)]</value>
	</variable>
	<variable name="DialogInfoTitleLabel">
		<value condition="String.IsEqual(ListItem.DBTYPE,set)">$LOCALIZE[31537]</value>
		<value condition="String.IsEqual(ListItem.DBTYPE,movie)">$LOCALIZE[13346]</value>
		<value condition="String.IsEqual(ListItem.DBTYPE,tvshow)">$LOCALIZE[20351]</value>
		<value condition="String.IsEqual(ListItem.DBTYPE,episode)">$LOCALIZE[20352]</value>
		<value condition="String.IsEqual(ListItem.DBTYPE,musicvideo)">$LOCALIZE[20393]</value>
		<value condition="String.IsEqual(ListItem.DBTYPE,album)">$LOCALIZE[13351]</value>
		<value condition="String.IsEqual(ListItem.DBTYPE,artist)">$LOCALIZE[21891]</value>
		<value condition="String.IsEqual(ListItem.DBTYPE,song)">$LOCALIZE[658]</value>
		<value>$LOCALIZE[20159]</value>
	</variable>
	<variable name="DialogMusicInfoTitleValue">
		<value condition="String.IsEqual(ListItem.DBTYPE,album)">$INFO[Listitem.Album]$INFO[ListItem.DiscTitle, (,)]</value>
		<value condition="String.IsEqual(ListItem.DBTYPE,artist)">$INFO[Listitem.Artist]</value>
		<value>$INFO[Listitem.Title]</value>
	</variable>
	<variable name="DialogMusicInfoButton9002Label1">
		<value condition="String.IsEqual(ListItem.DBTYPE,artist)">$LOCALIZE[132]</value>
		<value condition="String.IsEqual(ListItem.DBTYPE,album) + !Integer.IsEqual(Container(50).NumItems,0)">$LOCALIZE[182]</value>
		<value condition="String.IsEqual(ListItem.DBTYPE,album)">$LOCALIZE[21821]</value>
		<value condition="String.IsEqual(ListItem.DBTYPE,song) + !Integer.IsEqual(Container(50).NumItems,0)">$LOCALIZE[31210]</value>
		<value condition="String.IsEqual(ListItem.DBTYPE,song)">$LOCALIZE[569]</value>
	</variable>
	<variable name="DialogMusicInfoButton9002Label2">
		<value condition="String.IsEqual(ListItem.DBTYPE,artist)">$LOCALIZE[21887]</value>
		<value condition="String.IsEqual(ListItem.DBTYPE,album)">$LOCALIZE[21821]</value>
		<value condition="String.IsEqual(ListItem.DBTYPE,song)">$LOCALIZE[569]</value>
	</variable>
	<variable name="DialogMusicInfoTextbox">
		<value condition="Container.Content(Artists) + !String.IsEmpty(ListItem.Property(Artist_Description))">$INFO[ListItem.Property(Artist_Description)]</value>
		<value condition="Container.Content(Albums) + !String.IsEmpty(ListItem.Property(Album_Description))">$INFO[ListItem.Property(Album_Description)]</value>
		<value condition="Container.Content(Songs) + !String.IsEmpty(ListItem.Comment)">$INFO[ListItem.Comment]</value>
		<value>$LOCALIZE[10005]</value>
	</variable>
	<variable name="ActiveVideoPlayerSubtitleLanguage">
		<value condition="VideoPlayer.SubtitlesEnabled">[B]$INFO[VideoPlayer.SubtitlesLanguage][/B]</value>
		<value>[B]$LOCALIZE[1223][/B]</value>
	</variable>
	<variable name="RatingType">
		<value condition="Skin.HasSetting(RatingTypeUser) + ![ListItem.IsCollection + String.IsEmpty(ListItem.UserRating)]">$INFO[ListItem.UserRating]</value>
		<value>$INFO[ListItem.Rating]</value>
	</variable>
	<variable name="StarRating">
		<value condition="Skin.HasSetting(RatingTypeUser)">flagging/starrating/$INFO[ListItem.UserRating].png</value>
		<value condition="Integer.IsLess(ListItem.Rating,1)">flagging/starrating/0.png</value>
		<value condition="Integer.IsLess(ListItem.Rating,2)">flagging/starrating/1.png</value>
		<value condition="Integer.IsLess(ListItem.Rating,3)">flagging/starrating/2.png</value>
		<value condition="Integer.IsLess(ListItem.Rating,4)">flagging/starrating/3.png</value>
		<value condition="Integer.IsLess(ListItem.Rating,5)">flagging/starrating/4.png</value>
		<value condition="Integer.IsLess(ListItem.Rating,6)">flagging/starrating/5.png</value>
		<value condition="Integer.IsLess(ListItem.Rating,7)">flagging/starrating/6.png</value>
		<value condition="Integer.IsLess(ListItem.Rating,8)">flagging/starrating/7.png</value>
		<value condition="Integer.IsLess(ListItem.Rating,9)">flagging/starrating/8.png</value>
		<value condition="Integer.IsLess(ListItem.Rating,10)">flagging/starrating/9.png</value>
		<value>flagging/starrating/10.png</value>
	</variable>
	<variable name="PlayerStarRating">
		<value condition="Player.HasVideo + Skin.HasSetting(RatingTypeUser)">flagging/starrating/$INFO[VideoPlayer.UserRating].png</value>
		<value condition="Player.HasVideo + Integer.IsLess(VideoPlayer.Rating,1)">flagging/starrating/0.png</value>
		<value condition="Player.HasVideo + Integer.IsLess(VideoPlayer.Rating,2)">flagging/starrating/1.png</value>
		<value condition="Player.HasVideo + Integer.IsLess(VideoPlayer.Rating,3)">flagging/starrating/2.png</value>
		<value condition="Player.HasVideo + Integer.IsLess(VideoPlayer.Rating,4)">flagging/starrating/3.png</value>
		<value condition="Player.HasVideo + Integer.IsLess(VideoPlayer.Rating,5)">flagging/starrating/4.png</value>
		<value condition="Player.HasVideo + Integer.IsLess(VideoPlayer.Rating,6)">flagging/starrating/5.png</value>
		<value condition="Player.HasVideo + Integer.IsLess(VideoPlayer.Rating,7)">flagging/starrating/6.png</value>
		<value condition="Player.HasVideo + Integer.IsLess(VideoPlayer.Rating,8)">flagging/starrating/7.png</value>
		<value condition="Player.HasVideo + Integer.IsLess(VideoPlayer.Rating,9)">flagging/starrating/8.png</value>
		<value condition="Player.HasVideo + Integer.IsLess(VideoPlayer.Rating,10)">flagging/starrating/9.png</value>
		<value condition="Player.HasVideo">flagging/starrating/10.png</value>
		<value condition="Player.HasAudio + Skin.HasSetting(RatingTypeUser)">flagging/starrating/$INFO[MusicPlayer.UserRating].png</value>
		<value condition="Player.HasAudio + Integer.IsLess(MusicPlayer.Rating,1)">flagging/starrating/0.png</value>
		<value condition="Player.HasAudio + Integer.IsLess(MusicPlayer.Rating,2)">flagging/starrating/1.png</value>
		<value condition="Player.HasAudio + Integer.IsLess(MusicPlayer.Rating,3)">flagging/starrating/2.png</value>
		<value condition="Player.HasAudio + Integer.IsLess(MusicPlayer.Rating,4)">flagging/starrating/3.png</value>
		<value condition="Player.HasAudio + Integer.IsLess(MusicPlayer.Rating,5)">flagging/starrating/4.png</value>
		<value condition="Player.HasAudio + Integer.IsLess(MusicPlayer.Rating,6)">flagging/starrating/5.png</value>
		<value condition="Player.HasAudio + Integer.IsLess(MusicPlayer.Rating,7)">flagging/starrating/6.png</value>
		<value condition="Player.HasAudio + Integer.IsLess(MusicPlayer.Rating,8)">flagging/starrating/7.png</value>
		<value condition="Player.HasAudio + Integer.IsLess(MusicPlayer.Rating,9)">flagging/starrating/8.png</value>
		<value condition="Player.HasAudio + Integer.IsLess(MusicPlayer.Rating,10)">flagging/starrating/9.png</value>
		<value condition="Player.HasAudio">flagging/starrating/10.png</value>
	</variable>
	<variable name="videohwdecoder">
		<value condition="Player.Process(videohwdecoder)">$LOCALIZE[13281]</value>
		<value>$LOCALIZE[13419]</value>
	</variable>
	<variable name="FileBrowserContainerInfo">
		<value condition="Control.IsVisible(450)">$INFO[Container(450).NumItems] $LOCALIZE[31200] - $LOCALIZE[31201] $INFO[Container(450).CurrentPage]/$INFO[Container(450).NumPages]</value>
		<value condition="Control.IsVisible(451)">$INFO[Container(451).NumItems] $LOCALIZE[31200] - $LOCALIZE[31201] $INFO[Container(451).CurrentPage]/$INFO[Container(451).NumPages]</value>
	</variable>
	<variable name="DialogSelectContainerInfo">
		<value condition="Control.IsVisible(3)">$LOCALIZE[31201] $INFO[Container(3).CurrentPage]/$INFO[Container(3).NumPages]</value>
		<value>$LOCALIZE[31201] $INFO[Container(6).CurrentPage]/$INFO[Container(6).NumPages]</value>
	</variable>
	<variable name="DialogAddonInfoButton9001Label">
		<value condition="String.IsEmpty(Skin.String(DialogAddonInfoButton9001)) + !String.IsEmpty(ListItem.AddonNews)">$LOCALIZE[29941]</value>
		<value condition="!Integer.IsEqual(Container(50).NumItems,0) + [[String.IsEmpty(Skin.String(DialogAddonInfoButton9001)) + String.IsEmpty(ListItem.AddonNews)] | String.IsEqual(Skin.String(DialogAddonInfoButton9001),news)]">$LOCALIZE[20008]</value>
		<value>$LOCALIZE[21821]</value>
	</variable>
	<variable name="DialogAddonInfoButton9001Onclick">
		<value condition="String.IsEmpty(Skin.String(DialogAddonInfoButton9001)) + !String.IsEmpty(ListItem.AddonNews)">Skin.SetString(DialogAddonInfoButton9001,news)</value>
		<value condition="!Integer.IsEqual(Container(50).NumItems,0) + [[String.IsEmpty(Skin.String(DialogAddonInfoButton9001)) + String.IsEmpty(ListItem.AddonNews)] | String.IsEqual(Skin.String(DialogAddonInfoButton9001),news)]">Skin.SetString(DialogAddonInfoButton9001,screenshots)</value>
		<value>Skin.Reset(DialogAddonInfoButton9001)</value>
	</variable>
	<variable name="DialogAddonInfoDescriptionNewsToggle">
		<value condition="String.IsEqual(Skin.String(DialogAddonInfoButton9001),news)">$INFO[ListItem.AddonNews]</value>
		<value>$INFO[ListItem.AddonDescription]</value>
	</variable>
	<variable name="DialogAddonInfoContainerInfo">
		<value condition="Control.IsVisible(400)">$LOCALIZE[31201] $INFO[Container(400).CurrentPage]/$INFO[Container(400).NumPages]</value>
		<value condition="Control.IsVisible(401)">$LOCALIZE[31201] $INFO[Container(401).CurrentPage]/$INFO[Container(401).NumPages]</value>
		<value condition="Control.IsVisible(50)">$LOCALIZE[31201] $INFO[Container(50).CurrentPage]/$INFO[Container(50).NumPages]</value>
	</variable>
	<variable name="MediaInfoLabel">
		<value condition="Container(9000).HasFocus(1) + [Library.HasContent(Movies) | Library.HasContent(TVShows)]">$INFO[Window(Home).Property(Movies.Count),, $LOCALIZE[20342]]$INFO[Window(Home).Property(TVShows.Count),  -  , $LOCALIZE[20343]]</value>
		<value condition="Container(9000).HasFocus(1)">$LOCALIZE[31301]</value>
		<value condition="Container(9000).HasFocus(2)">$INFO[Window(Home).Property(Movies.Count),, $LOCALIZE[20342]]$INFO[Window(Home).Property(Movies.UnWatched),  -  , $LOCALIZE[16101]]</value>
		<value condition="Container(9000).HasFocus(3)">$INFO[Window(Home).Property(TVShows.Count),, $LOCALIZE[20343]]$INFO[Window(Home).Property(TVShows.UnWatched),  -  , $LOCALIZE[16101]]</value>
		<value condition="Container(9000).HasFocus(6) + Library.HasContent(Music)">$INFO[Window(Home).Property(Music.AlbumsCount),, $LOCALIZE[132]]$INFO[Window(Home).Property(Music.SongsCount),  -  , $LOCALIZE[134]]</value>
		<value condition="Container(9000).HasFocus(6)">$LOCALIZE[31300]</value>
		<value condition="Container(9000).HasFocus(8) + PVR.IsRecordingTV">$LOCALIZE[19158]: $INFO[PVR.TVNowRecordingChannel]$INFO[PVR.TVNowRecordingTitle, - ,]</value>
		<value condition="Container(9000).HasFocus(8) + PVR.HasNonRecordingTVTimer">$LOCALIZE[19157]: $INFO[PVR.TVNextRecordingChannel]$INFO[PVR.TVNextRecordingTitle, - ,]</value>
		<value condition="Container(9000).HasFocus(9) + PVR.IsRecordingRadio">$LOCALIZE[19158]: $INFO[PVR.RadioNowRecordingChannel]$INFO[PVR.RadioNowRecordingTitle, - ,]</value>
		<value condition="Container(9000).HasFocus(9) + PVR.HasNonRecordingRadioTimer">$LOCALIZE[19157]: $INFO[PVR.RadioNextRecordingChannel]$INFO[PVR.RadioNextRecordingTitle, - ,]</value>
	</variable>
	<variable name="RatingTypeLabel">
		<value condition="Skin.HasSetting(RatingTypeUser)">$LOCALIZE[38018]</value>
		<value condition="Skin.HasSetting(RatingTypeDefault)">$LOCALIZE[571]</value>
		<value>$LOCALIZE[571]</value>
	</variable>
	<variable name="SkinSettingsHelpText">
		<value condition="Control.IsVisible(300)">$LOCALIZE[31480]</value>
		<value condition="Control.IsVisible(600)">$LOCALIZE[31481]</value>
	</variable>
	<variable name="StatusEmbuaryHelperVar">
		<value condition="System.AddonIsEnabled(script.embuary.helper)">$INFO[System.AddonVersion(script.embuary.helper)] $LOCALIZE[39019]</value>
		<value condition="System.HasAddon(script.embuary.helper) + !System.AddonIsEnabled(script.embuary.helper)">$LOCALIZE[24023]</value>
		<value>$LOCALIZE[31499]</value>
	</variable>
	<variable name="StatusTheMovieDbHelperVar">
		<value condition="System.AddonIsEnabled(plugin.video.themoviedb.helper)">$INFO[System.AddonVersion(plugin.video.themoviedb.helper)] $LOCALIZE[39019]</value>
		<value condition="System.HasAddon(plugin.video.themoviedb.helper) + !System.AddonIsEnabled(plugin.video.themoviedb.helper)">$LOCALIZE[24023]</value>
		<value>$LOCALIZE[31499]</value>
	</variable>
	<variable name="StatusCULRCLyricsVar">
		<value condition="System.AddonIsEnabled(script.cu.lrclyrics)">$INFO[System.AddonVersion(script.cu.lrclyrics)] $LOCALIZE[39019]</value>
		<value condition="System.HasAddon(script.cu.lrclyrics) + !System.AddonIsEnabled(script.cu.lrclyrics)">$LOCALIZE[24023]</value>
		<value>$LOCALIZE[31499]</value>
	</variable>
	<variable name="StatusImageResourceSelectVar">
		<value condition="System.AddonIsEnabled(script.image.resource.select)">$INFO[System.AddonVersion(script.image.resource.select)] $LOCALIZE[39019]</value>
		<value condition="System.HasAddon(script.image.resource.select) + !System.AddonIsEnabled(script.image.resource.select)">$LOCALIZE[24023]</value>
		<value>$LOCALIZE[31499]</value>
	</variable>
	<variable name="StatusArtistSlideshowVar">
		<value condition="System.AddonIsEnabled(script.artistslideshow)">$INFO[System.AddonVersion(script.artistslideshow)] $LOCALIZE[39019]</value>
		<value condition="System.HasAddon(script.artistslideshow) + !System.AddonIsEnabled(script.artistslideshow)">$LOCALIZE[24023]</value>
		<value>$LOCALIZE[31499]</value>
	</variable>
	<variable name="StatusGlobalSearchVar">
		<value condition="System.AddonIsEnabled(script.globalsearch)">$INFO[System.AddonVersion(script.globalsearch)] $LOCALIZE[39019]</value>
		<value condition="System.HasAddon(script.globalsearch) + !System.AddonIsEnabled(script.globalsearch)">$LOCALIZE[24023]</value>
		<value>$LOCALIZE[31499]</value>
	</variable>
	<variable name="StatusYouTubeVar">
		<value condition="System.AddonIsEnabled(plugin.video.youtube)">$INFO[System.AddonVersion(plugin.video.youtube)] $LOCALIZE[39019]</value>
		<value condition="System.HasAddon(plugin.video.youtube) + !System.AddonIsEnabled(plugin.video.youtube)">$LOCALIZE[24023]</value>
		<value>$LOCALIZE[31499]</value>
	</variable>
	<variable name="StatusLiteboxVar">
		<value condition="System.AddonIsEnabled(script.litebox)">$INFO[System.AddonVersion(script.litebox)] $LOCALIZE[39019]</value>
		<value condition="System.HasAddon(script.litebox) + !System.AddonIsEnabled(script.litebox)">$LOCALIZE[24023]</value>
		<value>$LOCALIZE[31499]</value>
	</variable>
	<variable name="WeatherIconsAddonNameVar">
        <value condition="!String.IsEmpty(Skin.String(WeatherIconsAddon.name))">$INFO[Skin.String(WeatherIconsAddon.name)]</value>
        <value>$LOCALIZE[571]</value>
    </variable>
	<variable name="WeatherFanartAddonNameVar">
        <value condition="!String.IsEmpty(Skin.String(WeatherFanartAddon.name))">$INFO[Skin.String(WeatherFanartAddon.name)]</value>
        <value>$LOCALIZE[231]</value>
    </variable>
	<variable name="WeatherIconsAddonPathVar">
        <value condition="!String.IsEmpty(Skin.String(WeatherIconsAddon.path))">$INFO[Skin.String(WeatherIconsAddon.path)]</value>
        <value>resource://resource.images.weathericons.default/</value>
    </variable>
	<variable name="MovieSetLabel">
		<value condition="[Container.Content(Movies) | Container.Content(Sets)] + !Integer.IsEqual(Container(3650).NumItems,0)">$INFO[ListItem.Label][COLOR=grey]$INFO[Container(3650).NumItems, (, $LOCALIZE[342])][/COLOR]</value>
		<value>$INFO[ListItem.Label][COLOR=grey]$INFO[ListItem.Year, (,)][/COLOR]</value>
	</variable>
	<variable name="MovieYear">
		<value condition="ListItem.IsCollection">$INFO[Container(3650).ListItemNoWrap(0).Year]$INFO[Container(3650).ListItemNoWrap(1).Year, / ,]$INFO[Container(3650).ListItemNoWrap(2).Year, / ,]$INFO[Container(3650).ListItemNoWrap(3).Year, / ,]$INFO[Container(3650).ListItemNoWrap(4).Year, / ,]$INFO[Container(3650).ListItemNoWrap(5).Year, / ,]$INFO[Container(3650).ListItemNoWrap(6).Year, / ,]$INFO[Container(3650).ListItemNoWrap(7).Year, / ,]$INFO[Container(3650).ListItemNoWrap(8).Year, / ,]$INFO[Container(3650).ListItemNoWrap(9).Year, / ,]$INFO[Container(3650).ListItemNoWrap(10).Year, / ,]$INFO[Container(3650).ListItemNoWrap(11).Year, / ,]$INFO[Container(3650).ListItemNoWrap(12).Year, / ,]$INFO[Container(3650).ListItemNoWrap(13).Year, / ,]$INFO[Container(3650).ListItemNoWrap(14).Year, / ,]$INFO[Container(3650).ListItemNoWrap(15).Year, / ,]$INFO[Container(3650).ListItemNoWrap(16).Year, / ,]$INFO[Container(3650).ListItemNoWrap(17).Year, / ,]$INFO[Container(3650).ListItemNoWrap(18).Year, / ,]$INFO[Container(3650).ListItemNoWrap(19).Year, / ,]$INFO[Container(3650).ListItemNoWrap(20).Year, / ,]$INFO[Container(3650).ListItemNoWrap(21).Year, / ,]$INFO[Container(3650).ListItemNoWrap(22).Year, / ,]$INFO[Container(3650).ListItemNoWrap(23).Year, / ,]$INFO[Container(3650).ListItemNoWrap(24).Year, / ,]$INFO[Container(3650).ListItemNoWrap(25).Year, / ,]$INFO[Container(3650).ListItemNoWrap(26).Year, / ,]$INFO[Container(3650).ListItemNoWrap(27).Year, / ,]$INFO[Container(3650).ListItemNoWrap(28).Year, / ,]$INFO[Container(3650).ListItemNoWrap(29).Year, / ,]</value>
		<value>$INFO[ListItem.Year]</value>
	</variable>
	<variable name="MoviePlot">
		<value condition="ListItem.IsCollection + !String.IsEmpty(Container(3650).ListItemNoWrap(0).Title)">$INFO[Container(3650).ListItemNoWrap(0).Title]$INFO[Container(3650).ListItemNoWrap(0).Year, (,)]$INFO[Container(3650).ListItemNoWrap(1).Title,[CR],]$INFO[Container(3650).ListItemNoWrap(1).Year, (,)]$INFO[Container(3650).ListItemNoWrap(2).Title,[CR],]$INFO[Container(3650).ListItemNoWrap(2).Year, (,)]$INFO[Container(3650).ListItemNoWrap(3).Title,[CR],]$INFO[Container(3650).ListItemNoWrap(3).Year, (,)]$INFO[Container(3650).ListItemNoWrap(4).Title,[CR],]$INFO[Container(3650).ListItemNoWrap(4).Year, (,)]$INFO[Container(3650).ListItemNoWrap(5).Title,[CR],]$INFO[Container(3650).ListItemNoWrap(5).Year, (,)]$INFO[Container(3650).ListItemNoWrap(6).Title,[CR],]$INFO[Container(3650).ListItemNoWrap(6).Year, (,)]$INFO[Container(3650).ListItemNoWrap(7).Title,[CR],]$INFO[Container(3650).ListItemNoWrap(7).Year, (,)]$INFO[Container(3650).ListItemNoWrap(8).Title,[CR],]$INFO[Container(3650).ListItemNoWrap(8).Year, (,)]$INFO[Container(3650).ListItemNoWrap(9).Title,[CR],]$INFO[Container(3650).ListItemNoWrap(9).Year, (,)]$INFO[Container(3650).ListItemNoWrap(10).Title,[CR],]$INFO[Container(3650).ListItemNoWrap(10).Year, (,)]$INFO[Container(3650).ListItemNoWrap(11).Title,[CR],]$INFO[Container(3650).ListItemNoWrap(11).Year, (,)]$INFO[Container(3650).ListItemNoWrap(12).Title,[CR],]$INFO[Container(3650).ListItemNoWrap(12).Year, (,)]$INFO[Container(3650).ListItemNoWrap(13).Title,[CR],]$INFO[Container(3650).ListItemNoWrap(13).Year, (,)]$INFO[Container(3650).ListItemNoWrap(14).Title,[CR],]$INFO[Container(3650).ListItemNoWrap(14).Year, (,)]$INFO[Container(3650).ListItemNoWrap(15).Title,[CR],]$INFO[Container(3650).ListItemNoWrap(15).Year, (,)]$INFO[Container(3650).ListItemNoWrap(16).Title,[CR],]$INFO[Container(3650).ListItemNoWrap(16).Year, (,)]$INFO[Container(3650).ListItemNoWrap(17).Title,[CR],]$INFO[Container(3650).ListItemNoWrap(17).Year, (,)]$INFO[Container(3650).ListItemNoWrap(18).Title,[CR],]$INFO[Container(3650).ListItemNoWrap(18).Year, (,)]$INFO[Container(3650).ListItemNoWrap(19).Title,[CR],]$INFO[Container(3650).ListItemNoWrap(19).Year, (,)]$INFO[Container(3650).ListItemNoWrap(20).Title,[CR],]$INFO[Container(3650).ListItemNoWrap(20).Year, (,)]$INFO[Container(3650).ListItemNoWrap(21).Title,[CR],]$INFO[Container(3650).ListItemNoWrap(21).Year, (,)]$INFO[Container(3650).ListItemNoWrap(22).Title,[CR],]$INFO[Container(3650).ListItemNoWrap(22).Year, (,)]$INFO[Container(3650).ListItemNoWrap(23).Title,[CR],]$INFO[Container(3650).ListItemNoWrap(23).Year, (,)]$INFO[Container(3650).ListItemNoWrap(24).Title,[CR],]$INFO[Container(3650).ListItemNoWrap(24).Year, (,)]$INFO[Container(3650).ListItemNoWrap(25).Title,[CR],]$INFO[Container(3650).ListItemNoWrap(25).Year, (,)]$INFO[Container(3650).ListItemNoWrap(26).Title,[CR],]$INFO[Container(3650).ListItemNoWrap(26).Year, (,)]$INFO[Container(3650).ListItemNoWrap(27).Title,[CR],]$INFO[Container(3650).ListItemNoWrap(27).Year, (,)]$INFO[Container(3650).ListItemNoWrap(28).Title,[CR],]$INFO[Container(3650).ListItemNoWrap(28).Year, (,)]$INFO[Container(3650).ListItemNoWrap(29).Title,[CR],]$INFO[Container(3650).ListItemNoWrap(29).Year, (,)][B]$INFO[Container(3650).ListItemNoWrap(0).Title,[CR][CR],]$INFO[Container(3650).ListItemNoWrap(0).Year, (,)][/B]$INFO[Container(3650).ListItemNoWrap(0).Plot,[CR],][B]$INFO[Container(3650).ListItemNoWrap(1).Title,[CR][CR],]$INFO[Container(3650).ListItemNoWrap(1).Year, (,)][/B]$INFO[Container(3650).ListItemNoWrap(1).Plot,[CR],][B]$INFO[Container(3650).ListItemNoWrap(2).Title,[CR][CR],]$INFO[Container(3650).ListItemNoWrap(2).Year, (,)][/B]$INFO[Container(3650).ListItemNoWrap(2).Plot,[CR],][B]$INFO[Container(3650).ListItemNoWrap(3).Title,[CR][CR],]$INFO[Container(3650).ListItemNoWrap(3).Year, (,)][/B]$INFO[Container(3650).ListItemNoWrap(3).Plot,[CR],][B]$INFO[Container(3650).ListItemNoWrap(4).Title,[CR][CR],]$INFO[Container(3650).ListItemNoWrap(4).Year, (,)][/B]$INFO[Container(3650).ListItemNoWrap(4).Plot,[CR],][B]$INFO[Container(3650).ListItemNoWrap(5).Title,[CR][CR],]$INFO[Container(3650).ListItemNoWrap(5).Year, (,)][/B]$INFO[Container(3650).ListItemNoWrap(5).Plot,[CR],][B]$INFO[Container(3650).ListItemNoWrap(6).Title,[CR][CR],]$INFO[Container(3650).ListItemNoWrap(6).Year, (,)][/B]$INFO[Container(3650).ListItemNoWrap(6).Plot,[CR],][B]$INFO[Container(3650).ListItemNoWrap(7).Title,[CR][CR],]$INFO[Container(3650).ListItemNoWrap(7).Year, (,)][/B]$INFO[Container(3650).ListItemNoWrap(7).Plot,[CR],][B]$INFO[Container(3650).ListItemNoWrap(8).Title,[CR][CR],]$INFO[Container(3650).ListItemNoWrap(8).Year, (,)][/B]$INFO[Container(3650).ListItemNoWrap(8).Plot,[CR],][B]$INFO[Container(3650).ListItemNoWrap(9).Title,[CR][CR],]$INFO[Container(3650).ListItemNoWrap(9).Year, (,)][/B]$INFO[Container(3650).ListItemNoWrap(9).Plot,[CR],][B]$INFO[Container(3650).ListItemNoWrap(10).Title,[CR][CR],]$INFO[Container(3650).ListItemNoWrap(10).Year, (,)][/B]$INFO[Container(3650).ListItemNoWrap(10).Plot,[CR],][B]$INFO[Container(3650).ListItemNoWrap(11).Title,[CR][CR],]$INFO[Container(3650).ListItemNoWrap(11).Year, (,)][/B]$INFO[Container(3650).ListItemNoWrap(11).Plot,[CR],][B]$INFO[Container(3650).ListItemNoWrap(12).Title,[CR][CR],]$INFO[Container(3650).ListItemNoWrap(12).Year, (,)][/B]$INFO[Container(3650).ListItemNoWrap(12).Plot,[CR],][B]$INFO[Container(3650).ListItemNoWrap(13).Title,[CR][CR],]$INFO[Container(3650).ListItemNoWrap(13).Year, (,)][/B]$INFO[Container(3650).ListItemNoWrap(13).Plot,[CR],][B]$INFO[Container(3650).ListItemNoWrap(14).Title,[CR][CR],]$INFO[Container(3650).ListItemNoWrap(14).Year, (,)][/B]$INFO[Container(3650).ListItemNoWrap(14).Plot,[CR],][B]$INFO[Container(3650).ListItemNoWrap(15).Title,[CR][CR],]$INFO[Container(3650).ListItemNoWrap(15).Year, (,)][/B]$INFO[Container(3650).ListItemNoWrap(15).Plot,[CR],][B]$INFO[Container(3650).ListItemNoWrap(16).Title,[CR][CR],]$INFO[Container(3650).ListItemNoWrap(16).Year, (,)][/B]$INFO[Container(3650).ListItemNoWrap(16).Plot,[CR],][B]$INFO[Container(3650).ListItemNoWrap(17).Title,[CR][CR],]$INFO[Container(3650).ListItemNoWrap(17).Year, (,)][/B]$INFO[Container(3650).ListItemNoWrap(17).Plot,[CR],][B]$INFO[Container(3650).ListItemNoWrap(18).Title,[CR][CR],]$INFO[Container(3650).ListItemNoWrap(18).Year, (,)][/B]$INFO[Container(3650).ListItemNoWrap(18).Plot,[CR],][B]$INFO[Container(3650).ListItemNoWrap(19).Title,[CR][CR],]$INFO[Container(3650).ListItemNoWrap(19).Year, (,)][/B]$INFO[Container(3650).ListItemNoWrap(19).Plot,[CR],][B]$INFO[Container(3650).ListItemNoWrap(20).Title,[CR][CR],]$INFO[Container(3650).ListItemNoWrap(20).Year, (,)][/B]$INFO[Container(3650).ListItemNoWrap(20).Plot,[CR],][B]$INFO[Container(3650).ListItemNoWrap(21).Title,[CR][CR],]$INFO[Container(3650).ListItemNoWrap(21).Year, (,)][/B]$INFO[Container(3650).ListItemNoWrap(21).Plot,[CR],][B]$INFO[Container(3650).ListItemNoWrap(22).Title,[CR][CR],]$INFO[Container(3650).ListItemNoWrap(22).Year, (,)][/B]$INFO[Container(3650).ListItemNoWrap(22).Plot,[CR],][B]$INFO[Container(3650).ListItemNoWrap(23).Title,[CR][CR],]$INFO[Container(3650).ListItemNoWrap(23).Year, (,)][/B]$INFO[Container(3650).ListItemNoWrap(23).Plot,[CR],][B]$INFO[Container(3650).ListItemNoWrap(24).Title,[CR][CR],]$INFO[Container(3650).ListItemNoWrap(24).Year, (,)][/B]$INFO[Container(3650).ListItemNoWrap(24).Plot,[CR],][B]$INFO[Container(3650).ListItemNoWrap(25).Title,[CR][CR],]$INFO[Container(3650).ListItemNoWrap(25).Year, (,)][/B]$INFO[Container(3650).ListItemNoWrap(25).Plot,[CR],][B]$INFO[Container(3650).ListItemNoWrap(26).Title,[CR][CR],]$INFO[Container(3650).ListItemNoWrap(26).Year, (,)][/B]$INFO[Container(3650).ListItemNoWrap(26).Plot,[CR],][B]$INFO[Container(3650).ListItemNoWrap(27).Title,[CR][CR],]$INFO[Container(3650).ListItemNoWrap(27).Year, (,)][/B]$INFO[Container(3650).ListItemNoWrap(27).Plot,[CR],][B]$INFO[Container(3650).ListItemNoWrap(28).Title,[CR][CR],]$INFO[Container(3650).ListItemNoWrap(28).Year, (,)][/B]$INFO[Container(3650).ListItemNoWrap(28).Plot,[CR],][B]$INFO[Container(3650).ListItemNoWrap(29).Title,[CR][CR],]$INFO[Container(3650).ListItemNoWrap(29).Year, (,)][/B]$INFO[Container(3650).ListItemNoWrap(29).Plot,[CR],]</value>
		<value>$INFO[ListItem.Plot]</value>
	</variable>
	<variable name="MovieWidget3Label">
		<value condition="System.AddonIsEnabled(plugin.video.themoviedb.helper)">$LOCALIZE[31543]</value>
		<value>$LOCALIZE[31545]</value>
	</variable>
	<variable name="MovieWidget3Content">
		<value condition="System.AddonIsEnabled(plugin.video.themoviedb.helper)">plugin://plugin.video.themoviedb.helper?info=now_playing&amp;type=movie&amp;nextpage=False</value>
		<value>videodb://movies/titles/?xsp=%7B%22rules%22%3A%7B%22and%22%3A%5B%7B%22field%22%3A%22playcount%22%2C%22operator%22%3A%22is%22%2C%22value%22%3A%220%22%7D%5D%7D%2C%22type%22%3A%22movies%22%7D</value>
	</variable>
	<variable name="MovieWidgetSortby">
		<value condition="System.AddonIsEnabled(plugin.video.themoviedb.helper)">year</value>
		<value>random</value>
	</variable>
	<variable name="MovieWidget4Label">
		<value condition="System.AddonIsEnabled(plugin.video.themoviedb.helper)">$LOCALIZE[31544]</value>
		<value>$LOCALIZE[31546]</value>
	</variable>
	<variable name="MovieWidget4Content">
		<value condition="System.AddonIsEnabled(plugin.video.themoviedb.helper)">plugin://plugin.video.themoviedb.helper?info=upcoming&amp;type=movie&amp;nextpage=False</value>
		<value>videodb://movies/titles/</value>
	</variable>
	<variable name="HomeRandomAlbums">
		<value condition="!Window.IsVisible(1104)">musicdb://albums/</value>
	</variable>
	<variable name="BreadcrumbsVideoVar">
		<value condition="Container.Content(movies) | String.StartsWith(container.folderpath,library://video/movies/) | String.StartsWith(container.folderpath,videodb://movies) | videodb://recentlyaddedmovies/">$LOCALIZE[20342]</value>
		<value condition="Container.Content(musicvideos) | String.StartsWith(container.folderpath,library://video/musicvideos/) | String.StartsWith(container.folderpath,videodb://musicvideos) | String.StartsWith(container.folderpath,videodb://recentlyaddedmusicvideos/)">$LOCALIZE[20389]</value>
		<value condition="Container.Content(tvshows) | String.StartsWith(container.folderpath,library://video/tvshows/) | String.StartsWith(container.folderpath,videodb://tvshows) | String.StartsWith(container.folderpath,videodb://recentlyaddedepisodes/) | String.StartsWith(container.folderpath,videodb://inprogresstvshows)">$LOCALIZE[20343]</value>
		<value condition="Container.Content(seasons)">$LOCALIZE[20343]</value>
		<value condition="Container.Content(episodes)">$LOCALIZE[20343]</value>
		<value>$LOCALIZE[3]</value>
	</variable>
	<variable name="BreadcrumbsPlaylistsVar">
		<value condition="Window.IsActive(videoplaylist)">$LOCALIZE[31510]</value>
		<value condition="Window.IsActive(musicplaylist)">$LOCALIZE[10500]</value>
	</variable>
	<variable name="BreadcrumbsAddonbrowserVar">
		<value condition="String.IsEmpty(Container.Property(RepoName)) + !String.IsEmpty(Container.Property(AddonCategory))">$LOCALIZE[24001]$INFO[Container.Property(AddonCategory), - ][COLOR=grey2]$VAR[SortLetterNotificationVar][/COLOR]</value>
		<value condition="!String.IsEmpty(Container.Property(RepoName)) + !String.IsEmpty(Container.Property(AddonCategory))">$INFO[Container.Property(RepoName)]$INFO[Container.Property(AddonCategory), - ][COLOR=grey2]$VAR[SortLetterNotificationVar][/COLOR]</value>
		<value>$LOCALIZE[24001][COLOR=grey2]$VAR[SortLetterNotificationVar][/COLOR]</value>
	</variable>
	<variable name="BreadcrumbsPVRChannelsVar">
		<value condition="Window.IsActive(TVChannels)">$LOCALIZE[10700]$INFO[Control.GetLabel(29), - ,]</value>
		<value>$LOCALIZE[10705]$INFO[Control.GetLabel(29), - ,]</value>
	</variable>
	<variable name="BreadcrumbsPVRRecordingsVar">
		<value condition="Window.IsActive(TVRecordings)">$LOCALIZE[10701]</value>
		<value>$LOCALIZE[10706]</value>
	</variable>
	<variable name="BreadcrumbsPVRGuideVar">
		<value condition="Window.IsActive(TVGuide)">$LOCALIZE[10702]$INFO[Control.GetLabel(30), - ,]</value>
		<value>$LOCALIZE[10707]$INFO[Control.GetLabel(30), - ,]</value>
	</variable>
	<variable name="BreadcrumbsPVRTimersVar">
		<value condition="Window.IsActive(TVTimers)">$LOCALIZE[10703]</value>
		<value condition="Window.IsActive(TVTimerRules)">$LOCALIZE[10710]</value>
		<value condition="Window.IsActive(RadioTimers)">$LOCALIZE[10708]</value>
		<value>$LOCALIZE[10711]</value>
	</variable>
	<variable name="BreadcrumbsPVRSearchVar">
		<value condition="Window.IsActive(TVSearch)">$LOCALIZE[10704]$INFO[Control.GetLabel(29), - ,]</value>
		<value>$LOCALIZE[10709]$INFO[Control.GetLabel(29), - ,]</value>
	</variable>
	<variable name="BreadcrumbsPVRInfoVar">
		<value condition="Window.IsVisible(pvrguideinfo)">$LOCALIZE[19047]</value>
		<value condition="Window.IsVisible(pvrrecordinginfo)">$LOCALIZE[19053]</value>
		<value>$LOCALIZE[19066]</value>
	</variable>
	<variable name="PVRChannelManagerHeader">
		<value condition="!String.IsEmpty(Window.Property(IsRadio))">$LOCALIZE[19199] - $LOCALIZE[19024]</value>
		<value>$LOCALIZE[19199] - $LOCALIZE[19023]</value>
	</variable>
	<variable name="PVRGroupManagerHeader">
		<value condition="!String.IsEmpty(Window.Property(IsRadio))">$LOCALIZE[19048] - $LOCALIZE[19174]</value>
		<value>$LOCALIZE[19048] - $LOCALIZE[19173]</value>
	</variable>
	<variable name="SortLetterNotificationVar">
		<value condition="!String.IsEmpty(PVR.ChannelNumberInput)">$INFO[PVR.ChannelNumberInput, - ,]</value>
		<value condition="Container.Scrolling + [String.IsEqual(Container.SortMethod,$LOCALIZE[515]) | String.IsEqual(Container.SortMethod,$LOCALIZE[551]) | String.IsEqual(Container.SortMethod,$LOCALIZE[556]) | String.IsEqual(Container.SortMethod,$LOCALIZE[557]) | String.IsEqual(Container.SortMethod,$LOCALIZE[558]) | String.IsEqual(Container.SortMethod,$LOCALIZE[561]) | String.IsEqual(Container.SortMethod,$LOCALIZE[572]) | String.IsEqual(Container.SortMethod,$LOCALIZE[574]) | String.IsEqual(Container.SortMethod,$LOCALIZE[578])] + !String.IsEmpty(Container.ListItem.SortLetter)">$INFO[Container.ListItem.SortLetter, - ,]</value>
		<value condition="Container.Scrolling + [String.IsEqual(Container.SortMethod,$LOCALIZE[515]) | String.IsEqual(Container.SortMethod,$LOCALIZE[551]) | String.IsEqual(Container.SortMethod,$LOCALIZE[556]) | String.IsEqual(Container.SortMethod,$LOCALIZE[557]) | String.IsEqual(Container.SortMethod,$LOCALIZE[558]) | String.IsEqual(Container.SortMethod,$LOCALIZE[561]) | String.IsEqual(Container.SortMethod,$LOCALIZE[572]) | String.IsEqual(Container.SortMethod,$LOCALIZE[574]) | String.IsEqual(Container.SortMethod,$LOCALIZE[578])] + !String.IsEmpty(ListItem.SortLetter)">$INFO[ListItem.SortLetter, - ,]</value>
	</variable>
	<variable name="SortLetterNotificationVar2">
		<value condition="Container.Scrolling + !String.IsEmpty(Container.ListItem.SortLetter)">$INFO[Container.ListItem.SortLetter, - ,]</value>
		<value condition="Container.Scrolling + !String.IsEmpty(ListItem.SortLetter)">$INFO[ListItem.SortLetter, - ,]</value>
	</variable>
	<variable name="MusicPlayingArtistFanartSlideshowVar">
		<value condition="Skin.HasSetting(EnableArtistSlideshow) + System.AddonIsEnabled(script.artistslideshow) + !String.IsEmpty(Window(Visualisation).Property(ArtistSlideshow.ArtworkReady))">$INFO[Window(Visualisation).Property(ArtistSlideshow)]</value>
		<value condition="Skin.HasSetting(EnableArtistSlideshow) + System.AddonIsEnabled(script.artistslideshow) + !String.IsEmpty(Window(Visualisation).Property(ArtistSlideshow.Image))">$INFO[Window(Visualisation).Property(ArtistSlideshow.Image)]</value>
		<value condition="!String.IsEmpty(Player.Art(artist.fanart))">$INFO[Player.Art(artist.fanart)]</value>
		<value>$INFO[Player.Art(fanart)]</value>
	</variable>
	<variable name="AddonLifecycleType">
		<value condition="String.IsEqual(ListItem.AddonLifecycleType,$LOCALIZE[24170])">$LOCALIZE[24049]</value>
		<value condition="String.IsEqual(ListItem.AddonLifecycleType,$LOCALIZE[24171])">$LOCALIZE[24096]</value>
	</variable>
	<variable name="NavigationGrouplistButton1Label">
		<value condition="Window.IsActive(MyPVRChannels.xml)">$LOCALIZE[22020]</value>
		<value>$LOCALIZE[19019]</value>
	</variable>
	<variable name="NavigationGrouplistButton2Label">
		<value condition="Window.IsActive(MyPVRChannels.xml) | Window.IsActive(MyPVRGuide.xml)">$LOCALIZE[19163]</value>
		<value>$LOCALIZE[22020]</value>
	</variable>
	<variable name="NavigationGrouplistButton3Label">
		<value condition="Window.IsActive(MyPVRChannels.xml) | Window.IsActive(MyPVRGuide.xml) | Window.IsActive(MyPVRRecordings.xml)">$LOCALIZE[19138]</value>
		<value>$LOCALIZE[19163]</value>
	</variable>
	<variable name="NavigationGrouplistButton4Label">
		<value condition="Window.IsActive(MyPVRChannels.xml) | Window.IsActive(MyPVRGuide.xml) | Window.IsActive(MyPVRRecordings.xml) | Window.IsVisible(TVTimerRules) | Window.IsVisible(RadioTimerRules)">$LOCALIZE[19040]</value>
		<value>$LOCALIZE[19138]</value>
	</variable>
	<variable name="NavigationGrouplistButton5Label">
		<value condition="Window.IsActive(MyPVRChannels.xml) | Window.IsActive(MyPVRGuide.xml) | Window.IsActive(MyPVRRecordings.xml) | Window.IsActive(MyPVRTimers.xml)">$LOCALIZE[137]</value>
		<value>$LOCALIZE[19040]</value>
	</variable>
	<variable name="NowPlayingLine2Var">
		<value condition="!String.IsEmpty(VideoPlayer.TVShowTitle)">$INFO[VideoPlayer.TVShowTitle]</value>
		<value condition="!String.IsEmpty(VideoPlayer.ChannelName)">$INFO[VideoPlayer.ChannelName]</value>
	</variable>
	<variable name="PVRListItemSubLabel">
		<value condition="$EXP[listitem_has_episode_info] + !String.IsEmpty(ListItem.EpgEventTitle) + !String.StartsWith(ListItem.EpisodeName,ListItem.EpgEventTitle)">$INFO[ListItem.EpgEventTitle] - $INFO[ListItem.Season,,x]$INFO[ListItem.Episode,,. ]$INFO[ListItem.EpisodeName]</value>
		<value condition="$EXP[listitem_has_episode_info]">$INFO[ListItem.Season,,x]$INFO[ListItem.Episode,,. ]$INFO[ListItem.EpisodeName]</value>
		<value condition="!String.IsEmpty(ListItem.EpgEventTitle)">$INFO[ListItem.EpgEventTitle]</value>
		<value>$INFO[ListItem.Label]</value>
	</variable>
	<variable name="PVRVideoPlayerSubLabel">
		<value condition="$EXP[videoplayer_has_episode_info] + !VideoPlayer.Content(Episodes)">$INFO[VideoPlayer.Season,,x]$INFO[VideoPlayer.Episode,,. ]$INFO[VideoPlayer.EpisodeName]</value>
		<value>$INFO[VideoPlayer.Title]</value>
	</variable>
	<variable name="PVRTimerIcon">
		<value condition="ListItem.IsRecording">pvr/PVR-IsRecording.png</value>
		<value condition="ListItem.HasReminder">pvr/bell.png</value>
		<value condition="ListItem.HasTimerSchedule + ListItem.TimerHasError">pvr/PVR-HasTimerScheduleError.png</value>
		<value condition="ListItem.HasTimer + ListItem.TimerHasError">pvr/PVR-HasTimerError.png</value>
		<value condition="ListItem.HasTimerSchedule + ListItem.TimerHasConflict">pvr/PVR-HasTimerScheduleConflict.png</value>
		<value condition="ListItem.HasTimer + ListItem.TimerHasConflict">pvr/PVR-HasTimerConflict.png</value>
		<value condition="ListItem.HasRecording">pvr/PVR-HasRecording.png</value>
		<value condition="ListItem.HasTimerSchedule + !ListItem.TimerIsActive">pvr/PVR-HasTimerScheduleDisabled.png</value>
		<value condition="ListItem.HasTimer + !ListItem.TimerIsActive">pvr/PVR-HasTimerDisabled.png</value>
		<value condition="ListItem.HasTimerSchedule">pvr/PVR-HasTimerSchedule.png</value>
		<value condition="ListItem.HasTimer">pvr/PVR-HasTimer.png</value>
		<value condition="ListItem.IsPlayable">pvr/PVR-HasRecording.png</value>
	</variable>
	<variable name="PVRTitleLabel">
		<value condition="ListItem.IsPremiere + !String.IsEmpty(ListItem.EpisodeName)">$INFO[ListItem.Season]$INFO[ListItem.Episode,x,. ]$INFO[ListItem.EpisodeName] [COLOR=grey2]($LOCALIZE[838])[/COLOR]</value>
		<value condition="ListItem.IsFinale + !String.IsEmpty(ListItem.EpisodeName)">$INFO[ListItem.Season]$INFO[ListItem.Episode,x,. ]$INFO[ListItem.EpisodeName] [COLOR=grey2]($LOCALIZE[849])[/COLOR]</value>
		<value condition="ListItem.IsLive + !String.IsEmpty(ListItem.EpisodeName)">$INFO[ListItem.Season]$INFO[ListItem.Episode,x,. ]$INFO[ListItem.EpisodeName] [COLOR=grey2]($LOCALIZE[839])[/COLOR]</value>
		<value condition="ListItem.IsNew + !String.IsEmpty(ListItem.EpisodeName)">$INFO[ListItem.Season]$INFO[ListItem.Episode,x,. ]$INFO[ListItem.EpisodeName] [COLOR=grey2]($LOCALIZE[842])[/COLOR]</value>
		<value condition="!String.IsEmpty(ListItem.EpisodeName)">$INFO[ListItem.Season]$INFO[ListItem.Episode,x,. ]$INFO[ListItem.EpisodeName]</value>
		<value condition="ListItem.IsPremiere">$INFO[ListItem.Title] [COLOR=grey2]($LOCALIZE[838])[/COLOR]</value>
		<value condition="ListItem.IsFinale">$INFO[ListItem.Title] [COLOR=grey2]($LOCALIZE[849])[/COLOR]</value>
		<value condition="ListItem.IsLive">$INFO[ListItem.Title] [COLOR=grey2]($LOCALIZE[839])[/COLOR]</value>
		<value condition="ListItem.IsNew">$INFO[ListItem.Title] [COLOR=grey2]($LOCALIZE[842])[/COLOR]</value>
		<value>$INFO[ListItem.Title]</value>
	</variable>
	<variable name="PVRChannelsOSDHeader">
		<value condition="PVR.IsPlayingRadio">$LOCALIZE[19023] - $INFO[MusicPlayer.ChannelGroup]</value>
		<value>$LOCALIZE[19023] - $INFO[VideoPlayer.ChannelGroup]</value>
	</variable>
	<variable name="FiveImage">
		<value condition="Skin.HasSetting(BlurFanart) + !String.IsEqual(Window(home).Property(FIVE_daemon_set),None) + !String.IsEmpty(Window(home).Property(ImageFilterFIVE))">$INFO[Window(home).Property(ImageFilterFIVE)]</value>
		<value>$INFO[ListItem.Art(fanart)]</value>
	</variable>
</includes>
