<?xml version="1.0" encoding="UTF-8"?>
<window>
	<defaultcontrol always="true">602</defaultcontrol>
	<onload condition="!Player.PauseEnabled">SetFocus(603)</onload>
	<include>dialogeffect</include>
	<coordinates>
		<system>1</system>
		<left>0</left>
		<top>0</top>
	</coordinates>
	<controls>
		<control type="group">
			<animation effect="fade" start="100" end="0" time="200" condition="Window.IsVisible(AddonSettings) | Window.IsVisible(SelectDialog) | Window.IsVisible(VisualisationPresetList) | Window.IsVisible(DialogPVRChannelGuide.xml) | Window.IsVisible(DialogPVRChannelsOSD.xml) | Window.IsActive(PVRRadioRDSInfo)">Conditional</animation>
			<control type="grouplist" id="100">
				<left>325</left>
				<top>670</top>
				<itemgap>0</itemgap>
				<onleft condition="Control.IsEnabled(703)">703</onleft>
				<onleft condition="!Control.IsEnabled(703)">702</onleft>
				<onright condition="Control.IsVisible(708)">708</onright>
				<onright condition="!Control.IsVisible(708) + Control.IsVisible(709)">709</onright>
				<onright condition="!Control.IsVisible(708) + !Control.IsVisible(709) + Control.IsVisible(710)">710</onright>
				<onright condition="!Control.IsVisible(708) + !Control.IsVisible(709) + !Control.IsVisible(710)">705</onright>
				<orientation>horizontal</orientation>
				<onup>801</onup>
				<ondown>801</ondown>
				<control type="button" id="600">
					<width>45</width>
					<height>45</height>
					<label>210</label>
					<font />
					<texturefocus>osd/OSDPrevTrackFO.png</texturefocus>
					<texturenofocus>osd/OSDPrevTrackNF.png</texturenofocus>
					<onclick>PlayerControl(Previous)</onclick>
					<enable>Player.ChapterCount | MusicPlayer.HasPrevious | [Player.SeekEnabled + MusicPlayer.Content(livetv)]</enable>
					<animation effect="fade" start="100" end="50" time="100" condition="![Player.ChapterCount | MusicPlayer.HasPrevious | [Player.SeekEnabled + MusicPlayer.Content(livetv)]]">Conditional</animation>
				</control>
				<control type="button" id="601">
					<width>45</width>
					<height>45</height>
					<label>31354</label>
					<font />
					<texturefocus>osd/OSDRewindFO.png</texturefocus>
					<texturenofocus>osd/OSDRewindNF.png</texturenofocus>
					<onclick>PlayerControl(Rewind)</onclick>
					<enable>Player.SeekEnabled</enable>
					<animation effect="fade" start="100" end="50" time="100" condition="!Player.SeekEnabled">Conditional</animation>
				</control>
				<control type="togglebutton" id="602">
					<width>45</width>
					<height>45</height>
					<label>31351</label>
					<altlabel>208</altlabel>
					<font />
					<texturefocus>osd/OSDPauseFO.png</texturefocus>
					<texturenofocus>osd/OSDPauseNF.png</texturenofocus>
					<usealttexture>Player.Paused | Player.Forwarding | Player.Rewinding</usealttexture>
					<alttexturefocus>osd/OSDPlayFO.png</alttexturefocus>
					<alttexturenofocus>osd/OSDPlayNF.png</alttexturenofocus>
					<onclick>PlayerControl(Play)</onclick>
					<enable>Player.PauseEnabled</enable>
					<animation effect="fade" start="100" end="50" time="100" condition="!Player.PauseEnabled">Conditional</animation>
				</control>
				<control type="button" id="603">
					<width>45</width>
					<height>45</height>
					<label>31352</label>
					<font />
					<texturefocus>osd/OSDStopFO.png</texturefocus>
					<texturenofocus>osd/OSDStopNF.png</texturenofocus>
					<onclick>PlayerControl(Stop)</onclick>
				</control>
				<control type="button" id="604">
					<width>45</width>
					<height>45</height>
					<label>31353</label>
					<font />
					<texturefocus>osd/OSDForwardFO.png</texturefocus>
					<texturenofocus>osd/OSDForwardNF.png</texturenofocus>
					<onclick>PlayerControl(Forward)</onclick>
					<enable>Player.PauseEnabled</enable>
					<animation effect="fade" start="100" end="50" time="100" condition="!Player.PauseEnabled">Conditional</animation>
				</control>
				<control type="button" id="605">
					<width>45</width>
					<height>45</height>
					<label>209</label>
					<font />
					<texturefocus>osd/OSDNextTrackFO.png</texturefocus>
					<texturenofocus>osd/OSDNextTrackNF.png</texturenofocus>
					<onclick>PlayerControl(Next)</onclick>
					<enable>Player.ChapterCount | MusicPlayer.HasNext | PVR.IsTimeShift</enable>
					<animation effect="fade" start="100" end="50" time="100" condition="![Player.ChapterCount | MusicPlayer.HasNext | PVR.IsTimeShift]">Conditional</animation>
				</control>
				<control type="group" id="609">
					<visible>![MusicPlayer.Content(LiveTV) | MusicPartyMode.Enabled]</visible>
					<width>45</width>
					<control type="button" id="606">
						<width>45</width>
						<height>45</height>
						<label>$LOCALIZE[486]$INFO[Playlist.Repeat, : ]</label>
						<font />
						<texturefocus />
						<texturenofocus />
						<onclick>PlayerControl(Repeat)</onclick>
						<onleft>605</onleft>
						<onright>607</onright>
					</control>
					<control type="image">
						<width>45</width>
						<height>45</height>
						<texture>osd/OSDRepeatNF.png</texture>
						<visible>!Playlist.IsRepeat + !Playlist.IsRepeatOne</visible>
						<visible>!Control.HasFocus(606)</visible>
					</control>
					<control type="image">
						<width>45</width>
						<height>45</height>
						<texture>osd/OSDRepeatFO.png</texture>
						<visible>!Playlist.IsRepeat + !Playlist.IsRepeatOne</visible>
						<visible>Control.HasFocus(606)</visible>
					</control>
					<control type="image">
						<width>45</width>
						<height>45</height>
						<texture>osd/OSDRepeatOneNF.png</texture>
						<visible>Playlist.IsRepeatOne</visible>
						<visible>!Control.HasFocus(606)</visible>
					</control>
					<control type="image">
						<width>45</width>
						<height>45</height>
						<texture>osd/OSDRepeatOneFO.png</texture>
						<visible>Playlist.IsRepeatOne</visible>
						<visible>Control.HasFocus(606)</visible>
					</control>
					<control type="image">
						<width>45</width>
						<height>45</height>
						<texture>osd/OSDRepeatAllNF.png</texture>
						<visible>Playlist.IsRepeat</visible>
						<visible>!Control.HasFocus(606)</visible>
					</control>
					<control type="image">
						<width>45</width>
						<height>45</height>
						<texture>osd/OSDRepeatAllFO.png</texture>
						<visible>Playlist.IsRepeat</visible>
						<visible>Control.HasFocus(606)</visible>
					</control>
				</control>
				<control type="togglebutton" id="607">
					<width>45</width>
					<height>45</height>
					<label>$LOCALIZE[590]$INFO[Playlist.Random, : ]</label>
					<font />
					<texturefocus>osd/OSDRandomOffFO.png</texturefocus>
					<texturenofocus>osd/OSDRandomOffNF.png</texturenofocus>
					<usealttexture>Playlist.IsRandom</usealttexture>
					<alttexturefocus>osd/OSDRandomOnFO.png</alttexturefocus>
					<alttexturenofocus>osd/OSDRandomOnNF.png</alttexturenofocus>
					<onclick>PlayerControl(Random)</onclick>
					<visible>![MusicPlayer.Content(LiveTV) | MusicPartyMode.Enabled]</visible>
				</control>
				<control type="togglebutton" id="608">
					<width>45</width>
					<height>45</height>
					<label>264</label>
					<font />
					<onclick>PVR.ToggleRecordPlayingChannel</onclick>
					<texturefocus>osd/OSDRecordFO.png</texturefocus>
					<texturenofocus>osd/OSDRecordNF.png</texturenofocus>
					<usealttexture>PVR.IsRecordingPlayingChannel | PVR.IsPlayingActiveRecording</usealttexture>
					<alttexturefocus>osd/OSDRecord2FO.png</alttexturefocus>
					<alttexturenofocus>osd/OSDRecord2NF.png</alttexturenofocus>
					<visible>PVR.CanRecordPlayingChannel + MusicPlayer.Content(livetv)</visible>
				</control>
			</control>
			<control type="grouplist">
				<left>985</left>
				<top>670</top>
				<width>270</width>
				<align>right</align>
				<itemgap>0</itemgap>
				<orientation>horizontal</orientation>
				<onleft condition="Control.IsVisible(608)">608</onleft>
				<onleft condition="!Control.IsVisible(608)">607</onleft>
				<onright>600</onright>
				<onup>801</onup>
				<ondown>801</ondown>
				<control type="button" id="708">
					<width>45</width>
					<height>45</height>
					<label>31356</label>
					<font />
					<texturefocus>osd/OSDChannelListFO.png</texturefocus>
					<texturenofocus>osd/OSDChannelListNF.png</texturenofocus>
					<onclick>ActivateWindow(PVROSDChannels)</onclick>
					<visible>MusicPlayer.Content(livetv)</visible>
				</control>
				<control type="button" id="709">
					<width>45</width>
					<height>45</height>
					<label>31356</label>
					<font />
					<texturefocus>osd/OSDepgFO.png</texturefocus>
					<texturenofocus>osd/OSDepgNF.png</texturenofocus>
					<onclick>ActivateWindow(pvrchannelguide)</onclick>
					<visible>MusicPlayer.Content(livetv) + [MusicPlayer.HasEPG | VideoPlayer.HasEPG]</visible>
				</control>
				<control type="button" id="710">
					<width>45</width>
					<height>45</height>
					<label>14304</label>
					<font />
					<texturefocus>osd/OSDRadioRDSFO.png</texturefocus>
					<texturenofocus>osd/OSDRadioRDSNF.png</texturenofocus>
					<onclick>ActivateWindow(PVRRadioRDSInfo)</onclick>
					<visible>MusicPlayer.Content(LiveTV) + RDS.HasRadiotext</visible>
				</control>
				<control type="button" id="705">
					<width>45</width>
					<height>45</height>
					<label>563</label>
					<font/>
					<font />
					<texturefocus>osd/OSDRateFO.png</texturefocus>
					<texturenofocus>osd/OSDRateNF.png</texturenofocus>
					<onclick>setrating</onclick>
				</control>
				<control type="togglebutton" id="701">
					<width>45</width>
					<height>45</height>
					<label>31128</label>
					<font />
					<texturefocus>osd/OSDLyricsFO.png</texturefocus>
					<texturenofocus>osd/OSDLyricsNF.png</texturenofocus>
					<alttexturefocus>osd/OSDLyricsFO.png</alttexturefocus>
					<alttexturenofocus>osd/OSDLyricsNF.png</alttexturenofocus>
					<onclick>Close</onclick>
					<onclick>RunScript($INFO[Skin.String(LyricScript_Path)])</onclick>
					<altclick>Skin.SetAddon(LyricScript_Path,xbmc.python.lyrics)</altclick>
					<altclick>Close</altclick>
					<altclick>RunScript($INFO[Skin.String(LyricScript_Path)])</altclick>
					<usealttexture>String.IsEmpty(Skin.String(LyricScript_Path))</usealttexture>
				</control>
				<control type="button" id="500">
					<width>45</width>
					<height>45</height>
					<label>12006</label>
					<font />
					<texturefocus>osd/OSDVizFO.png</texturefocus>
					<texturenofocus>osd/OSDVizNF.png</texturenofocus>
				</control>
				<control type="button" id="702">
					<width>45</width>
					<height>45</height>
					<label>$LOCALIZE[250] $LOCALIZE[21417]</label>
					<font />
					<texturefocus>osd/OSDPresetSettingsFO.png</texturefocus>
					<texturenofocus>osd/OSDPresetSettingsNF.png</texturenofocus>
					<onclick>Addon.Default.OpenSettings(xbmc.player.musicviz)</onclick>
				</control>
				<control type="button" id="703">
					<width>45</width>
					<height>45</height>
					<label>31048</label>
					<font />
					<texturefocus>osd/OSDPreFO.png</texturefocus>
					<texturenofocus>osd/OSDPreNF.png</texturenofocus>
					<onclick>ActivateWindow(VisualisationPresetList)</onclick>
					<animation effect="fade" start="100" end="50" time="100" condition="!Visualisation.HasPresets">Conditional</animation>
					<enable>Visualisation.HasPresets</enable>
				</control>
			</control>
			<control type="group">
				<left>430</left>
				<top>648</top>
				<control type="slider" id="801">
					<description>Seek Slider</description>
					<width>720</width>
					<height>16</height>
					<texturesliderbar>seekslider.png</texturesliderbar>
					<textureslidernib>slider_nibNF.png</textureslidernib>
					<textureslidernibfocus>slider_nibFO.png</textureslidernibfocus>
					<visible>true</visible>
					<onup>100</onup>
					<ondown>100</ondown>
					<action>seek</action>
					<info>Player.Progress</info>
					<visible>!MusicPlayer.Content(LiveTV)</visible>
				</control>
				<control type="slider" id="801">
					<description>Seek Slider</description>
					<width>720</width>
					<height>16</height>
					<texturesliderbar>seekslider.png</texturesliderbar>
					<textureslidernib>slider_nibNF.png</textureslidernib>
					<textureslidernibfocus>slider_nibFO.png</textureslidernibfocus>
					<visible>true</visible>
					<onup>100</onup>
					<ondown>100</ondown>
					<action>seek</action>
					<info>PVR.EpgEventProgress</info>
					<visible>[MusicPlayer.HasEPG | VideoPlayer.HasEPG] + MusicPlayer.Content(LiveTV)</visible>
				</control>
				<control type="slider" id="801">
					<description>Seek Slider</description>
					<width>720</width>
					<height>16</height>
					<texturesliderbar>seekslider.png</texturesliderbar>
					<textureslidernib>slider_nibNF.png</textureslidernib>
					<textureslidernibfocus>slider_nibFO.png</textureslidernibfocus>
					<visible>true</visible>
					<onup>100</onup>
					<ondown>100</ondown>
					<action>seek</action>
					<info>PVR.TimeshiftProgressPlayPos</info>
					<visible>!MusicPlayer.HasEPG + !VideoPlayer.HasEPG + MusicPlayer.Content(LiveTV)</visible>
				</control>
			</control>
		</control>
	</controls>
 </window>