<?xml version="1.0" encoding="UTF-8"?>
<window>
	<defaultcontrol always="true">22</defaultcontrol>
	<coordinates>
		<system>1</system>
		<left>240</left>
		<top>7.5</top>
	</coordinates>
	<include>dialogeffect</include>
	<controls>
		<control type="group">
			<animation effect="fade" start="100" end="0" time="200" condition="Window.IsActive(SmartPlaylistRule)">Conditional</animation>
			<control type="image">
				<description>background image</description>
				<width>800</width>
				<height>705</height>
				<texture border="50,100,50,50">dialogs/Dialog.png</texture>
			</control>
			<control type="label" id="2">
				<description>heading label</description>
				<left>50</left>
				<top>50</top>
				<width>700</width>
				<height>30</height>
				<align>center</align>
				<aligny>center</aligny>
				<font>font16</font>
				<textcolor>orange</textcolor>
			</control>
			<control type="button" id="22">
				<description>Set Playlist type</description>
				<left>50</left>
				<top>100</top>
				<width>700</width>
				<height>45</height>
				<font>font12</font>
				<label>467</label>
				<texturefocus border="10">buttons/list-focus.png</texturefocus>
				<texturenofocus border="10">buttons/list-nofocus.png</texturenofocus>
				<onright>22</onright>
				<onleft>22</onleft>
				<onup>9001</onup>
				<ondown>12</ondown>
			</control>
			<control type="label">
				<description>Name Label</description>
				<left>60</left>
				<top>150</top>
				<width>380</width>
				<font>font12</font>
				<label>21433</label>
				<textcolor>grey2</textcolor>
			</control>
			<control type="button" id="12">
				<description>Name Button</description>
				<left>50</left>
				<top>180</top>
				<width>700</width>
				<height>45</height>
				<font>font12</font>
				<aligny>center</aligny>
				<texturefocus border="10">buttons/list-focus.png</texturefocus>
				<texturenofocus border="10">buttons/list-nofocus.png</texturenofocus>
				<label />
				<onup>22</onup>
				<onleft>12</onleft>
				<onright>12</onright>
				<ondown>10</ondown>
			</control>
			<control type="label">
				<description>rules label</description>
				<left>60</left>
				<top>230</top>
				<width>680</width>
				<align>left</align>
				<font>font12</font>
				<label>21434</label>
				<textcolor>grey2</textcolor>
			</control>
			<control type="list" id="10">
				<description>Rules List Control</description>
				<left>50</left>
				<top>260</top>
				<width>545</width>
				<height>135</height>
				<onup>12</onup>
				<onleft>9000</onleft>
				<onright>9000</onright>
				<ondown>16</ondown>
				<itemlayout width="545" height="40">
					<control type="image">
						<width>545</width>
						<height>45</height>
						<texture border="10">buttons/list-nofocus.png</texture>
					</control>
					<control type="label">
						<left>10</left>
						<width>535</width>
						<height>45</height>
						<aligny>center</aligny>
						<info>ListItem.Label</info>
						<font>font12</font>
					</control>
				</itemlayout>
				<focusedlayout width="545" height="40">
					<control type="image">
						<width>545</width>
						<height>45</height>
						<texture border="10">buttons/list-focus.png</texture>
						<visible>Control.HasFocus(10)</visible>
					</control>
					<control type="image">
						<width>545</width>
						<height>45</height>
						<texture border="10">buttons/list-nofocus.png</texture>
						<visible>!Control.HasFocus(10)</visible>
					</control>
					<control type="label">
						<left>10</left>
						<width>535</width>
						<height>45</height>
						<aligny>center</aligny>
						<info>ListItem.Label</info>
						<font>font12</font>
					</control>
				</focusedlayout>
			</control>
			<control type="grouplist" id="9000">
				<left>600</left>
				<top>260</top>
				<itemgap>0</itemgap>
				<orientation>vertical</orientation>
				<onup>17</onup>
				<ondown>16</ondown>
				<onleft>10</onleft>
				<onright>10</onright>
				<control type="button" id="13">
					<description>Add Rule Button</description>
					<width>150</width>
					<label>15019</label>
					<include>DialogButton2CommonValues</include>
				</control>
				<control type="button" id="14">
					<description>Remove Rule Button</description>
					<width>150</width>
					<label>1210</label>
					<include>DialogButton2CommonValues</include>
				</control>
				<control type="button" id="15">
					<description>Edit Rule Button</description>
					<width>150</width>
					<label>21435</label>
					<include>DialogButton2CommonValues</include>
				</control>
			</control>

			<control type="button" id="16">
				<left>50</left>
				<top>405</top>
				<width>700</width>
				<height>45</height>
				<label>21424</label>
				<font>font12</font>
				<texturefocus border="10">buttons/list-focus.png</texturefocus>
				<texturenofocus border="10">buttons/list-nofocus.png</texturenofocus>
				<onright>16</onright>
				<onleft>16</onleft>
				<onup>10</onup>
				<ondown>17</ondown>
			</control>

			<control type="button" id="17">
				<left>50</left>
				<top>450</top>
				<width>700</width>
				<height>45</height>
				<label>21427</label>
				<font>font12</font>
				<texturefocus border="10">buttons/list-focus.png</texturefocus>
				<texturenofocus border="10">buttons/list-nofocus.png</texturenofocus>
				<onright>17</onright>
				<onleft>17</onleft>
				<onup>16</onup>
				<ondown>18</ondown>
			</control>

			<control type="button" id="18">
				<left>50</left>
				<top>495</top>
				<width>545</width>
				<height>45</height>
				<label>21429</label>
				<font>font12</font>
				<texturefocus border="10">buttons/list-focus.png</texturefocus>
				<texturenofocus border="10">buttons/list-nofocus.png</texturenofocus>
				<onright>19</onright>
				<onleft>19</onleft>
				<onup>17</onup>
				<ondown>23</ondown>
			</control>

			<control type="button" id="19">
				<left>600</left>
				<top>495</top>
				<width>150</width>
				<height>45</height>
				<font>font12</font>
				<label />
				<align>center</align>
				<texturefocus border="10">buttons/list-focus.png</texturefocus>
				<texturenofocus border="10">buttons/list-nofocus.png</texturenofocus>
				<onright>18</onright>
				<onleft>18</onleft>
				<onup>17</onup>
				<ondown>23</ondown>
			</control>
			
			<control type="button" id="23">
				<left>50</left>
				<top>540</top>
				<width>545</width>
				<height>45</height>
				<font>font12</font>
				<label>21458</label>
				<texturefocus border="10">buttons/list-focus.png</texturefocus>
				<texturenofocus border="10">buttons/list-nofocus.png</texturenofocus>
				<onright>24</onright>
				<onleft>24</onleft>
				<onup>18</onup>
				<ondown>9001</ondown>
			</control>

			<control type="radiobutton" id="24">
				<left>600</left>
				<top>540</top>
				<width>150</width>
				<height>45</height>
				<font>font12</font>
				<align>center</align>
				<texturefocus border="10">buttons/list-focus.png</texturefocus>
				<texturenofocus border="10">buttons/list-nofocus.png</texturenofocus>
				<label>21459</label>
				<onright>18</onright>
				<onleft>23</onleft>
				<onup>18</onup>
				<ondown>9001</ondown>
			</control>
			
			<control type="grouplist" id="9001">
				<left>199</left>
				<top>605</top>
				<width>402</width>
				<align>center</align>
				<itemgap>2</itemgap>
				<orientation>horizontal</orientation>
				<onup>18</onup>
				<ondown>22</ondown>
				<control type="button" id="20">
					<description>Ok Button</description>
					<label>186</label>
					<include>DialogButton2CommonValues</include>
				</control>
				<control type="button" id="21">
					<description>Cancel Button</description>
					<label>222</label>
					<include>DialogButton2CommonValues</include>
				</control>
			</control>
		</control>
	</controls>
</window>