<?xml version="1.0" encoding="UTF-8"?>
<addon id="skin.horizonzv" name="Horizonz V" version="1.20.0.4" provider-name="blauesgruen">
	<requires>
		<import addon="xbmc.gui" version="5.16.0"/>
		<import addon="script.image.resource.select" version="3.0.2"/>
		<import addon="resource.images.languageflags.colour" version="0.0.4"/>
		<import addon="resource.images.weathericons.outline-hd" version="0.0.3"/>
		<import addon="service.library.data.provider" version="0.0.4"/>
		<import addon="xbmc.python" version="3.0.1"/> <!-- wichtig für kodinerdsrepo -->
	</requires>
	<extension point="xbmc.gui.skin" debugging="false" effectslowdown="0.55">
		<res width="1920" height="1080" aspect="16:9" default="true" folder="xml" />
	</extension>
	<extension point="xbmc.addon.metadata">
		<platform>all</platform>
		<summary>Skin von blauesgruen</summary>
		<description>Unterstütze Addons:[CR]Auto Completition[CR]Artist Slide Show[CR]Artwork Beef[CR]CDArt Manager[CR]Extended Info Script[CR]Global Search[CR]Fritz Smart Home (by Birger Jesch)[CR]German Telecast Offers (by Birger Jesch)[CR]KN Switchtimer Service (by Birger Jesch)[CR]Library Node Editor[CR]Skinhelper Ping (by _Andy_)[CR].[CR].[CR].</description>
		<disclaimer>Ursprünglich basierte der Skin auf den Mockups von xb2iris Skin "Horizonz".</disclaimer>
		<language>de</language>
		<platform>all</platform>
		<license>CC BY-SA 4.0, GNU GENERAL PUBLIC LICENSE Version 2.0</license>
        <email></email>
		<forum>http://kodinerds.net/</forum>
		<source>https://github.com/kodinerds/repo/tree/master/skin.horizonz</source>
			<assets>
			   <icon>resources/icon.png</icon>
			   <fanart>resources/fanart.jpg</fanart>
			   <screenshot>resources/screenshot-01.jpg</screenshot>
			   <screenshot>resources/screenshot-02.jpg</screenshot>
			   <screenshot>resources/screenshot-03.jpg</screenshot>
			   <screenshot>resources/screenshot-04.jpg</screenshot>
			   <screenshot>resources/screenshot-05.jpg</screenshot>
			   <screenshot>resources/screenshot-06.jpg</screenshot>
			   <screenshot>resources/screenshot-07.jpg</screenshot>
			   <screenshot>resources/screenshot-08.jpg</screenshot>
		   </assets>
	</extension>
</addon>