<?xml version="1.0" encoding="UTF-8" standalone="yes"?>
<addon id="resource.images.recordlabels.white" name="Recordlabel Icons - White" version="0.0.8" provider-name="Team Kodi">
	<extension point="kodi.resource.images" compile="true" type="recordlabels" />
	<requires>
		<import addon="kodi.resource" version="1.0.0"/>
	</requires>
	<extension point="xbmc.addon.metadata">
		<summary lang="en">White Recordlabel Icons</summary>
		<description lang="en">White Recordlabel Icons</description>
		<platform>all</platform>
		<assets>
			<icon>icon.png</icon>
		</assets>
		<news>[B]v0.0.8[/B] - Release date: October 12, 2022[CR]
[B]ADDITIONS[/B]
• I added GRP Records.
		</news>
		<license>Creative Commons Attribution-Share Alike 3.0 United States</license>
	</extension>
</addon>
