<?xml version="1.0" encoding="UTF-8"?>
<addon id="skin.bello.8" version="8.0.1" name="Bello 8" provider-name="Nessus">
  <requires>
		<import addon="xbmc.gui" version="5.15.0"/>
		<import addon="script.skinshortcuts" version="1.0.17"/>
		<import addon="plugin.video.themoviedb.helper" version="2.0.18"/>
		<import addon="script.embuary.helper" version="1.4.5"/>
		<import addon="resource.images.languageflags.colour" version="0.0.4"/>
		<import addon="resource.images.weathericons.outline" version="0.0.6"/>
	</requires>
	<extension point="xbmc.gui.skin" effectslowdown="0.75" debugging="false">
		<res width="1280" height="720" aspect="16:9" default="true" folder="720p" />
	</extension>
  <extension point="xbmc.addon.metadata">
    <summary lang="af">'n GUI vir Kodi Media Sentrum</summary>
    <summary lang="ar">واجهة رسومية لمركز الوسائط Kodi</summary>
    <summary lang="bg">Потребителски интерфейс за Kodi</summary>
    <summary lang="ca">Una interfície gràfica per a l'Kodi</summary>
    <summary lang="da">En GUI til Kodi Media Center</summary>
    <summary lang="de">Ein GUI für das Kodi Media Center</summary>
    <summary lang="el">Ένα Γραφικό Περιβάλλον για το Κέντρο Πολυμέσων Kodi</summary>
    <summary lang="en">A GUI for Kodi Media Center</summary>
    <summary lang="en_AU">A GUI for Kodi Media Centre</summary>
    <summary lang="en_NZ">A GUI for Kodi Media Centre</summary>
    <summary lang="en_US">A GUI for Kodi Media Center</summary>
    <summary lang="es">Una interfaz gráfica para Kodi</summary>
    <summary lang="fr">Un thème pour Kodi Media Center</summary>
    <summary lang="fr_CA">Une IUG pour le centre multimédia Kodi </summary>
    <summary lang="gl">Un GUI para Centro de Medios Kodi</summary>
    <summary lang="he">ממשק משתמש עבור Kodi מדיה סנטר</summary>
    <summary lang="hu">Felszín az  Kodi Média centerhez</summary>
    <summary lang="it">Un Interfaccia per Kodi Media Center</summary>
    <summary lang="ja">Kodi メディアセンター用 GUI</summary>
    <summary lang="ko">Kodi Media Center를 위한 그래픽 사용자 인터페이스</summary>
    <summary lang="lt">Kodi media centro GUI</summary>
    <summary lang="ms">GUI untuk Pusat Media Kodi</summary>
    <summary lang="nl">Een gebruikersinterface voor Kodi Media Center </summary>
    <summary lang="pl">Interfejs użytkownika dla Kodi Media Center</summary>
    <summary lang="pt">Uma Interface para o Centro de Média Kodi</summary>
    <summary lang="pt_BR">Uma interface gráfica para o Kodi Media Center</summary>
    <summary lang="ru">Обложка для Kodi</summary>
    <summary lang="sl">Uporabniški vmesnik za medijsko središče Kodi</summary>
    <summary lang="sv">Ett grafiskt användargränssnitt för Kodi</summary>
    <summary lang="th">ส่วนติดต่อผู้ใช้ สำหรับศูนย์รวมสื่อ Kodi</summary>
    <summary lang="tr">Kodi Media Center İçin Arayüz</summary>
    <summary lang="zh">Kodi媒体中心的一个图形用户界面</summary>
    <summary lang="zh_TW">一個 Kodi 多媒體中心的圖形介面</summary>
    <description lang="el_GR">Αυτή ειναι η 8η έκδοση του Bello για το Κέντρο Πολυμέσων Kodi. Στόχος του Bello 8 είναι να μεγιστοποιήσει την ψυχαγωγική σας εμπειρία μέσω του ΝΕΟΥ γρήγορου, κομψού, μοναδικού και ενοποιημένου περιβάλλοντός του, παρέχοντας στους χρήστες ένα υψηλό επίπεδο προσαρμογής και πολλά νεα χαρακτηριστικά και λειτουργίες!.</description>
    <description lang="en">This is the 8th generation of Bello skin for Kodi. Bello 8 is aiming to maximize your Kodi entertainment experience with its NEW Unique, Clean and Elegant interface while providing users a highly customization level and lots of cool features!</description>
    <description lang="en_AU">This is the 8th generation of Bello skin for Kodi. Bello 8 is aiming to maximize your Kodi entertainment experience with its NEW Unique, Clean and Elegant interface while providing users a highly customization level and lots of cool features!</description>
    <description lang="en_NZ">This is the 8th generation of Bello skin for Kodi. Bello 8 is aiming to maximize your Kodi entertainment experience with its NEW Unique, Clean and Elegant interface while providing users a highly customization level and lots of cool features!</description>
    <description lang="en_US">This is the 8th generation of Bello skin for Kodi. Bello 8 is aiming to maximize your Kodi entertainment experience with its NEW Unique, Clean and Elegant interface while providing users a highly customization level and lots of cool features!</description>
    <disclaimer lang="el_GR">Ποντίκι, Παιχνιδια και οθόνες αφης δεν υποστηρίζονται. Με την εγκατάσταση αυτού του γραφικού περιβάλλοντος συμφωνείτε ότι δεν το χρησιμοποιείτε με οποιονδήποτε τρόπο για εμπορικούς σκοπούς χωρίς την προηγούμενη συγκατάθεσή μου. Δεν έχω καμμία σχέση με κανένα προσαρμοσμένο λογισμικό Kodi (Build) και δεν θα παρέχω καμία υποστήριξη σε απαγορευμένα ή παράνομα πρόσθετα τρίτων.</disclaimer>
    <disclaimer lang="en">Mouse, Games and touchscreen use are not supported. With the installation of this skin you agree that you don't use it in any way for comercial purposes without my prior consentse. I'm not associated with any available Kodi build and i won't give any support to blacklisted, banned or illegal third party addons.</disclaimer>
    <disclaimer lang="en_AU">Mouse, Games and touchscreen use are not supported. With the installation of this skin you agree that you don't use it in any way for comercial purposes without my prior consentse. I'm not associated with any available Kodi build and i won't give any support to blacklisted, banned or illegal third party addons.</disclaimer>
    <disclaimer lang="en_NZ">Mouse, Games and touchscreen use are not supported. With the installation of this skin you agree that you don't use it in any way for comercial purposes without my prior consentse. I'm not associated with any available Kodi build and i won't give any support to blacklisted, banned or illegal third party addons.</disclaimer>
    <disclaimer lang="en_US">Mouse, Games and touchscreen use are not supported. With the installation of this skin you agree that you don't use it in any way for comercial purposes without my prior consentse. I'm not associated with any available Kodi build and i won't give any support to blacklisted, banned or illegal third party addons.</disclaimer>
    <platform>all</platform>
    <license>Creative Commons Attribution-NonCommercial-Share Alike 4.0 International License</license>
    <forum>https://forum.kodi.tv/forumdisplay.php?fid=198</forum>
    <email>nessus85100 at hotmail dot com</email>
    <source>https://github.com/Nessus85100/skin.bello.8</source>
    <news>For a full list of changes visit https://github.com/Nessus85100/skin.bello.8/commits/master</news>
		<assets>
			<icon>resources/icon.png</icon>
			<fanart>resources/fanart.jpg</fanart>
			<screenshot>resources/screenshot-01.jpg</screenshot>
			<screenshot>resources/screenshot-02.jpg</screenshot>
			<screenshot>resources/screenshot-03.jpg</screenshot>
			<screenshot>resources/screenshot-04.jpg</screenshot>
			<screenshot>resources/screenshot-05.jpg</screenshot>
			<screenshot>resources/screenshot-06.jpg</screenshot>
			<screenshot>resources/screenshot-07.jpg</screenshot>
			<screenshot>resources/screenshot-08.jpg</screenshot>
			<screenshot>resources/screenshot-09.jpg</screenshot>
			<screenshot>resources/screenshot-10.jpg</screenshot>
		</assets>
  </extension>
</addon>
