<?xml version="1.0" encoding="UTF-8" standalone="yes"?>
<addon id="script.moviesetart" name="Movie Set Artwork Automator" version="0.3.0" provider-name="Trent Fitzgibbon">
  <requires>
    <import addon="xbmc.python" version="3.0.0" />
  </requires>
  <extension point="xbmc.python.script" library="default.py">
  </extension> 
  <extension point="xbmc.addon.metadata">
    <language>en_GB</language>
    <platform>all</platform>
    <license>GPL-2.0</license>
    <summary>Movie Set Artwork Automator 2</summary>
    <description>This addon will automatically set artwork for all movie sets in your library.

The addon can search for common parent folders of movies within a set or you can specify a single artwork folder containing artwork for all your movie sets (eg &lt;set name&gt;-poster.jpg).</description>
  </extension>
</addon>