<?xml version="1.0" encoding="UTF-8"?>
<includes>
	<include name="VideoCodecFlaggingConditions">
		<control type="image">
			<description>Video rez Image</description>
			<width>70</width>
			<height>45</height>
			<aspectratio align="right">keep</aspectratio>
			<texture>$INFO[ListItem.VideoResolution,flagging/video/,.png]</texture>
		</control>
		<control type="image">
			<description>Codec Image</description>
			<width>70</width>
			<height>45</height>
			<aspectratio align="left">keep</aspectratio>
			<texture>$VAR[videocodec,flagging/video/,.png]</texture>
		</control>
	</include>
	<include name="VideoHDRFlaggingConditions">
		<control type="image">
			<!-- HDR type -->
			<include>FlagImage</include>
			<width>70</width>
			<height>45</height>
			<texture>$INFO[ListItem.HDRType,flags/hdr/,.png]</texture>
			<visible>!String.IsEmpty(ListItem.HDRType)</visible>
		</control>
		<control type="image">
		   <include>FlagSeparator</include>
		   <visible>!String.IsEmpty(ListItem.HDRType)</visible>
		</control>
	</include>
	<include name="VideoStereoscopicsFlaggingConditions">
		<control type="image">
			<description>Video stereoscopics flagging image</description>
			<width>70</width>
			<height>45</height>
			<aspectratio align="right">keep</aspectratio>
			<texture>flagging/video/3D.png</texture>
			<visible>ListItem.IsStereoscopic</visible>
		</control>
	</include>
	<include name="VideoTypeHackFlaggingConditions">
		<control type="image">
			<description>Video Type Image</description>
			<width>70</width>
			<height>45</height>
			<aspectratio align="left">keep</aspectratio>
			<texture>$VAR[typehackflagging,flagging/video/,.png]</texture>
			<visible>!Skin.HasSetting(HideFilenameFlagging)</visible>
		</control>
	</include>
	<include name="VideoMPAAFlaggingConditions">
		<control type="image">
			<description>Rating image</description>
			<width>70</width>
			<height>45</height>
			<aspectratio>keep</aspectratio>
			<texture>$VAR[rating,flagging/ratings/,.png]</texture>
		</control>
	</include>
	<include name="AudioCodecFlaggingConditions">
		<control type="image">
			<description>Audio Codec Image</description>
			<width>70</width>
			<height>45</height>
			<aspectratio align="right">keep</aspectratio>
			<texture>$VAR[audiocodec,flagging/audio/,.png]</texture>
		</control>
	</include>
	<include name="AudioChannelsFlaggingConditions">
		<control type="image">
			<description>Audio Codec Image</description>
			<width>70</width>
			<height>45</height>
			<aspectratio align="left">keep</aspectratio>
			<texture>$INFO[ListItem.AudioChannels,flagging/audio/,.png]</texture>
		</control>
	</include>
	<include name="AspectCodecFlaggingConditions">
		<control type="image">
			<description>Aspectratio Image</description>
			<width>70</width>
			<height>45</height>
			<aspectratio align="right">keep</aspectratio>
			<texture>$INFO[ListItem.VideoAspect,flagging/aspectratio/,.png]</texture>
		</control>
	</include>
</includes>
