<?xml version="1.0" encoding="UTF-8"?>
<window>
	<defaultcontrol always="true">50</defaultcontrol>
	<onload condition="String.IsEmpty(Window(Home).Property(MenuItemActive))">SetProperty(MenuItemActive,addons,Home)</onload>
	<onload condition="String.IsEmpty(Window(Home).Property(MenuBackground))">SetProperty(MenuBackground,special://skin/extras/backgrounds/addons.jpg,Home)</onload>
	<menucontrol>9000</menucontrol>
	<onload condition="!Skin.HasSetting(FirstTimeRun)">ActivateWindow(1112)</onload>
	<views>50,51,500,550,551</views>
	<controls>
		<include>CommonCustomBackground</include>
		<include>CommonBackground</include>
		<include>ContentPanelBackgrounds</include>
		<control type="group">
			<include>Window_OpenClose_Animation</include>
			<include>CommonRootView</include>
			<include>FullWidthList</include>
			<include>ThumbnailView</include>
			<include>AddonInfoListView1</include>
			<include>AddonInfoThumbView1</include>
		</control>
		<control type="group">
			<depth>DepthFooter</depth>
			<include>CommonPageCount</include>
			<include>CommonNowPlaying</include>
		</control>
		<include>MainWindowMouseButtons</include>
		<include>BehindDialogFadeOut</include>
		<include>ScrollOffsetLabel</include>
		<include content="CommonWindowHeader">
			<param name="Icon" value="icon_addons" />
			<param name="Label" value="$LOCALIZE[0]" />
		</include>
		<control type="group">
			<left>-250</left>
			<include>SideBladeLeft</include>
			<control type="grouplist" id="9000">
				<left>0</left>
				<top>110</top>
				<width>250</width>
				<height>600</height>
				<onleft>9000</onleft>
				<onright>50</onright>
				<onup>9000</onup>
				<ondown>9000</ondown>
				<onback>50</onback>
				<itemgap>0</itemgap>
				<control type="label" id="200">
					<width>250</width>
					<height>35</height>
					<font>font12</font>
					<label>31006</label>
					<textcolor>blue</textcolor>
					<align>center</align>
					<aligny>center</aligny>
				</control>
				<control type="button" id="2">
					<description>View As button</description>
					<textwidth>235</textwidth>
					<include>ButtonCommonValues</include>
					<label/>
				</control>
				<control type="button" id="3">
					<description>Sort by button</description>
					<include>ButtonCommonValues</include>
					<label>103</label>
				</control>
				<control type="togglebutton" id="4">
					<description>Sort asc</description>
					<include>ButtonCommonValues</include>
					<alttexturefocus border="5">button-focus.png</alttexturefocus>
					<alttexturenofocus/>
					<label>31051</label>
					<altlabel>31050</altlabel>
					<usealttexture>Container.SortDirection(Ascending)</usealttexture>
				</control>
				<control type="edit" id="19">
					<visible>Container.CanFilter + !Container.CanFilterAdvanced</visible>
					<description>Filter</description>
					<textwidth>230</textwidth>
					<include>ButtonCommonValues</include>
					<label>587</label>
				</control>
				<control type="radiobutton" id="20">
					<visible>Container.CanFilterAdvanced</visible>
					<description>Filter</description>
					<include>ButtonCommonValues</include>
					<label>587</label>
					<onclick>right</onclick>
					<onclick>Filter</onclick>
				</control>
				<control type="label" id="203">
					<width>250</width>
					<height>35</height>
					<font>font12</font>
					<label>31039</label>
					<textcolor>blue</textcolor>
					<align>center</align>
					<aligny>center</aligny>
					<visible>Container.Content(addons)</visible>
				</control>
				<control type="button" id="204">
					<description>Get more</description>
					<textwidth>235</textwidth>
					<include>ButtonCommonValues</include>
					<label>21452</label>
					<onclick>ActivateWindow(addonbrowser,addons://more/executable/,return)</onclick>
					<visible>Container.Content(addons)</visible>
				</control>
				<include>CommonNowPlaying_Controls</include>
			</control>
		</control>
	</controls>
</window>
