<?xml version="1.0" encoding="UTF-8"?>
<addon id="skin.slamlite19" version="1.0.0" name="Slam Lite 20" provider-name="Slamious, Jezz_X, Team Kodi,SKINBASE">
	<requires>
		<import addon="xbmc.gui" version="5.15.0"/>
	</requires>
	<extension point="xbmc.gui.skin" debugging="false" effectslowdown="1.0">
		<res width="1280" height="720" aspect="16:9" default="true" folder="720p" />
	</extension>
	<extension point="xbmc.addon.metadata">
		<summary lang="en_GB">Confluence skin by Jezz_X.</summary>
		<description lang="en_GB">Confluence is a combination of concepts from many popular skins, and attempts to embrace and integrate their good ideas into a skin that should be easy for first time Kodi users to understand and use.</description>
		<platform>all</platform>
		<license>GNU General Public License version 2</license>
		<forum></forum>
		<source></source>
		<assets>
			<icon>resources/icon.png</icon>
			<fanart>resources/fanart.jpg</fanart>
		</assets>
		<news>Kodi 19 Release</news>
	</extension>
</addon>
