<?xml version="1.0" encoding="UTF-8"?>
<addon id="skin.confluence.1080.18" version="4.1.0" name="Confluence 1080" provider-name="OpenELEQ, original work by Jezz_X &amp; Team Kodi">
  <requires>
    <import addon="xbmc.gui" version="5.15.0"/>
  </requires>
  <extension point="xbmc.gui.skin" defaultthemename="Textures.xbt" debugging="false" effectslowdown="1.0">
    <res width="1920" height="1080" aspect="16:9" default="true" folder="xml" />
  </extension>
  <extension point="xbmc.addon.metadata">
   
    <summary lang="de_DE">Confluence 1080 Skin von [COLOR FF8ABEE2]Open[/COLOR][COLOR FF757677]ELEQ[/COLOR].</summary>
    
    <summary lang="en_AU">Confluence 1080 skin by [COLOR FF8ABEE2]Open[/COLOR][COLOR FF757677]ELEQ[/COLOR].</summary>
    <summary lang="en_GB">Confluence 1080 skin by [COLOR FF8ABEE2]Open[/COLOR][COLOR FF757677]ELEQ[/COLOR].</summary>
    <summary lang="en_NZ">Confluence 1080 skin by [COLOR FF8ABEE2]Open[/COLOR][COLOR FF757677]ELEQ[/COLOR].</summary>
    <summary lang="en_US">Confluence 1080 skin by [COLOR FF8ABEE2]Open[/COLOR][COLOR FF757677]ELEQ[/COLOR].</summary>
   
   <description lang="da_DK">Det er en kombination af koncepter fra mange populære skins, og det forsøger at omfavne og integrere de gode ideer i et skin, der er let for førstegangsbrugere af Kodi at forstå og bruge.</description>
    <description lang="de_DE">Er ist eine Kombination mehrerer unterschiedlicher Skin-Konzepte und versucht dabei, die besten Ideen zu kombinieren, um einen einfachen Einstieg für neue Kodi-Nutzer zu ermöglichen.</description>
    <description lang="el_GR">Είναι ένας συνδυασμός από πολλές δημοφιλής αμφιέσεις, και επιχειρεί να παρέχει τις καλύτερες ιδέες τους σε μία αμφίεση, το οποίο είναι εύκολο για τους αρχάριους χρήστες του Kodi να κατανοήσουν και να χρησιμοποιήσουν.</description>
    <description lang="en_AU">It is a combination of concepts from many popular skins, and attempts to embrace and integrate their good ideas into a skin that should be easy for first time Kodi users to understand and use.</description>
    <description lang="en_GB">Confluence 1080 is a combination of concepts from many popular skins, and attempts to embrace and integrate their good ideas into a skin that should be easy for first time Kodi users to understand and use.</description>
    <description lang="en_NZ">It is a combination of concepts from many popular skins, and attempts to embrace and integrate their good ideas into a skin that should be easy for first time Kodi users to understand and use.</description>
    <description lang="en_US">It is a combination of concepts from many popular skins, and attempts to embrace and integrate their good ideas into a skin that should be easy for first time Kodi users to understand and use.</description>
   
    <platform>all</platform>
    <license>GNU General Public License version 2</license>
    <forum>https://forum.kodi.tv/showthread.php?tid=314062</forum>
    <website>https://github.com/OpenELEQ/repository.q/</website>
    <email>OpenELEQ@gmail.com</email>
    <source>https://github.com/OpenELEQ/repository.q/tree/master/krypton/skin.confluence.1080/</source>
    <!--<video_guide>yt-id</video_guide>-->
    <video_preview>BxyKxrZQ9xc</video_preview>
    <assets>
      <icon>resources/icon.png</icon>
      <fanart>resources/fanart.jpg</fanart>
      <screenshot>resources/screenshot-01.jpg</screenshot>
      <screenshot>resources/screenshot-02.jpg</screenshot>
      <screenshot>resources/screenshot-03.jpg</screenshot>
      <screenshot>resources/screenshot-04.jpg</screenshot>
      <screenshot>resources/screenshot-05.jpg</screenshot>
    </assets>
	 <size>15279144</size>
    <news>Added Skin.ToggleDebug-button / Changed xml-location / Changed news-section in addon-info from fadelabel to textbox / Fixed appearance of scrollbars / Fixed LeftRating (0 &amp; 1) / Tweaked positioning of home-pushbuttons and rss / Updated Textures.xbt</news>
  </extension>
 
</addon>
