<?xml version="1.0" encoding="UTF-8" standalone="yes"?>
<addon id="skin.tetradui" version="2.0.0" name="TetradUI" provider-name="Jezz_X, TeamUI">
  <requires>
    <import addon="xbmc.gui" version="5.15.00" />
	<import addon="script.embuary.helper" version="2.0.2"/>
  </requires>
  <extension point="xbmc.gui.skin" defaultthemename="textures.xbt" debugging="false" effectslowdown="1.0">
    <res width="1280" height="720" aspect="16:9" default="true" folder="xml" />
  </extension>
  <extension point="xbmc.addon.metadata">
    <platform>all</platform>
    <license>Creative Commons Attribution-Share Alike 3.0 United States</license>
    <forum>https://forum.kodi.tv/forumdisplay.php?fid=318</forum>
    <website>https://kodi.wiki/view/Add-on:TetradUI</website>
    <source>https://github.com/gade01/skin.tetradui</source>
    <assets>
      <icon>resources/icon.png</icon>
      <fanart>resources/fanart.jpg</fanart>
      <clearlogo>resources/clearlogo.png</clearlogo>
      <screenshot>resources/screenshot-01.png</screenshot>
      <screenshot>resources/screenshot-02.png</screenshot>
      <screenshot>resources/screenshot-03.png</screenshot>
      <screenshot>resources/screenshot-04.png</screenshot>
      <screenshot>resources/screenshot-05.png</screenshot>
      <screenshot>resources/screenshot-06.png</screenshot>
      <screenshot>resources/screenshot-07.png</screenshot>
      <screenshot>resources/screenshot-08.png</screenshot>
      <screenshot>resources/screenshot-09.png</screenshot>
      <screenshot>resources/screenshot-10.png</screenshot>
    </assets>
    <news>[B]2.0.0[/B][CR]- Add show/hide password to keyboard dialog[CR]- Use infill=false on transparent textures[CR]- Add Player.Cuts to video OSD[CR]- Add Favourites browser support[CR]- Add support for Dolby Vision, HDR10 and HLG codec flagging[CR]- Update screen calibration window[CR]- Update home submenu icons[CR]- Add support for color button[CR]- Add color picker dialog[CR]- Add game controllers port dialog[CR]- Add support for RetroPlayer savestate manager[CR]- Add scene markers to video OSD[CR]- PVR channel manager dialog will fade inactive channels</news>
    <summary lang="da_DK">TetradUI er et skin til Kodi mediecenter</summary>
    <summary lang="en_GB">TetradUI is a skin add-on for Kodi media center</summary>
    <summary lang="es_ES">TetradUI es un Add-on de skin para el centro multimedia Kodi</summary>
    <summary lang="it_IT">TetradUI è un add-on della skin per Kodi media center</summary>
    <description lang="da_DK">TetradUI er et skin til Kodi mediecenter. Målet med TetradUI er at skabe en frisk moderne hyldest af den klassiske blad-stil brugerflade, der findes i det originale Xbox360-dashboard. Ses også i værkerne af Team Blackbolt og Jezz_X med henholdsvis projekterne MC360 og JX720. TetradUI er baseret på JX720 af Jezz_X.[CR]Dette add-on blev udviklet af Jezz_X og TeamUI.</description>
    <description lang="en_GB">TetradUI is a skin add-on for Kodi media center. The aim with TetradUI is to create a fresh modern homage of the classic blades-style UI found in the original Xbox360 dashboard. Also seen in the works of Team Blackbolt and Jezz_X with projects MC360 and JX720 respectively. TetradUI is based on JX720 by Jezz_X.[CR]This add-on was created by Jezz_X and TeamUI.</description>
    <description lang="es_ES">TetradUI es un Add-on de skin para Kodi. El objetivo de TetradUI es crear un homenaje fresco y moderno de las IU clásicas encontradas en el panel original de Xbox360. También vistas en los trabajos de Team Blackbolt y Jezz_X con los proyectos MC360 y JX720 respectivamente. TetradUI esta basado en JX720 de Jezz_X.[CR] Este add-on fué creado por Jezz_X y TeamUI.</description>
    <description lang="it_IT">TetradUI è un add-on della skin per Kodi media center. L&apos;obiettivo con TetradUI è creare un omaggio moderno e fresco della classica interfaccia utente in stile blade che si trova nella dashboard originale di Xbox360. Visto anche nei lavori del Team Blackbolt e Jezz_X rispettivamente con i progetti MC360 e JX720. TetradUI è basato su JX720 di Jezz_X.[CR]Questo componente aggiuntivo è stato creato da Jezz_X e TeamUI.</description>
  </extension>
</addon>