<?xml version="1.0" encoding="UTF-8"?>
<includes>
	<include name="VideoCodecFlaggingConditions">
		<control type="image">
			<description>Video rez Image</description>
			<width>65</width>
			<height>45</height>
			<aspectratio align="right">keep</aspectratio>
			<texture>$INFO[ListItem.VideoResolution,flagging/video/,.png]</texture>
			<include condition="!Skin.HasSetting(NoFlaggingBorder)">FlaggingDimensionBorder</include>
			<include condition="Skin.HasSetting(NoFlaggingBorder)">FlaggingDimensionWithoutBorder</include>
		</control>
		<control type="image">
			<description>Codec Image</description>
			<width>65</width>
			<height>45</height>
			<aspectratio align="left">keep</aspectratio>
			<texture>$VAR[videocodec,flagging/video/,.png]</texture>
			<include condition="!Skin.HasSetting(NoFlaggingBorder)">FlaggingDimensionBorder</include>
			<include condition="Skin.HasSetting(NoFlaggingBorder)">FlaggingDimensionWithoutBorder</include>
		</control>
	</include>
	<include name="CountryConditions">
		<control type="image">
			<width>65</width>
			<height>45</height>
			<aspectratio align="right">keep</aspectratio>
			<texture>$INFO[ListItem.Property(AudioLanguage.1),flaggs/countries/,.png]</texture>
			<include condition="!Skin.HasSetting(NoFlaggingBorder)">FlaggingDimensionBorder</include>
			<include condition="Skin.HasSetting(NoFlaggingBorder)">FlaggingDimensionWithoutBorder</include>
		</control>
		<control type="image">
			<width>65</width>
			<height>45</height>
			<aspectratio align="left">keep</aspectratio>
			<texture>$INFO[ListItem.Property(AudioLanguage.2),flaggs/countries/,.png]</texture>
			<include condition="!Skin.HasSetting(NoFlaggingBorder)">FlaggingDimensionBorder</include>
			<include condition="Skin.HasSetting(NoFlaggingBorder)">FlaggingDimensionWithoutBorder</include>
		</control>
	</include>
	<include name="VideoStereoscopicsFlaggingConditions">
		<control type="image">
			<description>Video stereoscopics flagging image</description>
			<width>65</width>
			<height>45</height>
			<aspectratio align="right">keep</aspectratio>
			<texture>flagging/video/3D.png</texture>
			<visible>ListItem.IsStereoscopic</visible>
			<include condition="!Skin.HasSetting(NoFlaggingBorder)">FlaggingDimensionBorder</include>
			<include condition="Skin.HasSetting(NoFlaggingBorder)">FlaggingDimensionWithoutBorder</include>
		</control>
	</include>
	<include name="VideoTypeHackFlaggingConditions">
		<control type="image">
			<description>Video Type Image</description>
			<width>65</width>
			<height>45</height>
			<aspectratio align="left">keep</aspectratio>
			<texture>$VAR[typehackflagging,flagging/video/,.png]</texture>
			<visible>!Skin.HasSetting(HideFilenameFlagging)</visible>
			<include condition="!Skin.HasSetting(NoFlaggingBorder)">FlaggingDimensionBorder</include>
			<include condition="Skin.HasSetting(NoFlaggingBorder)">FlaggingDimensionWithoutBorder</include>
		</control>
	</include>
	<include name="VideoMPAAFlaggingConditions">
		<control type="image">
			<description>Rating image</description>
			<width>65</width>
			<height>45</height>
			<aspectratio>keep</aspectratio>
			<texture>$VAR[rating,flagging/ratings/,.png]</texture>
			<include condition="!Skin.HasSetting(NoFlaggingBorder)">FlaggingDimensionBorder</include>
			<include condition="Skin.HasSetting(NoFlaggingBorder)">FlaggingDimensionWithoutBorder</include>
		</control>
	</include>
	<include name="AudioCodecFlaggingConditions">
		<control type="image">
			<description>Audio Codec Image</description>
			<width>65</width>
			<height>45</height>
			<aspectratio align="right">keep</aspectratio>
			<texture>$VAR[audiocodec,flagging/audio/,.png]</texture>
			<include condition="!Skin.HasSetting(NoFlaggingBorder)">FlaggingDimensionBorder</include>
			<include condition="Skin.HasSetting(NoFlaggingBorder)">FlaggingDimensionWithoutBorder</include>
		</control>
	</include>
	<include name="AudioChannelsFlaggingConditions">
		<control type="image">
			<description>Audio Codec Image</description>
			<width>65</width>
			<height>45</height>
			<aspectratio align="left">keep</aspectratio>
			<texture>$INFO[ListItem.AudioChannels,flagging/audio/,.png]</texture>
			<include condition="!Skin.HasSetting(NoFlaggingBorder)">FlaggingDimensionBorder</include>
			<include condition="Skin.HasSetting(NoFlaggingBorder)">FlaggingDimensionWithoutBorder</include>
		</control>
	</include>
	<include name="AspectCodecFlaggingConditions">
		<control type="image">
			
			<width>65</width>
			<height>45</height>
			<aspectratio align="right">keep</aspectratio>
			<texture>$INFO[ListItem.VideoAspect,flagging/aspectratio/,.png]</texture>
			<include condition="!Skin.HasSetting(NoFlaggingBorder)">FlaggingDimensionBorder</include>
			<include condition="Skin.HasSetting(NoFlaggingBorder)">FlaggingDimensionWithoutBorder</include>
		</control>
	</include>
	<include name="VideoHDRFlaggingConditions">
		<control type="image">
			<!-- HDR type -->
		<description>HDR Image</description>
			<width>65</width>
			<height>45</height>
			<aspectratio align="left">keep</aspectratio>
			<texture>$INFO[ListItem.HDRType,flagging/hdr/,.png]</texture>
			<visible>!String.IsEmpty(ListItem.HDRType)</visible>
			<include condition="!Skin.HasSetting(NoFlaggingBorder)">FlaggingDimensionBorder</include>
			<include condition="Skin.HasSetting(NoFlaggingBorder)">FlaggingDimensionWithoutBorder</include>
		</control>
		<control type="image">
		   
		   <include>FlagSeparator</include>
		   <visible>!String.IsEmpty(ListItem.HDRType)</visible>
		   <include condition="!Skin.HasSetting(NoFlaggingBorder)">FlaggingDimensionBorder</include>
			<include condition="Skin.HasSetting(NoFlaggingBorder)">FlaggingDimensionWithoutBorder</include>
		</control>
       </include>
	<include name="FlaggingDimensionWithoutBorderSmall">
		<width>65</width>
			<height>45</height>
		<aspectratio>keep</aspectratio>
	</include>
	<include name="FlaggingDimensionBorderSmall">
		<width>65</width>
			<height>45</height>
		<aspectratio>keep</aspectratio>
		<bordertexture border="1">Flags.png</bordertexture>
		<bordersize>3</bordersize>
	</include>
	<include name="FlaggingDimensionWithoutBorder">
		<width>65</width>
			<height>45</height>
		<aspectratio>keep</aspectratio>
	</include>
	<include name="FlaggingDimensionBorder">
		<width>65</width>
			<height>45</height>
		<aspectratio>keep</aspectratio>
		<bordertexture>Flags.png</bordertexture>
		<bordersize>2</bordersize>
	</include>

</includes>
