<?xml version="1.0" encoding="UTF-8"?>

<includes>
    <include name="View_53_LowPoster">
		<control type="group">
           <visible>Control.IsVisible(53) + !Skin.HasSetting(View53HideInfo)</visible>
			<include>CommonBackground</include>
            <include>VisibleFadeEffect</include>
			<animation type="WindowOpen">
				<effect type="fade" start="0" end="100" time="300" tween="sine" easing="out" />
				<effect type="zoom" start="125" end="100" center="auto" time="300" tween="cubic" easing="out" />
			</animation>
			<animation type="WindowClose">
				<effect type="fade" start="100" end="0" time="300" tween="sine" easing="out" />
				<effect type="zoom" start="100" end="125" center="auto" time="300" tween="cubic" easing="out" />
			</animation>
			<control type="image">
				<left>0</left>
				<top>0</top>
				<width>1920</width>
				<height>1080</height>
				<aspectratio>scale</aspectratio>
				<visible>true</visible>
				<texture background="true">$INFO[ListItem.Art(fanart)]</texture>
				
				<fadetime>FanartCrossfadeTime</fadetime>
				
			</control>

			<control type="image" description="Busy BG">
				<left>-20</left>
				<top>-20</top>
				<width>1350</width>
				<height>800</height>
				<texture>ContentPanel.png</texture>
				<aspectratio>stretch</aspectratio>
			</control>
				<control type="label">
					<left>0</left>
					<top>10</top>
					<width>1280</width>
					<height>88</height>
					<font>font16</font>
					<textcolor>white</textcolor>
					<align>center</align>
					<aligny>Top</aligny>
					<wrapmultiline>true</wrapmultiline>
					<label>$INFO[Listitem.Label]</label>
					
				</control>
				<!--<control type="image">
					<left>30</left>
					<top>670</top>
					<width>128</width>
					<height>35</height>
					<aspectratio>keep</aspectratio>
					<texture>$VAR[ratingstars,flagging/ratingstars/stars,.png]</texture>
					<visible>String.Contains(ListItem.rating,.)</visible>
				</control>
				<control type="image">
					<left>170</left>
					<top>670</top>
					<width>80</width>
					<height>35</height>
					<aspectratio>keep</aspectratio>
					<texture>$VAR[rating,flagging/ratings/,.png]</texture>
				</control>-->
 				 
		
				<control type="grouplist">
						<description>Media Codec Flagging Images</description>
						<left>70</left>
					     <top>660</top>
					
						<align>left</align>
						<itemgap>1</itemgap>
						<orientation>horizontal</orientation>
                       <include>VideoCodecFlaggingConditions</include>
				<include>VideoHDRFlaggingConditions</include>
				<include>AudioCodecFlaggingConditions</include>
				<include>AudioChannelsFlaggingConditions</include>
				<include>AspectCodecFlaggingConditions</include>
				<include>VideoStereoscopicsFlaggingConditions</include>
				<include>VideoTypeHackFlaggingConditions</include>
				<include>VideoMPAAFlaggingConditions</include>
					</control>
				<control type="label">
					<left>0</left>
					<top>35</top>
					<width>1280</width>
					<height>88</height>
					<font>font16</font>
					<textcolor>grey</textcolor>
					<align>center</align>
					<aligny>Top</aligny>
					<wrapmultiline>true</wrapmultiline>
					<label>$INFO[ListItem.Genre]</label>
				</control>
				<control type="label">
					<right>25</right>
					<top>40</top>
					<width>100</width>
					<height>88</height>
					<font>font16</font>
					<textcolor>grey</textcolor>
					<align>right</align>
					<wrapmultiline>true</wrapmultiline>
					<label>$INFO[ListItem.Duration]</label>
					<visible>!String.IsEmpty(ListItem.Duration)</visible>
				</control>				
				<control type="label">
					<left>25</left>
					<top>40</top>
					<width>75</width>
					<height>88</height>
					<font>font16</font>
					<textcolor>grey</textcolor>
					
					<wrapmultiline>true</wrapmultiline>
					<!-- <label>$INFO[ListItem.Duration] min</label> -->
					<label>$INFO[ListItem.Year]</label>
				</control>

				<control type="textbox">
					<left>25</left>
					<top>100</top>
					<width>1225</width>
					<height>145</height>
					<font>font_plot</font>
					<textcolor>grey</textcolor>
					<align>justify</align>
					<autoscroll delay="5000" time="4000" repeat="10000">true</autoscroll>
					<wrapmultiline>true</wrapmultiline>
					<label>$INFO[ListItem.Plot]</label>
				</control>

			<include>MediaControls</include>
		</control>

        <control type="group">
 			
			<top>300</top>
            <left>93</left>
            <right>93</right>
            <height>700</height>
 			
			
			<control type="fixedlist" id="53">
                 <top>0</top>
                <left>-275</left>
                <width>2800</width>
                <height>610</height>
                <onleft>52</onleft>
                <onright>52</onright>
                <ondown>2</ondown>
                <onup>2</onup>
                <pagecontrol>5199</pagecontrol>
                <focusposition>3</focusposition>
				<itemgap>10</itemgap>
                <movement>1</movement>
                <preloaditems>2</preloaditems>
                <orientation>horizontal</orientation>
                <viewtype label="Low Posters">list</viewtype>
                <scrolltime tween="quadratic" easing="out">1000</scrolltime>
                <visible>Container.Content(seasons) |Container.Content(albums) | Container.Content(artists) |  Container.Content(sets) | Container.Content(tvshows) | Container.Content(movies) | Skin.HasSetting(View53HideInfo)</visible>
                <itemlayout height="550" width="235">
					
                    <control type="group">
                        <left>0</left>
                        <right>20</right>

                        <control type="image">
                            <left>10</left>
							<top>10</top>
                           <width>219</width>
                            <height>325</height>
                            <aspectratio>strech</aspectratio>
                            <texture fallback="DefaultVideoCover.png"  colordiffuse="grey" diffuse="postermatteNF.png">$VAR[PosterThumb]</texture>
                        </control>
						<control type="image">
							<left>25</left><!-- 665 -->
							<top>25</top>
							<width>64</width>
							<height>64</height>
							<texture>OverlayWatching.png</texture>
							<visible>Window.IsVisible(Videos) + ListItem.IsResumable</visible>
						</control>
						<control type="image">
							<left>25</left><!-- 665 -->
							<top>25</top>
							<width>64</width>
							<height>64</height>
							<texture>$INFO[ListItem.Overlay]</texture>
							<aspectratio>keep</aspectratio>
							<visible>Window.IsVisible(Videos)</visible>
						</control>

                    </control>
                </itemlayout>
                <focusedlayout height="550" width="235">
                    <control type="group">
                        <left>0</left>
                        <right>20</right>
						
                        <control type="button">
                            <left>5</left>
                            <top>5</top>
                            <width>229</width>
                            <height>335</height>
                            
                            
                        </control>
							<--!DiscArt-->
						<control type="image">
				           <description>Cd Disc</description>
				           <animation type="WindowClose">
					       <effect type="slide" start="0" end="-114" time="800" tween="cubic" easing="in" delay="0"/>
					       <effect type="fade" start="100" end="0" time="1300"/>
					       <condition type="!Player.Playing"/>
				           </animation>
				           <animation effect="rotate" end="-360" center="auto" time="15000" loop="true" reversible="false" condition="!Player.Paused">Conditional</animation>
				           <width>300</width>
				           <height>300</height>
				           <left>70</left>
				           <top>30</top>
				           <texture fallback="cdart\default.png">$INFO[ListItem.Art(discart)]</texture>
						   <texture fallback="cdart\default.png">$INFO[ListItem.Art(disc)]</texture>
				           <aspectratio align="bottom">keep</aspectratio>
				           <visible>Skin.HasSetting(CdArtHome)</visible>
			            </control>
                        <control type="image">
                            <left>10</left>
							<top>10</top>

                            <width>219</width>
                            <height>325</height>
                            <aspectratio>stretch</aspectratio>
                            <texture fallback="DefaultVideoCover.png" diffuse="postermatteNF.png">$VAR[PosterThumb]</texture>
                        </control>
                       
						<control type="image">
							<left>25</left><!-- 665 -->
							<top>25</top>
							<width>64</width>
							<height>64</height>
							<texture>OverlayWatching.png</texture>
							<visible>Window.IsVisible(Videos) + ListItem.IsResumable</visible>
						</control>
						<control type="image">
							<left>25</left><!-- 665 -->
							<top>25</top>
							<width>64</width>
							<height>64</height>
							<texture>$INFO[ListItem.Overlay]</texture>
							<aspectratio>keep</aspectratio>
							<visible>Window.IsVisible(Videos)</visible>
						</control>	
                        						
                    </control>
					
                </focusedlayout>
            </control>
        </control>
    </include>
</includes>
