<?xml version="1.0" encoding="UTF-8"?>
<window>
	<defaultcontrol always="true">50</defaultcontrol>
	<onload condition="String.IsEmpty(Window(Home).Property(MenuItemActive))">SetProperty(MenuItemActive,livetv,Home)</onload>
	<onload condition="String.IsEmpty(Window(Home).Property(MenuBackground))">SetProperty(MenuBackground,special://skin/extras/backgrounds/livetv.jpg,Home)</onload>
	<menucontrol>9000</menucontrol>
	<views>50,51</views>
	<controls>
		<include>CommonCustomBackground</include>
		<include>CommonBackground</include>
		<control type="image">
			<left>0</left>
			<top>100r</top>
			<width>1280</width>
			<height>100</height>
			<texture colordiffuse="themecolor">floor.png</texture>
			<animation effect="fade" time="200" condition="Window.Previous(Home)">WindowOpen</animation>
			<animation effect="fade" time="200" condition="Window.Next(Home)">WindowClose</animation>
			<visible>!Skin.HasSetting(NoFloorAll)</visible>
		</control>
		<control type="group">
			<include>Window_OpenClose_Animation</include>
			<include>VisibleFadeEffect</include>
			<visible>Control.IsVisible(50)</visible>
			<control type="group">
				<control type="image">
					<left>50</left>
					<top>60</top>
					<width>450</width>
					<height>600</height>
					<texture border="15">ContentPanel.png</texture>
				</control>
			</control>
			<control type="image">
				<left>50</left>
				<top>652</top>
				<width>450</width>
				<height>64</height>
				<texture border="15">ContentPanelMirror.png</texture>
				<visible>!Skin.HasSetting(NoFloorAll)</visible>
			</control>
			<control type="image">
				<left>510</left>
				<top>60</top>
				<width>730</width>
				<height>600</height>
				<texture border="15">ContentPanel.png</texture>
			</control>
			<control type="image">
				<left>510</left>
				<top>652</top>
				<width>730</width>
				<height>64</height>
				<texture border="15">ContentPanelMirror.png</texture>
				<visible>!Skin.HasSetting(NoFloorAll)</visible>
			</control>
		</control>
		<control type="group">
			<include>VisibleFadeEffect</include>
			<visible>Control.IsVisible(51)</visible>
			<control type="group">
				<include>VisibleFadeEffect</include>
				<control type="image">
					<left>55</left>
					<top>60</top>
					<width>1170</width>
					<height>600</height>
					<texture border="15">ContentPanel.png</texture>
				</control>
				<control type="image">
					<left>55</left>
					<top>652</top>
					<width>1170</width>
					<height>64</height>
					<texture border="15">ContentPanelMirror.png</texture>
					<visible>!Skin.HasSetting(NoFloorAll)</visible>
				</control>
			</control>
		</control>
		<include>MainWindowMouseButtons</include>
		<include>PVRHeader</include>
		<control type="group">
			<description>Small Media Window</description>
			<left>530</left>
			<top>80</top>
			<visible>Control.IsVisible(50)</visible>
			<include>VisibleFadeEffect</include>
			<include>Window_OpenClose_Animation</include>
			<control type="image">
				<left>0</left>
				<top>0</top>
				<width>690</width>
				<height>400</height>
				<texture border="5">button-nofocus.png</texture>
			</control>
			<control type="button" id="61">
				<left>-1</left>
				<top>-1</top>
				<width>692</width>
				<height>402</height>
				<texturefocus border="3">VideoWindowFO.png</texturefocus>
				<texturenofocus/>
				<font/>
				<pulseonselect>no</pulseonselect>
				<onleft>70</onleft>
				<onclick>Fullscreen</onclick>
				<visible>Player.HasVideo</visible>
			</control>
			<control type="image">
				<left>5</left>
				<top>5</top>
				<width>680</width>
				<height>390</height>
				<texture>special://skin/extras/settings/tv.jpg</texture>
				<include>VisibleFadeEffect</include>
				<visible>!Player.HasVideo</visible>
			</control>
			<control type="videowindow">
				<left>5</left>
				<top>5</top>
				<width>680</width>
				<height>390</height>
				<visible>Player.HasVideo</visible>
				<animation effect="slide" start="0,0" end="-2000,0" time="0">WindowClose</animation>
			</control>
		</control>
		<control type="group">
			<include>Window_OpenClose_Animation</include>
			<description>TV Channels group</description>
			<include>VisibleFadeEffect</include>
			<control type="group">
				<left>530</left>
				<top>490</top>
				<visible>![Control.IsVisible(50) + !String.IsEmpty(Window.Property(IsRadio)) + System.GetBool(PVRPlayback.EnableRadioRDS) + !Skin.HasSetting(HideEPGwithRDS) + RDS.HasRDS]</visible>
				<visible>!Control.IsVisible(51)</visible>
				<control type="label">
					<left>0</left>
					<top>0</top>
					<width>690</width>
					<height>20</height>
					<font>font13</font>
					<textcolor>white</textcolor>
					<shadowcolor>black</shadowcolor>
					<scroll>true</scroll>
					<align>center</align>
					<aligny>center</aligny>
					<label>[B]$INFO[Container(50).ListItem.Title]$INFO[ListItem.EpisodeName, (,)][/B]</label>
				</control>
				<control type="label">
					<left>0</left>
					<top>22</top>
					<width>80</width>
					<height>20</height>
					<align>right</align>
					<aligny>center</aligny>
					<font>font10_title</font>
					<textcolor>blue</textcolor>
					<visible>Container(50).ListItem.HasEpg</visible>
					<label>$INFO[Container(50).ListItem.StartTime]</label>
				</control>
				<control type="progress">
					<description>Progressbar</description>
					<left>85</left>
					<top>30</top>
					<width>510</width>
					<height>8</height>
					<visible>Container(50).ListItem.HasEpg</visible>
					<info>Container(50).ListItem.Progress</info>
				</control>
				<control type="label">
					<left>600</left>
					<top>22</top>
					<width>80</width>
					<height>20</height>
					<align>left</align>
					<aligny>center</aligny>
					<font>font10_title</font>
					<textcolor>blue</textcolor>
					<visible>Container(50).ListItem.HasEpg</visible>
					<label>$INFO[Container(50).ListItem.EndTime]</label>
				</control>
				<control type="textbox">
					<description>Description For TVShow</description>
					<left>0</left>
					<top>52</top>
					<width>690</width>
					<height>72</height>
					<font>font13</font>
					<align>left</align>
					<textcolor>white</textcolor>
					<shadowcolor>black</shadowcolor>
					<pagecontrol/>
					<label>$INFO[Container(50).ListItem.Plot]</label>
					<autoscroll time="2000" delay="3000" repeat="5000">true</autoscroll>
				</control>
				<control type="label">
					<left>0</left>
					<top>140</top>
					<width>690</width>
					<height>20</height>
					<font>font12</font>
					<textcolor>grey2</textcolor>
					<align>right</align>
					<aligny>center</aligny>
					<scroll>false</scroll>
					<visible>!String.IsEmpty(Container(50).ListItem.NextTitle)</visible>
					<label>[COLOR=blue]$LOCALIZE[19031]:[/COLOR] $INFO[Container(50).ListItem.NextTitle]</label>
				</control>
			</control>
			<control type="group">
				<control type="list" id="50">
					<left>70</left>
					<top>85</top>
					<width>390</width>
					<height>541</height>
					<onleft>100</onleft>
					<onright>70</onright>
					<onup>50</onup>
					<ondown>50</ondown>
					<viewtype label="535">list</viewtype>
					<pagecontrol>70</pagecontrol>
					<scrolltime>200</scrolltime>
					<itemlayout height="60" width="390">
						<control type="image">
							<left>0</left>
							<top>0</top>
							<width>390</width>
							<height>61</height>
							<texture border="2">MenuItemNF.png</texture>
							<include>VisibleFadeEffect</include>
						</control>
						<control type="label">
							<left>5</left>
							<top>-4</top>
							<width>40</width>
							<height>35</height>
							<font>font12</font>
							<align>left</align>
							<aligny>center</aligny>
							<textcolor>grey</textcolor>
							<selectedcolor>grey</selectedcolor>
							<info>ListItem.ChannelNumberLabel</info>
						</control>
						<control type="label">
							<left>50</left>
							<top>0</top>
							<width>270</width>
							<height>25</height>
							<font>font13</font>
							<textcolor>white</textcolor>
							<selectedcolor>selected</selectedcolor>
							<align>left</align>
							<aligny>center</aligny>
							<label>$INFO[ListItem.Label]</label>
						</control>
						<control type="label">
							<left>50</left>
							<top>25</top>
							<width>330</width>
							<height>20</height>
							<font>font12</font>
							<textcolor>grey</textcolor>
							<selectedcolor>grey</selectedcolor>
							<align>left</align>
							<aligny>center</aligny>
							<label>$INFO[ListItem.Title]</label>
							<visible>String.IsEmpty(Listitem.Icon)</visible>
						</control>
						<control type="label">
							<left>50</left>
							<top>25</top>
							<width>280</width>
							<height>20</height>
							<font>font12</font>
							<textcolor>grey</textcolor>
							<selectedcolor>grey</selectedcolor>
							<align>left</align>
							<aligny>center</aligny>
							<label>$INFO[ListItem.Title]</label>
							<visible>!String.IsEmpty(Listitem.Icon)</visible>
						</control>
						<control type="progress">
							<description>Progressbar</description>
							<left>50</left>
							<top>48</top>
							<width>280</width>
							<height>6</height>
							<colordiffuse>88FFFFFF</colordiffuse>
							<visible>ListItem.HasEpg</visible>
							<info>ListItem.Progress</info>
						</control>
						<control type="image">
							<left>340</left>
							<top>4</top>
							<width>50</width>
							<height>50</height>
							<texture>$INFO[ListItem.Icon]</texture>
							<aspectratio>keep</aspectratio>
						</control>
						<control type="image">
							<left>5</left>
							<top>37</top>
							<width>16</width>
							<height>16</height>
							<texture>PVR-IsRecording.png</texture>
							<visible>ListItem.IsRecording</visible>
						</control>
						<control type="image">
							<left>5</left>
							<top>37</top>
							<width>16</width>
							<height>16</height>
							<texture>PVR-HasArchive.png</texture>
							<visible>!ListItem.IsRecording + ListItem.HasArchive</visible>
						</control>
					</itemlayout>
					<focusedlayout height="60" width="390">
						<control type="image">
							<left>0</left>
							<top>0</top>
							<width>390</width>
							<height>61</height>
							<texture border="2">MenuItemNF.png</texture>
							<visible>!Control.HasFocus(50)</visible>
							<include>VisibleFadeEffect</include>
						</control>
						<control type="image">
							<left>0</left>
							<top>0</top>
							<width>390</width>
							<height>61</height>
							<texture border="2">MenuItemFO.png</texture>
							<visible>Control.HasFocus(50)</visible>
							<include>VisibleFadeEffect</include>
						</control>
						<control type="label">
							<left>5</left>
							<top>-4</top>
							<width>40</width>
							<height>35</height>
							<font>font12</font>
							<align>left</align>
							<aligny>center</aligny>
							<textcolor>grey</textcolor>
							<selectedcolor>grey</selectedcolor>
							<info>ListItem.ChannelNumberLabel</info>
						</control>
						<control type="label">
							<left>50</left>
							<top>0</top>
							<width>270</width>
							<height>25</height>
							<font>font13</font>
							<textcolor>white</textcolor>
							<selectedcolor>selected</selectedcolor>
							<align>left</align>
							<aligny>center</aligny>
							<label>$INFO[ListItem.Label]</label>
						</control>
						<control type="label">
							<left>50</left>
							<top>25</top>
							<width>330</width>
							<height>20</height>
							<font>font12</font>
							<textcolor>grey</textcolor>
							<selectedcolor>grey</selectedcolor>
							<align>left</align>
							<aligny>center</aligny>
							<label>$INFO[ListItem.Title]</label>
							<visible>String.IsEmpty(Listitem.Icon)</visible>
						</control>
						<control type="label">
							<left>50</left>
							<top>25</top>
							<width>280</width>
							<height>20</height>
							<font>font12</font>
							<textcolor>grey</textcolor>
							<selectedcolor>grey</selectedcolor>
							<align>left</align>
							<aligny>center</aligny>
							<label>$INFO[ListItem.Title]</label>
							<visible>!String.IsEmpty(Listitem.Icon)</visible>
						</control>
						<control type="progress">
							<description>Progressbar</description>
							<left>50</left>
							<top>48</top>
							<width>280</width>
							<height>6</height>
							<colordiffuse>88FFFFFF</colordiffuse>
							<visible>ListItem.HasEpg</visible>
							<info>ListItem.Progress</info>
						</control>
						<control type="image">
							<left>340</left>
							<top>4</top>
							<width>50</width>
							<height>50</height>
							<texture>$INFO[ListItem.Icon]</texture>
							<aspectratio>keep</aspectratio>
						</control>
						<control type="image">
							<left>5</left>
							<top>37</top>
							<width>16</width>
							<height>16</height>
							<texture>PVR-IsRecording.png</texture>
							<visible>ListItem.IsRecording</visible>
						</control>
						<control type="image">
							<left>5</left>
							<top>37</top>
							<width>16</width>
							<height>16</height>
							<texture>PVR-HasArchive.png</texture>
							<visible>!ListItem.IsRecording + ListItem.HasArchive</visible>
						</control>
					</focusedlayout>
				</control>
				<control type="scrollbar" id="70">
					<left>465</left>
					<top>85</top>
					<width>25</width>
					<height>540</height>
					<texturesliderbackground border="0,14,0,14">ScrollBarV.png</texturesliderbackground>
					<texturesliderbar border="0,14,0,14">ScrollBarV_bar.png</texturesliderbar>
					<texturesliderbarfocus border="0,14,0,14">ScrollBarV_bar_focus.png</texturesliderbarfocus>
					<textureslidernib>ScrollBarNib.png</textureslidernib>
					<textureslidernibfocus>ScrollBarNib.png</textureslidernibfocus>
					<onleft>50</onleft>
					<onright>61</onright>
					<showonepage>false</showonepage>
					<orientation>vertical</orientation>
					<visible>Control.IsVisible(50)</visible>
				</control>
				<control type="label">
					<depth>DepthFooter</depth>
					<animation effect="slide" start="0,0" end="-90,0" time="0" condition="system.getbool(input.enablemouse)">Conditional</animation>
					<description>Page Count Label</description>
					<right>40</right>
					<top>53r</top>
					<width>500</width>
					<height>20</height>
					<font>font12</font>
					<textcolor>grey</textcolor>
					<scroll>false</scroll>
					<align>right</align>
					<aligny>center</aligny>
					<label>([COLOR=blue]$INFO[Container(50).NumItems][/COLOR]) $LOCALIZE[19019] - $LOCALIZE[31024] ([COLOR=blue]$INFO[Container(50).CurrentPage]/$INFO[Container(50).NumPages][/COLOR])</label>
					<include>Window_OpenClose_Animation</include>
					<visible>Control.IsVisible(50)</visible>
				</control>
				<control type="panel" id="51">
					<left>130</left>
					<top>104</top>
					<width>1080</width>
					<height>365</height>
					<onleft>100</onleft>
					<onright>90</onright>
					<onup>51</onup>
					<ondown>51</ondown>
					<viewtype label="537">list</viewtype>
					<pagecontrol>90</pagecontrol>
					<scrolltime>200</scrolltime>
					<itemlayout height="122" width="252">
						<control type="image">
							<left>1</left>
							<top>0</top>
							<width>250</width>
							<height>120</height>
							<aspectratio>scale</aspectratio>
							<bordertexture border="5">button-nofocus.png</bordertexture>
							<bordersize>5</bordersize>
							<texture background="true">black-back.png</texture>
						</control>
						<control type="label">
							<left>8</left>
							<top>-2</top>
							<width>40</width>
							<height>35</height>
							<font>font12</font>
							<align>left</align>
							<aligny>center</aligny>
							<textcolor>grey</textcolor>
							<selectedcolor>grey</selectedcolor>
							<info>ListItem.ChannelNumberLabel</info>
						</control>
						<control type="label">
							<left>45</left>
							<top>8</top>
							<width>145</width>
							<height>50</height>
							<font>font13</font>
							<textcolor>white</textcolor>
							<selectedcolor>selected</selectedcolor>
							<align>left</align>
							<aligny>center</aligny>
							<wrapmultiline>true</wrapmultiline>
							<label>$INFO[ListItem.Label]</label>
						</control>
						<control type="label">
							<left>8</left>
							<top>60</top>
							<width>235</width>
							<height>20</height>
							<font>font12</font>
							<textcolor>grey</textcolor>
							<selectedcolor>grey</selectedcolor>
							<align>left</align>
							<aligny>center</aligny>
							<label>$INFO[ListItem.Title]</label>
						</control>
						<control type="progress">
							<description>Progressbar</description>
							<left>8</left>
							<top>85</top>
							<width>235</width>
							<height>6</height>
							<colordiffuse>88FFFFFF</colordiffuse>
							<visible>ListItem.HasEpg</visible>
							<info>ListItem.Progress</info>
						</control>
						<control type="image">
							<left>194</left>
							<top>8</top>
							<width>50</width>
							<height>50</height>
							<texture>$INFO[ListItem.Icon]</texture>
							<aspectratio>keep</aspectratio>
						</control>
						<control type="image">
							<left>16</left>
							<top>37</top>
							<width>16</width>
							<height>16</height>
							<texture>PVR-IsRecording.png</texture>
							<visible>ListItem.IsRecording</visible>
						</control>
						<control type="image">
							<left>16</left>
							<top>37</top>
							<width>16</width>
							<height>16</height>
							<texture>PVR-HasArchive.png</texture>
							<visible>!ListItem.IsRecording + ListItem.HasArchive</visible>
						</control>
						<control type="label">
							<left>8</left>
							<top>95</top>
							<width>235</width>
							<height>20</height>
							<font>font12</font>
							<textcolor>grey2</textcolor>
							<align>left</align>
							<aligny>center</aligny>
							<visible>!String.IsEmpty(ListItem.NextTitle)</visible>
							<label>[COLOR=blue]$LOCALIZE[19031]:[/COLOR] $INFO[ListItem.NextTitle]</label>
						</control>
					</itemlayout>
					<focusedlayout height="122" width="252">
						<control type="image">
							<left>1</left>
							<top>0</top>
							<width>250</width>
							<height>120</height>
							<aspectratio>scale</aspectratio>
							<bordertexture border="5">folder-focus.png</bordertexture>
							<bordersize>5</bordersize>
							<texture background="true">black-back.png</texture>
						</control>
						<control type="label">
							<left>8</left>
							<top>-2</top>
							<width>40</width>
							<height>35</height>
							<font>font12</font>
							<align>left</align>
							<aligny>center</aligny>
							<textcolor>grey</textcolor>
							<selectedcolor>grey</selectedcolor>
							<info>ListItem.ChannelNumberLabel</info>
						</control>
						<control type="label">
							<left>45</left>
							<top>8</top>
							<width>145</width>
							<height>50</height>
							<font>font13</font>
							<textcolor>white</textcolor>
							<selectedcolor>selected</selectedcolor>
							<align>left</align>
							<aligny>center</aligny>
							<wrapmultiline>true</wrapmultiline>
							<label>$INFO[ListItem.Label]</label>
						</control>
						<control type="label">
							<left>8</left>
							<top>60</top>
							<width>235</width>
							<height>20</height>
							<font>font12</font>
							<textcolor>grey</textcolor>
							<selectedcolor>grey</selectedcolor>
							<align>left</align>
							<aligny>center</aligny>
							<label>$INFO[ListItem.Title]</label>
						</control>
						<control type="progress">
							<description>Progressbar</description>
							<left>8</left>
							<top>85</top>
							<width>235</width>
							<height>6</height>
							<colordiffuse>88FFFFFF</colordiffuse>
							<visible>ListItem.HasEpg</visible>
							<info>ListItem.Progress</info>
						</control>
						<control type="image">
							<left>194</left>
							<top>8</top>
							<width>50</width>
							<height>50</height>
							<texture>$INFO[ListItem.Icon]</texture>
							<aspectratio>keep</aspectratio>
						</control>
						<control type="image">
							<left>16</left>
							<top>37</top>
							<width>16</width>
							<height>16</height>
							<texture>PVR-IsRecording.png</texture>
							<visible>ListItem.IsRecording</visible>
						</control>
						<control type="image">
							<left>16</left>
							<top>37</top>
							<width>16</width>
							<height>16</height>
							<texture>PVR-HasArchive.png</texture>
							<visible>!ListItem.IsRecording + ListItem.HasArchive</visible>
						</control>
						<control type="label">
							<left>8</left>
							<top>95</top>
							<width>235</width>
							<height>20</height>
							<font>font12</font>
							<textcolor>grey2</textcolor>
							<align>left</align>
							<aligny>center</aligny>
							<visible>!String.IsEmpty(ListItem.NextTitle)</visible>
							<label>[COLOR=white]$LOCALIZE[19031]:[/COLOR] $INFO[ListItem.NextTitle]</label>
						</control>
					</focusedlayout>
				</control>
				<control type="scrollbar" id="90">
					<left>1188</left>
					<top>104</top>
					<width>25</width>
					<height>365</height>
					<texturesliderbackground border="0,14,0,14">ScrollBarV.png</texturesliderbackground>
					<texturesliderbar border="0,14,0,14">ScrollBarV_bar.png</texturesliderbar>
					<texturesliderbarfocus border="0,14,0,14">ScrollBarV_bar_focus.png</texturesliderbarfocus>
					<textureslidernib>ScrollBarNib.png</textureslidernib>
					<textureslidernibfocus>ScrollBarNib.png</textureslidernibfocus>
					<onleft>51</onleft>
					<onright>61</onright>
					<showonepage>false</showonepage>
					<orientation>vertical</orientation>
					<visible>Control.IsVisible(51)</visible>
				</control>
				<control type="group">
					<visible>!String.IsEmpty(ListItem.Label)</visible>
					<visible>Control.IsVisible(51)</visible>
					<left>80</left>
					<top>508</top>
					<control type="image">
						<left>62</left>
						<top>6</top>
						<width>130</width>
						<height>130</height>
						<texture background="true">$INFO[ListItem.Icon]</texture>
						<aspectratio align="center" aligny="top">keep</aspectratio>
					</control>
					<control type="label">
						<left>280</left>
						<top>0</top>
						<width>840</width>
						<height>20</height>
						<label>[B]$INFO[ListItem.Label]$INFO[ListItem.EpisodeName, (,)][/B]</label>
						<font>font13</font>
						<textcolor>white</textcolor>
					</control>
					<control type="label">
						<left>280</left>
						<top>25</top>
						<width>840</width>
						<height>20</height>
						<label>$INFO[ListItem.StartTime]$INFO[ListItem.EndTime, - ]$INFO[ListItem.Season, • $LOCALIZE[20373] ]$INFO[ListItem.Episode, • $LOCALIZE[20359] ]$INFO[ListItem.Genre, • ]</label>
						<font>font12</font>
						<textcolor>grey</textcolor>
					</control>
					<control type="textbox">
						<description>Description</description>
						<left>280</left>
						<top>57</top>
						<width>840</width>
						<height>63</height>
						<font>font12</font>
						<align>left</align>
						<textcolor>grey</textcolor>
						<autoscroll delay="10000" time="3000" repeat="6000">true</autoscroll>
						<label>$INFO[ListItem.Plot]</label>
					</control>
				</control>
				<control type="label">
					<depth>DepthFooter</depth>
					<animation effect="slide" start="0,0" end="-90,0" time="0" condition="system.getbool(input.enablemouse)">Conditional</animation>
					<description>Page Count Label</description>
					<right>40</right>
					<top>53r</top>
					<width>500</width>
					<height>20</height>
					<font>font12</font>
					<textcolor>grey</textcolor>
					<scroll>false</scroll>
					<align>right</align>
					<aligny>center</aligny>
					<label>([COLOR=blue]$INFO[Container(51).NumItems][/COLOR]) $LOCALIZE[19019] - $LOCALIZE[31024] ([COLOR=blue]$INFO[Container(51).CurrentPage]/$INFO[Container(51).NumPages][/COLOR])</label>
					<include>Window_OpenClose_Animation</include>
					<visible>Control.IsVisible(51)</visible>
				</control>
			</control>
			<control type="group">
				<left>530</left>
				<top>490</top>
				<visible>Control.IsVisible(50) + !String.IsEmpty(Window.Property(IsRadio)) + System.GetBool(PVRPlayback.EnableRadioRDS) + !Skin.HasSetting(HideEPGwithRDS) + RDS.HasRDS</visible>
				<control type="image">
					<left>580</left>
					<top>-3</top>
					<width>104</width>
					<height>40</height>
					<visible>!RDS.HasRadioText</visible>
					<texture>flagging/rds/rds-logo.png</texture>
				</control>
				<control type="image">
					<left>580</left>
					<top>-3</top>
					<width>104</width>
					<height>34</height>
					<visible>RDS.HasRadioText + !RDS.HasRadioTextPlus</visible>
					<texture>flagging/rds/rds-radiotext-logo.png</texture>
				</control>
				<control type="image">
					<left>580</left>
					<top>-3</top>
					<width>104</width>
					<height>40</height>
					<visible>RDS.HasRadioTextPlus</visible>
					<texture>flagging/rds/rds-radiotext-plus-logo.png</texture>
				</control>
				<control type="label">
					<left>0</left>
					<top>40</top>
					<width>690</width>
					<height>20</height>
					<font>font13</font>
					<textcolor>white</textcolor>
					<shadowcolor>black</shadowcolor>
					<align>left</align>
					<aligny>center</aligny>
					<scroll>true</scroll>
					<visible>RDS.HasRDS</visible>
					<label>$INFO[RDS.Getline(3)]</label>
				</control>
				<control type="label">
					<left>0</left>
					<top>65</top>
					<width>690</width>
					<height>20</height>
					<font>font13</font>
					<textcolor>white</textcolor>
					<shadowcolor>black</shadowcolor>
					<align>left</align>
					<aligny>center</aligny>
					<scroll>true</scroll>
					<visible>RDS.HasRDS</visible>
					<label>$INFO[RDS.Getline(2)]</label>
				</control>
				<control type="label">
					<left>0</left>
					<top>90</top>
					<width>690</width>
					<height>20</height>
					<font>font13</font>
					<textcolor>white</textcolor>
					<shadowcolor>black</shadowcolor>
					<align>left</align>
					<aligny>center</aligny>
					<scroll>true</scroll>
					<visible>RDS.HasRDS</visible>
					<label>$INFO[RDS.Getline(1)]</label>
				</control>
				<control type="label">
					<left>0</left>
					<top>115</top>
					<width>690</width>
					<height>20</height>
					<font>font13</font>
					<textcolor>white</textcolor>
					<shadowcolor>black</shadowcolor>
					<align>left</align>
					<aligny>center</aligny>
					<scroll>true</scroll>
					<visible>RDS.HasRDS</visible>
					<label>$INFO[RDS.Getline(0)]</label>
				</control>
			</control>
		</control>
		<control type="group">
			<depth>DepthFooter</depth>
			<include>CommonNowPlaying</include>
		</control>
		<include>BehindDialogFadeOut</include>
		<include>ScrollOffsetLabel</include>
		<control type="image">
			<left>0</left>
			<top>0</top>
			<width>1280</width>
			<height>720</height>
			<texture>black-back.png</texture>
			<animation effect="fade" time="300">Visible</animation>
			<animation effect="fade" time="150">Hidden</animation>
			<visible>Window.IsActive(FileBrowser) | Window.IsActive(PVRGuideInfo) | Window.IsActive(PVRRecordingInfo) | Window.IsActive(PVRTimerSetting) | Window.IsActive(PVRGroupManager) | Window.IsActive(PVRGuideSearch)</visible>
		</control>
		<include>PVRSideBlade</include>
	</controls>
</window>
