<?xml version="1.0" encoding="UTF-8"?>
<addon id="skin.nox.glass" version="3.4.21" name="Nox Glass" provider-name="Kim">
    <!-- KODI 19 -->
    <requires>
          <import addon="xbmc.gui" version="5.15.0"/>
          <import addon="script.skinshortcuts" version="1.1.4"/>
          <import addon="service.library.data.provider" version="0.0.7"/>
          <import addon="resource.images.studios.white" version="0.0.1"/>
          <import addon="resource.images.recordlabels.white" version="0.0.1"/>
          <!--<import addon="script.skin.helper.service" version="1.1.31"/>
          <import addon="script.skin.helper.widgets" version="1.0.42"/> -->
          <import addon="script.image.resource.select" version="3.0.2"/>
          <import addon="script.skin.helper.colorpicker" version="2.0.1"/>
          <!-- <import addon="resource.images.weathericons.hd.animatedmods" version="1.0.4"/>
          <import addon="resource.images.cpuprogress" version="3.1.21"/>
          <import addon="service.kn.switchtimer" version="2.0.12"/>  -->
      </requires>
    <!-- KODI 18 -->
    <!-- <requires> 
        <import addon="xbmc.gui" version="5.14.0"/>
        <import addon="script.skinshortcuts" version="1.0.10"/>
        <import addon="service.library.data.provider" version="0.0.7"/>
        <import addon="resource.images.studios.white" version="0.0.1"/>
        <import addon="resource.images.recordlabels.white" version="0.0.1"/>
    </requires> -->
    <extension point="xbmc.gui.skin" debugging="false">
        <res width="1920" height="1080" aspect="16:9" default="true" folder="1080i"/>
    </extension>
    <extension point="xbmc.addon.metadata">
        <summary lang="af_ZA">Geskep deur BigNoid, Modded deur SiLVO | Kim, en Widgets deur Mr. V</summary>
        <summary lang="de_DE">Erstellt von BigNoid, modifiziert von SiLVO | Kim, Widgets von Mr. V</summary>
        <summary lang="el_GR">Created by BigNoid, Modded by SiLVO | Kim, and Widgets by Mr. V</summary>
        <summary lang="en_AU">Created by BigNoid, Modded by SiLVO | Kim, and Widgets by Mr. V</summary>
        <summary lang="en_GB">Created by BigNoid, Modded by SiLVO | Kim, and Widgets by Mr. V</summary>
        <summary lang="en_NZ">Created by BigNoid, Modded by SiLVO | Kim, and Widgets by Mr. V</summary>
        <summary lang="en_US">Created by BigNoid, Modded by SiLVO | Kim, and Widgets by Mr. V</summary>
        <summary lang="es_ES">Creada por BigNoid, Modificada por SiLVO | Kim, y Widgets por Mr. V</summary>
        <summary lang="et_EE">Looja: BigNoid, muutja: SiLVO | Kim, ja vidinad: Mr. V</summary>
        <summary lang="fi_FI">BigNoidin tekemä ja SiLVO | Kimn muokkaama. Widgetit Mr. V:ltä</summary>
        <summary lang="fr_CA">Créé par BigNoid, modifié by SiLVO | Kim, et gadgets logiciels par Mr. V</summary>
        <summary lang="fr_FR">Créé par BigNoid, Moddé par SiLVO | Kim, avec les widgets de M. V</summary>
        <summary lang="gl_ES">Created by BigNoid, Modded by SiLVO | Kim, and Widgets by Mr. V</summary>
        <summary lang="he_IL">המעטפת נוצרה על ידי BigNoid, Modded by SiLVO | Kim, and והיישומונים על ידי Mr. VLO</summary>
        <summary lang="hu_HU">Created by BigNoid, Modded by SiLVO | Kim, and Widgets by Mr. V</summary>
        <summary lang="is_IS">Útbúið af BigNoid, breytt af SiLVO | Kim, viðmótshlutar eftir Mr. V</summary>
        <summary lang="it_IT">Created by BigNoid, Modded by SiLVO | Kim, and Widgets by Mr. V</summary>
        <summary lang="ko_KR">Created by BigNoid, Modded by SiLVO | Kim, and Widgets by Mr. V</summary>
        <summary lang="lt_LT">Sukūrė BigNoid, modifikavo SiLVO | Kim bei valdiklius pridėjo Mr. V</summary>
        <summary lang="ms_MY">Created by BigNoid, Modded by SiLVO | Kim, and Widgets by Mr. V</summary>
        <summary lang="nb_NO">Laget av BigNoid, modifisert av SiLVO | Kim, og miniprogrammer av Mr. V.</summary>
        <summary lang="nl_NL">Ontwikkeld door BigNoid, aangepast door SiLVO | Kim, en Widgets door Mr. V</summary>
        <summary lang="pl_PL">Stworzona przez BigNoid, zmodyfikowana przez SiLVO | Kim, a gadżety autorstwa Mr. V</summary>
        <summary lang="pt_BR">Criado por BigNoid, Modificado por SiLVO | Kim e Widgets por Mr. V</summary>
        <summary lang="pt_PT">Criado por BigNoid, Modded por SiLVO | Kim, e Widgets por Mr. V</summary>
        <summary lang="ro_RO">Creat de BigNoid, Modificat de SiLVO | Kim, și widget-uri deMr. V</summary>
        <summary lang="ru_RU">Created by BigNoid, Modded by SiLVO | Kim, and Widgets by Mr. V</summary>
        <summary lang="sk_SK">Vytvoril BigNoid, Upravil SiLVO | Kim, miniaplikácie vytvoril Mr. V</summary>
        <summary lang="sv_SE">Created by BigNoid, Modded by SiLVO | Kim, and Widgets by Mr. V</summary>
        <summary lang="th_TH">Created by BigNoid, Modded by SiLVO | Kim, and Widgets by Mr. V</summary>
        <summary lang="tr_TR">BigNoid tarafından oluşturuldu; Modlar SiLVO | Kim'dan, Widget'lar Mr. V'den.</summary>
        <summary lang="vi_VN">Created by BigNoid, Modded by SiLVO | Kim, and Widgets by Mr. V - Sự trở về</summary>
        <summary lang="zh_CN">Created by BigNoid, Modded by SiLVO | Kim, and Widgets by Mr. V</summary>
        <summary lang="zh_TW">由BigNoid原創，SiLVO | Kim進行改造，以及由Mr. V製作的小工具</summary>
        <description lang="af_ZA">Heeltemal oor ontwerp om 'n moderne aansig te skep, terwyl die klassieke Nox Glass gevoel behou word.</description>
        <description lang="de_DE">Komplett neu designed für ein modernes Aussehen und das klassische Nox Glass-Feeling beizubehalten.</description>
        <description lang="el_GR">Πλήρως επανασχεδιασμένο για να προσφέρει μια μοντέρνα αισθητική, διατηρώντας ταυτόχρονα την κλασική ομορφιά του Nox Glass.</description>
        <description lang="en_AU">Completely redesigned to create a modern look, while retaining the classic Nox Glass feel.</description>
        <description lang="en_GB">Completely redesigned to create a modern look, while retaining the classic Nox Glass feel.</description>
        <description lang="en_NZ">Completely redesigned to create a modern look, while retaining the classic Nox Glass feel.</description>
        <description lang="en_US">Completely redesigned to create a modern look, while retaining the classic Nox Glass feel.</description>
        <description lang="es_ES">Completamente rediseñado para crear un aspecto moderno, pero conservando el toque clásico Nox Glass.</description>
        <description lang="et_EE">Täielikult uuesti disainitud, et luua tänapäevane välimus samas säilitades klassikaline Nox Glassi tunnetus.</description>
        <description lang="fi_FI">Täysin uudelleensuunniteltu moderni ulkoasu, kuitenkin tuntuen klassiselta Nox Glassilta.</description>
        <description lang="fr_CA">Complètement remanié pour créer une apparence moderne, tout en conservant l’esprit classique d’Nox Glass.</description>
        <description lang="fr_FR">Totalement revu pour créer un look moderne, en gardant l'expérience Nox Glass.</description>
        <description lang="gl_ES">Redeseñado completamente para crear unha aparencia moderna ao tempo que mantén a sensación do clásico Nox Glass.</description>
        <description lang="he_IL">עיצוב חדש היוצר מראה מודרני אך משמר את ההרגשה של Nox Glass הקלאסי.</description>
        <description lang="hr_HR">Potpuno preoblikovan moderan izgled, uz zadržani klasični Nox Glass osjećaj.</description>
        <description lang="hu_HU">Teljesen áttervezett modern kinézet, de megtartva a klasszikus Nox Glass érzetet.</description>
        <description lang="is_IS">Endurhannað nútímalegt útlit í anda Nox Glass.</description>
        <description lang="it_IT">Completamente ridisegnato per creare un look moderno, mantenendo la consueta qualità Nox Glass.</description>
        <description lang="ko_KR">고전적인 Nox Glass 느낌을 유지하면서 현대적인 모습으로 완전히 다시 디자인하여 만들었습니다.</description>
        <description lang="lt_LT">Pilnai atnaujinta, kad sukurtų modernią išvaizdą, išlaikant klasikinio Nox Glass pojūtį.</description>
        <description lang="ms_MY">Direka semula sepenuhnya untuk hasilkan penampilan modern, tetapi masih mengekalkan penampilan Nox Glass klasik.</description>
        <description lang="nb_NO">Helt redesignet for å tilby en moderne utforming, samtidig som den klassiske Nox Glass-følelsen er beholdt.</description>
        <description lang="nl_NL">Volledig opnieuw ontworpen om een ​​moderne look te creëren, met behoud van het klassieke Nox Glass-gevoel.</description>
        <description lang="pl_PL">Całkowicie przeprojektowana skóra Nox Glass, o nowoczesnym wyglądzie, zachowując klasyczny układ skóry Nox Glass.</description>
        <description lang="pt_BR">Design completamente novo para criar um look moderno, mantendo o feeling do Nox Glass Clássico.</description>
        <description lang="pt_PT">Completamente redesenhado para criar um visual moderno enquanto retém o toque clássico Nox Glass.</description>
        <description lang="ro_RO">Complet reproiectat pentru a crea o înfățișare modernă, dar totuși păstrând atmosfera clasică Nox Glass.</description>
        <description lang="ru_RU">Полностью переработан, чтобы создать современный облик, сохраняя при этом классическое чувство Nox Glass.</description>
        <description lang="sk_SK">Kompletne prepracovaný dizajn s moderným vzhľadom pri zachovaní klasického štýlu Nox Glass.</description>
        <description lang="sv_SE">Totalt omarbetad för att skapa ett modernt utseende, samtidigt som man behåller den klassiska Nox Glass-känslan.</description>
        <description lang="th_TH">การออกแบบใหม่หมดจด เพื่อสร้างรูปลักษณ์ทันสมัย, ​​ขณะที่ยังคงความรู้สึกคลาสสิคของ Nox Glass.</description>
        <description lang="tr_TR">Modern görünüme kavuşturmak için baştan tasarlandı, klasik Nox Glass hissi korundu</description>
        <description lang="vi_VN">Thiết kế lại hoàn toàn để tạo nên một phong cách hiện đại, trong khi đó vẫn duy trì một cảm giác Nox Glass cổ điển.</description>
        <description lang="zh_TW">完全的翻新設計以創造現代化的視覺感受，同時仍維持Nox Glass的經典外觀。</description>
        <platform>all</platform>
        <license>CC BY-NC-SA 4.0</license>
        <forum>,.'</forum>
        <website>Kim</website>
        <source>Kim</source>
        <assets>
            <icon>resources/icon.png</icon>
            <fanart>resources/fanart.jpg</fanart>
            <screenshot>resources/screenshots/screenshot-01.png</screenshot>
            <screenshot>resources/screenshots/screenshot-02.png</screenshot>
            <screenshot>resources/screenshots/screenshot-03.png</screenshot>
            <screenshot>resources/screenshots/screenshot-04.png</screenshot>
            <screenshot>resources/screenshots/screenshot-05.png</screenshot>
            <screenshot>resources/screenshots/screenshot-06.png</screenshot>
            <screenshot>resources/screenshots/screenshot-07.png</screenshot>
            <screenshot>resources/screenshots/screenshot-08.png</screenshot>
            <screenshot>resources/screenshots/screenshot-09.png</screenshot>
            <screenshot>resources/screenshots/screenshot-10.png</screenshot>
            <screenshot>resources/screenshots/screenshot-11.png</screenshot>
            <screenshot>resources/screenshots/screenshot-12.png</screenshot>
            <screenshot>resources/screenshots/screenshot-13.png</screenshot>
            <screenshot>resources/screenshots/screenshot-14.png</screenshot>
            <screenshot>resources/screenshots/screenshot-15.png</screenshot>
        </assets>
        <news>Compatible with the Kodi-19 version</news>
    </extension>
</addon>
