<?xml version="1.0" encoding="utf-8"?>
<includes>
	<include name="HomeAddonsDisplay">
		<control type="group" id="9002">
			<depth>DepthMenu</depth>
			<include>HomeAddonUpDown</include>
			<include>skinshortcuts-template-addons</include>
		</control>
	</include>
	<include name="HomeAddonUpDown">
		<onup condition="!Skin.HasSetting(LowerMenu)">9001</onup>
		<onup condition="Skin.HasSetting(LowerMenu)">9003</onup>
		<ondown condition="Skin.HasSetting(LowerMenu) + System.HasAddon(script.globalsearch) + Skin.HasSetting(ActivateGlobalSearch)">608</ondown>
		<ondown condition="Skin.HasSetting(LowerMenu) + [!System.HasAddon(script.globalsearch) | !Skin.HasSetting(ActivateGlobalSearch)]">603</ondown>
		<ondown condition="!Skin.HasSetting(LowerMenu) + !Skin.HasSetting(HidePowerButton) + Skin.HasSetting(HideFavoritesButton)">22</ondown>
		<ondown condition="!Skin.HasSetting(LowerMenu) + Skin.HasSetting(HidePowerButton) + !Skin.HasSetting(HideFavoritesButton)">21</ondown>
		<ondown condition="!Skin.HasSetting(LowerMenu)">20</ondown>
	</include>
	<include name="HomeAddonsCommonLayout">
		<include>Window_OpenClose_Animation</include>
		<include>HomeAddonsAnimation</include>
		<left>66</left>
		<top>190r</top>
		<width>1148</width>
		<height>200</height>
		<pagecontrol/>
		<scrolltime>300</scrolltime>
		<orientation>Horizontal</orientation>
		<itemlayout height="200" width="182">
			<control type="image">
				<left>0</left>
				<top>0</top>
				<width>180</width>
				<height>120</height>
				<aspectratio aligny="bottom">keep</aspectratio>
				<bordertexture border="5">button-nofocus.png</bordertexture>
				<bordersize>3</bordersize>
				<texture background="true">$INFO[ListItem.Icon]</texture>
			</control>
			<control type="image">
				<left>5</left>
				<top>120</top>
				<width>170</width>
				<height>110</height>
				<aspectratio aligny="top">keep</aspectratio>
				<texture diffuse="diffuse_mirror2.png" flipy="true" background="true">$INFO[ListItem.Icon]</texture>
			</control>
			<control type="label">
				<left>1</left>
				<top>125</top>
				<width>180</width>
				<height>20</height>
				<font>font12</font>
				<textcolor>grey2</textcolor>
				<align>center</align>
				<aligny>center</aligny>
				<label>$INFO[ListItem.Label]</label>
			</control>
		</itemlayout>
		<focusedlayout height="200" width="182">
			<control type="image">
				<left>0</left>
				<top>0</top>
				<width>180</width>
				<height>120</height>
				<aspectratio aligny="bottom">keep</aspectratio>
				<bordertexture border="5">button-nofocus.png</bordertexture>
				<bordersize>3</bordersize>
				<texture background="true">$INFO[ListItem.Icon]</texture>
				<visible>!ControlGroup(9002).HasFocus</visible>
			</control>
			<control type="image">
				<left>0</left>
				<top>0</top>
				<width>180</width>
				<height>120</height>
				<aspectratio aligny="bottom">keep</aspectratio>
				<bordertexture border="5">folder-focus.png</bordertexture>
				<bordersize>3</bordersize>
				<texture background="true">$INFO[ListItem.Icon]</texture>
				<visible>ControlGroup(9002).HasFocus</visible>
			</control>
			<control type="image">
				<left>5</left>
				<top>120</top>
				<width>170</width>
				<height>110</height>
				<aspectratio aligny="top">keep</aspectratio>
				<texture diffuse="diffuse_mirror2.png" flipy="true" background="true">$INFO[ListItem.Icon]</texture>
			</control>
			<control type="label">
				<left>1</left>
				<top>125</top>
				<width>180</width>
				<height>20</height>
				<font>font12</font>
				<textcolor>white</textcolor>
				<align>center</align>
				<aligny>center</aligny>
				<label>$INFO[ListItem.Label]</label>
				<visible>ControlGroup(9002).HasFocus</visible>
			</control>
			<control type="label">
				<left>1</left>
				<top>125</top>
				<width>180</width>
				<height>20</height>
				<font>font12</font>
				<textcolor>grey2</textcolor>
				<align>center</align>
				<aligny>center</aligny>
				<label>$INFO[ListItem.Label]</label>
				<visible>!ControlGroup(9002).HasFocus</visible>
			</control>
		</focusedlayout>
	</include>
	<!-- Addons Common Layout MediaPlaying -->
	<include name="HomeAddonsCommonLayoutMediaPlaying">
		<include>Window_OpenClose_Animation</include>
		<include>HomeAddonsAnimation</include>
		<left>230</left>
		<top>190r</top>
		<width>820</width>
		<height>200</height>
		<pagecontrol/>
		<scrolltime>300</scrolltime>
		<orientation>Horizontal</orientation>
		<itemlayout height="180" width="164">
			<control type="image">
				<left>0</left>
				<top>0</top>
				<width>162</width>
				<height>108</height>
				<aspectratio aligny="bottom">keep</aspectratio>
				<bordertexture border="5">button-nofocus.png</bordertexture>
				<bordersize>3</bordersize>
				<texture background="true">$INFO[ListItem.Icon]</texture>
			</control>
			<control type="image">
				<left>5</left>
				<top>108</top>
				<width>152</width>
				<height>100</height>
				<aspectratio aligny="top">keep</aspectratio>
				<texture diffuse="diffuse_mirror2.png" flipy="true" background="true">$INFO[ListItem.Icon]</texture>
				<visible>!Skin.HasSetting(NoFloorAll)</visible>
				<visible>!Skin.HasSetting(LowerMenu)</visible>
			</control>
			<control type="label">
				<left>1</left>
				<top>110</top>
				<width>162</width>
				<height>20</height>
				<font>font12</font>
				<textcolor>grey2</textcolor>
				<align>center</align>
				<aligny>center</aligny>
				<label>$INFO[ListItem.Label]</label>
				<visible>!Skin.HasSetting(NoLabelAddon)</visible>
			</control>
		</itemlayout>
		<focusedlayout height="180" width="164">
			<control type="image">
				<left>0</left>
				<top>0</top>
				<width>162</width>
				<height>108</height>
				<aspectratio aligny="bottom">keep</aspectratio>
				<bordertexture border="5">button-nofocus.png</bordertexture>
				<bordersize>3</bordersize>
				<texture background="true">$INFO[ListItem.Icon]</texture>
				<visible>!ControlGroup(9002).HasFocus</visible>
			</control>
			<control type="image">
				<left>0</left>
				<top>0</top>
				<width>162</width>
				<height>108</height>
				<aspectratio aligny="bottom">keep</aspectratio>
				<bordertexture border="5">folder-focus.png</bordertexture>
				<bordersize>3</bordersize>
				<texture background="true">$INFO[ListItem.Icon]</texture>
				<visible>ControlGroup(9002).HasFocus</visible>
			</control>
			<control type="image">
				<left>5</left>
				<top>108</top>
				<width>152</width>
				<height>100</height>
				<aspectratio aligny="top">keep</aspectratio>
				<texture diffuse="diffuse_mirror2.png" flipy="true" background="true">$INFO[ListItem.Icon]</texture>
				<visible>!Skin.HasSetting(NoFloorAll)</visible>
				<visible>!Skin.HasSetting(LowerMenu)</visible>
			</control>
			<control type="label">
				<left>1</left>
				<top>110</top>
				<width>162</width>
				<height>20</height>
				<font>font12</font>
				<textcolor>white</textcolor>
				<align>center</align>
				<aligny>center</aligny>
				<label>$INFO[ListItem.Label]</label>
				<visible>Control.HasFocus(9002)</visible>
				<visible>!Skin.HasSetting(NoLabelAddon)</visible>
			</control>
			<control type="label">
				<left>1</left>
				<top>110</top>
				<width>162</width>
				<height>20</height>
				<font>font12</font>
				<textcolor>grey2</textcolor>
				<align>center</align>
				<aligny>center</aligny>
				<label>$INFO[ListItem.Label]</label>
				<visible>!Control.HasFocus(9002)</visible>
				<visible>!Skin.HasSetting(NoLabelAddon)</visible>
			</control>
		</focusedlayout>
	</include>
	<include name="HomeAddonsCommonAnimation">
		<animation effect="slide" start="0,0" end="82,0" time="0" condition="Integer.IsEqual(Container($PARAM[list_id]).NumItems,6)">conditional</animation>
		<animation effect="slide" start="0,0" end="164,0" time="0" condition="Integer.IsEqual(Container($PARAM[list_id]).NumItems,5)">conditional</animation>
		<animation effect="slide" start="0,0" end="246,0" time="0" condition="Integer.IsEqual(Container($PARAM[list_id]).NumItems,4)">conditional</animation>
		<animation effect="slide" start="0,0" end="328,0" time="0" condition="Integer.IsEqual(Container($PARAM[list_id]).NumItems,3)">conditional</animation>
		<animation effect="slide" start="0,0" end="410,0" time="0" condition="Integer.IsEqual(Container($PARAM[list_id]).NumItems,2)">conditional</animation>
		<animation effect="slide" start="0,0" end="492,0" time="0" condition="Integer.IsEqual(Container($PARAM[list_id]).NumItems,1)">conditional</animation>
	</include>
	<include name="HomeAddonsCommonAnimationMediaPlaying">
		<animation effect="slide" start="0,0" end="82,0" time="0" condition="Integer.IsEqual(Container($PARAM[list_id]).NumItems,4)">conditional</animation>
		<animation effect="slide" start="0,0" end="164,0" time="0" condition="Integer.IsEqual(Container($PARAM[list_id]).NumItems,3)">conditional</animation>
		<animation effect="slide" start="0,0" end="246,0" time="0" condition="Integer.IsEqual(Container($PARAM[list_id]).NumItems,2)">conditional</animation>
		<animation effect="slide" start="0,0" end="328,0" time="0" condition="Integer.IsEqual(Container($PARAM[list_id]).NumItems,1)">conditional</animation>
	</include>
	<include name="HomeAddonsAnimation">
		<animation effect="slide" start="0,0" end="0,-205" time="0" condition="Skin.HasSetting(LowerMenu)">Conditional</animation>
		<animation type="Visible" condition="!Skin.HasSetting(NoSlideAddon)">
			<effect type="slide" start="0,30" end="0,0" delay="200" easing="out" tween="quadratic" time="200"/>
			<effect type="fade" start="0" end="100" delay="200" time="200"/>
		</animation>
		<animation type="Hidden" condition="!Skin.HasSetting(NoSlideAddon)">
			<effect type="zoom" start="100" end="70" center="auto" easing="in" tween="quadratic" time="300" />
			<effect type="fade" start="100" end="0" time="300" />
		</animation>
		<animation effect="fade" start="100" end="0" time="200" condition="!ControlGroup(9002).HasFocus + Skin.HasSetting(NoSlideAddon)">conditional</animation>
		<animation type="conditional" condition="ControlGroup(9002).HasFocus + Skin.HasSetting(NoSlideAddon)">
			<effect type="slide" start="0,30" end="0,0" delay="200" easing="out" tween="quadratic" time="200" />
			<effect type="fade" start="0" end="100" delay="200" time="200" />
		</animation>
		<animation type="Hidden" condition="ControlGroup(9002).HasFocus + Skin.HasSetting(NoSlideAddon)">
			<effect type="zoom" start="100" end="70" center="auto" easing="in" tween="quadratic" time="300"/>
			<effect type="fade" start="100" end="0" time="300"/>
		</animation>
		<hitrect x="0" y="530" w="1280" h="120"/>
	</include>
	<include name="SelectItemChoices">
		<content>
			<item>
				<description>Favourites Window</description>
				<label>$LOCALIZE[89702]</label>
				<onclick>Dialog.Close($PARAM[id_win])</onclick>
				<onclick>Skin.SetString(UsrFavBtnCmd.Path,ActivateWindow(Favourites),return)</onclick>
				<onclick>Skin.SetString(UsrFavBtnCmd.Label,$LOCALIZE[89702])</onclick>
				<onclick>ClearProperty(UsrSelectBtn,Home)</onclick>
				<visible>String.IsEqual(Window(Home).Property(UsrSelectBtn),UsrFavBtnCmd)</visible>
			</item>
			<item>
				<description>Random Movies</description>
				<label>$LOCALIZE[89032]</label>
				<onclick>Dialog.Close($PARAM[id_win])</onclick>
				<onclick>Skin.SetString(UsrFavBtnCmd.Path,ActivateWindow(2125))</onclick>
				<onclick>Skin.SetString(UsrFavBtnCmd.Label,$LOCALIZE[89032])</onclick>
				<onclick>ClearProperty(UsrSelectBtn,Home)</onclick>
				<visible>String.IsEqual(Window(Home).Property(UsrSelectBtn),UsrFavBtnCmd)</visible>
				<visible>Library.HasContent(Movies)</visible>
			</item>
			<item>
				<description>Random Episodes</description>
				<label>$LOCALIZE[89035]</label>
				<onclick>Dialog.Close($PARAM[id_win])</onclick>
				<onclick>Skin.SetString(UsrFavBtnCmd.Path,ActivateWindow(2124))</onclick>
				<onclick>Skin.SetString(UsrFavBtnCmd.Label,$LOCALIZE[89035])</onclick>
				<onclick>ClearProperty(UsrSelectBtn,Home)</onclick>
				<visible>String.IsEqual(Window(Home).Property(UsrSelectBtn),UsrFavBtnCmd)</visible>
				<visible>Library.HasContent(TVShows)</visible>
			</item>
			<item>
				<description>Random Albums</description>
				<label>$LOCALIZE[89027]</label>
				<onclick>Dialog.Close($PARAM[id_win])</onclick>
				<onclick>Skin.SetString(UsrFavBtnCmd.Path,ActivateWindow(2123))</onclick>
				<onclick>Skin.SetString(UsrFavBtnCmd.Label,$LOCALIZE[89027])</onclick>
				<onclick>ClearProperty(UsrSelectBtn,Home)</onclick>
				<visible>String.IsEqual(Window(Home).Property(UsrSelectBtn),UsrFavBtnCmd)</visible>
				<visible>Library.HasContent(Music)</visible>
			</item>
			<item>
				<description>Random Music Video</description>
				<label>$LOCALIZE[89038]</label>
				<onclick>Dialog.Close($PARAM[id_win])</onclick>
				<onclick>Skin.SetString(UsrFavBtnCmd.Path,ActivateWindow(2126))</onclick>
				<onclick>Skin.SetString(UsrFavBtnCmd.Label,$LOCALIZE[89038])</onclick>
				<onclick>ClearProperty(UsrSelectBtn,Home)</onclick>
				<visible>String.IsEqual(Window(Home).Property(UsrSelectBtn),UsrFavBtnCmd)</visible>
				<visible>Library.HasContent(MusicVideos)</visible>
			</item>
			<item>
				<description>Auto Random Media</description>
				<label>$LOCALIZE[89705]</label>
				<onclick>Dialog.Close($PARAM[id_win])</onclick>
				<onclick>Skin.SetString(UsrFavBtnCmd.Path,AutoSuggest)</onclick>
				<onclick>Skin.SetString(UsrFavBtnCmd.Label,$LOCALIZE[89705])</onclick>
				<onclick>ClearProperty(UsrSelectBtn,Home)</onclick>
				<visible>String.IsEqual(Window(Home).Property(UsrSelectBtn),UsrFavBtnCmd)</visible>
			</item>
			<item>
				<description>Eject DISC</description>
				<label>$LOCALIZE[89706]</label>
				<onclick>Dialog.Close($PARAM[id_win])</onclick>
				<onclick>Skin.SetString(UsrFavBtnCmd.Path,EjectTray())</onclick>
				<onclick>Skin.SetString(UsrFavBtnCmd.Label,$LOCALIZE[89706])</onclick>
				<onclick>ClearProperty(UsrSelectBtn,Home)</onclick>
				<visible>String.IsEqual(Window(Home).Property(UsrSelectBtn),UsrFavBtnCmd)</visible>
			</item>
			<item>
				<description>Skin Settings</description>
				<label>$LOCALIZE[166]</label>
				<onclick>Dialog.Close($PARAM[id_win])</onclick>
				<onclick>Skin.SetString(UsrFavBtnCmd.Path,ActivateWindow(SkinSettings),return)</onclick>
				<onclick>Skin.SetString(UsrFavBtnCmd.Label,$LOCALIZE[166])</onclick>
				<onclick>ClearProperty(UsrSelectBtn,Home)</onclick>
				<visible>String.IsEqual(Window(Home).Property(UsrSelectBtn),UsrFavBtnCmd)</visible>
			</item>
			<item>
				<description>Shutdown Menu</description>
				<label>$LOCALIZE[89707]</label>
				<onclick>Dialog.Close($PARAM[id_win])</onclick>
				<onclick>Skin.SetString(UsrFavBtnCmd.Path,ActivateWindow(ShutdownMenu))</onclick>
				<onclick>Skin.SetString(UsrFavBtnCmd.Label,$LOCALIZE[89707])</onclick>
				<onclick>ClearProperty(UsrSelectBtn,Home)</onclick>
				<visible>String.IsEqual(Window(Home).Property(UsrSelectBtn),UsrFavBtnCmd)</visible>
			</item>
			<item>
				<description>Shutdown Menu</description>
				<label>$LOCALIZE[89707]</label>
				<onclick>Dialog.Close($PARAM[id_win])</onclick>
				<onclick>Skin.SetString(UsrPwrBtnCmd.Path,ActivateWindow(ShutdownMenu))</onclick>
				<onclick>Skin.SetString(UsrPwrBtnCmd.Label,$LOCALIZE[89707])</onclick>
				<onclick>ClearProperty(UsrSelectBtn,Home)</onclick>
				<visible>String.IsEqual(Window(Home).Property(UsrSelectBtn),UsrPwrBtnCmd)</visible>
			</item>
			<item>
				<description>Skin Settings</description>
				<label>$LOCALIZE[166]</label>
				<onclick>Dialog.Close($PARAM[id_win])</onclick>
				<onclick>Skin.SetString(UsrPwrBtnCmd.Path,ActivateWindow(SkinSettings))</onclick>
				<onclick>Skin.SetString(UsrPwrBtnCmd.Label,$LOCALIZE[166])</onclick>
				<onclick>ClearProperty(UsrSelectBtn,Home)</onclick>
				<visible>String.IsEqual(Window(Home).Property(UsrSelectBtn),UsrPwrBtnCmd)</visible>
			</item>
			<item>
				<description>Exit</description>
				<label>$LOCALIZE[13012]</label>
				<onclick>Dialog.Close($PARAM[id_win])</onclick>
				<onclick>Skin.SetString(UsrPwrBtnCmd.Path,Quit)</onclick>
				<onclick>Skin.SetString(UsrPwrBtnCmd.Label,$LOCALIZE[13012])</onclick>
				<onclick>ClearProperty(UsrSelectBtn,Home)</onclick>
				<visible>String.IsEqual(Window(Home).Property(UsrSelectBtn),UsrPwrBtnCmd)</visible>
			</item>
			<item>
				<description>Shutdown</description>
				<label>$LOCALIZE[13005]</label>
				<onclick>Dialog.Close($PARAM[id_win])</onclick>
				<onclick>Skin.SetString(UsrPwrBtnCmd.Path,Shutdown)</onclick>
				<onclick>Skin.SetString(UsrPwrBtnCmd.Label,$LOCALIZE[13005])</onclick>
				<onclick>ClearProperty(UsrSelectBtn,Home)</onclick>
				<visible>String.IsEqual(Window(Home).Property(UsrSelectBtn),UsrPwrBtnCmd)</visible>
			</item>
			<item>
				<description>Suspend</description>
				<label>$LOCALIZE[13011]</label>
				<onclick>Dialog.Close($PARAM[id_win])</onclick>
				<onclick>Skin.SetString(UsrPwrBtnCmd.Path,Suspend)</onclick>
				<onclick>Skin.SetString(UsrPwrBtnCmd.Label,$LOCALIZE[13011])</onclick>
				<onclick>ClearProperty(UsrSelectBtn,Home)</onclick>
				<visible>String.IsEqual(Window(Home).Property(UsrSelectBtn),UsrPwrBtnCmd)</visible>
			</item>
			<item>
				<description>Hibernate</description>
				<label>$LOCALIZE[13010]</label>
				<onclick>Dialog.Close($PARAM[id_win])</onclick>
				<onclick>Skin.SetString(UsrPwrBtnCmd.Path,Hibernate)</onclick>
				<onclick>Skin.SetString(UsrPwrBtnCmd.Label,$LOCALIZE[13010])</onclick>
				<onclick>ClearProperty(UsrSelectBtn,Home)</onclick>
				<visible>String.IsEqual(Window(Home).Property(UsrSelectBtn),UsrPwrBtnCmd)</visible>
			</item>
			<item>
				<description>Reboot</description>
				<label>$LOCALIZE[13013]</label>
				<onclick>Dialog.Close($PARAM[id_win])</onclick>
				<onclick>Skin.SetString(UsrPwrBtnCmd.Path,Reboot)</onclick>
				<onclick>Skin.SetString(UsrPwrBtnCmd.Label,$LOCALIZE[13013])</onclick>
				<onclick>ClearProperty(UsrSelectBtn,Home)</onclick>
				<visible>String.IsEqual(Window(Home).Property(UsrSelectBtn),UsrPwrBtnCmd)</visible>
			</item>
			<item>
				<description>Log Off</description>
				<label>$LOCALIZE[13200] $LOCALIZE[20126]</label>
				<onclick>Dialog.Close($PARAM[id_win])</onclick>
				<onclick>Skin.SetString(UsrPwrBtnCmd.Path,System.LogOff)</onclick>
				<onclick>Skin.SetString(UsrPwrBtnCmd.Label,$LOCALIZE[13200] $LOCALIZE[20126])</onclick>
				<onclick>ClearProperty(UsrSelectBtn,Home)</onclick>
				<visible>String.IsEqual(Window(Home).Property(UsrSelectBtn),UsrPwrBtnCmd)</visible>
			</item>
			<item>
				<description>Video addons</description>
				<label>$LOCALIZE[1037]</label>
				<onclick>Skin.Reset(UsrSelectAddon)</onclick>
				<onclick>Dialog.Close($PARAM[id_win])</onclick>
				<onclick>Skin.SetAddon(UsrSelectAddon,xbmc.addon.video)</onclick>
				<onclick>Skin.SetString($INFO[Window(Home).Property(UsrSelectBtn)].Label,$INFO[system.addontitle(Skin.String(UsrSelectAddon))])</onclick>
				<onclick>Skin.SetString($INFO[Window(Home).Property(UsrSelectBtn)].Path,RunAddon($INFO[Skin.String(UsrSelectAddon)]))</onclick>
				<onclick>Skin.SetString($INFO[Window(Home).Property(UsrSelectBtn)].Icon,$INFO[system.addonicon(Skin.String(UsrSelectAddon))])</onclick>
				<onclick>Skin.SetString($INFO[Window(Home).Property(UsrSelectBtn)].Label)</onclick>
				<onclick>ClearProperty(UsrSelectBtn,Home)</onclick>
				<visible>!String.IsEqual(Window(Home).Property(UsrSelectBtn),UsrPwrBtnCmd)</visible>
			</item>
			<item>
				<description>Music addons</description>
				<label>$LOCALIZE[1038]</label>
				<onclick>Skin.Reset(UsrSelectAddon)</onclick>
				<onclick>Dialog.Close($PARAM[id_win])</onclick>
				<onclick>Skin.SetAddon(UsrSelectAddon,xbmc.addon.audio)</onclick>
				<onclick>Skin.SetString($INFO[Window(Home).Property(UsrSelectBtn)].Label,$INFO[system.addontitle(Skin.String(UsrSelectAddon))])</onclick>
				<onclick>Skin.SetString($INFO[Window(Home).Property(UsrSelectBtn)].Path,RunAddon($INFO[Skin.String(UsrSelectAddon)]))</onclick>
				<onclick>Skin.SetString($INFO[Window(Home).Property(UsrSelectBtn)].Icon,$INFO[system.addonicon(Skin.String(UsrSelectAddon))])</onclick>
				<onclick>Skin.SetString($INFO[Window(Home).Property(UsrSelectBtn)].Label)</onclick>
				<onclick>ClearProperty(UsrSelectBtn,Home)</onclick>
				<visible>!String.IsEqual(Window(Home).Property(UsrSelectBtn),UsrPwrBtnCmd)</visible>
			</item>
			<item>
				<description>Picture addons</description>
				<label>$LOCALIZE[1039]</label>
				<onclick>Skin.Reset(UsrSelectAddon)</onclick>
				<onclick>Dialog.Close($PARAM[id_win])</onclick>
				<onclick>Skin.SetAddon(UsrSelectAddon,xbmc.addon.image)</onclick>
				<onclick>Skin.SetString($INFO[Window(Home).Property(UsrSelectBtn)].Label,$INFO[system.addontitle(Skin.String(UsrSelectAddon))])</onclick>
				<onclick>Skin.SetString($INFO[Window(Home).Property(UsrSelectBtn)].Path,RunAddon($INFO[Skin.String(UsrSelectAddon)]))</onclick>
				<onclick>Skin.SetString($INFO[Window(Home).Property(UsrSelectBtn)].Icon,$INFO[system.addonicon(Skin.String(UsrSelectAddon))])</onclick>
				<onclick>Skin.SetString($INFO[Window(Home).Property(UsrSelectBtn)].Label)</onclick>
				<onclick>ClearProperty(UsrSelectBtn,Home)</onclick>
				<visible>!String.IsEqual(Window(Home).Property(UsrSelectBtn),UsrPwrBtnCmd)</visible>
			</item>
			<item>
				<description>Programme addons</description>
				<label>$LOCALIZE[1043]</label>
				<onclick>Skin.Reset(UsrSelectAddon)</onclick>
				<onclick>Dialog.Close($PARAM[id_win])</onclick>
				<onclick>Skin.SetAddon(UsrSelectAddon,xbmc.addon.executable)</onclick>
				<onclick>Skin.SetString($INFO[Window(Home).Property(UsrSelectBtn)].Label,$INFO[system.addontitle(Skin.String(UsrSelectAddon))])</onclick>
				<onclick>Skin.SetString($INFO[Window(Home).Property(UsrSelectBtn)].Path,RunAddon($INFO[Skin.String(UsrSelectAddon)]))</onclick>
				<onclick>Skin.SetString($INFO[Window(Home).Property(UsrSelectBtn)].Icon,$INFO[system.addonicon(Skin.String(UsrSelectAddon))])</onclick>
				<onclick>Skin.SetString($INFO[Window(Home).Property(UsrSelectBtn)].Label)</onclick>
				<onclick>ClearProperty(UsrSelectBtn,Home)</onclick>
				<visible>!String.IsEqual(Window(Home).Property(UsrSelectBtn),UsrPwrBtnCmd)</visible>
			</item>
			<item>
				<description>Playlist Music</description>
				<label>$LOCALIZE[559] ($LOCALIZE[2])</label>
				<onclick>Skin.Reset(UsrSelectAddon)</onclick>
				<onclick>Dialog.Close($PARAM[id_win])</onclick>
				<onclick>Skin.SetFile(UsrSelectAddon,.m3u|.xsp|.pls,special://musicplaylists/)</onclick>
				<onclick>Skin.SetString($INFO[Window(Home).Property(UsrSelectBtn)].Label,$LOCALIZE[559])</onclick>
				<onclick>Skin.SetString($INFO[Window(Home).Property(UsrSelectBtn)].Path,PlayMedia("$INFO[Skin.String(UsrSelectAddon)]"))</onclick>
				<onclick>Skin.SetString($INFO[Window(Home).Property(UsrSelectBtn)].Icon,DefaultMusicPlaylists.png)</onclick>
				<onclick>Skin.SetString($INFO[Window(Home).Property(UsrSelectBtn)].Label)</onclick>
				<onclick>ClearProperty(UsrSelectBtn,Home)</onclick>
				<visible>!String.IsEqual(Window(Home).Property(UsrSelectBtn),UsrPwrBtnCmd)</visible>
			</item>
			<item>
				<description>Playlist Video</description>
				<label>$LOCALIZE[559] ($LOCALIZE[3])</label>
				<onclick>Skin.Reset(UsrSelectAddon)</onclick>
				<onclick>Dialog.Close($PARAM[id_win])</onclick>
				<onclick>Skin.SetFile(UsrSelectAddon,.xsp,special://videoplaylists/)</onclick>
				<onclick>Skin.SetString($INFO[Window(Home).Property(UsrSelectBtn)].Label,$LOCALIZE[559])</onclick>
				<onclick>Skin.SetString($INFO[Window(Home).Property(UsrSelectBtn)].Path,ActivateWindow(videos,"$INFO[Skin.String(UsrSelectAddon)]",return))</onclick>
				<onclick>Skin.SetString($INFO[Window(Home).Property(UsrSelectBtn)].Icon,DefaultVideoPlaylists.png)</onclick>
				<onclick>Skin.SetString($INFO[Window(Home).Property(UsrSelectBtn)].Label)</onclick>
				<onclick>ClearProperty(UsrSelectBtn,Home)</onclick>
				<visible>!String.IsEqual(Window(Home).Property(UsrSelectBtn),UsrPwrBtnCmd)</visible>
			</item>
			<item>
				<description>Watch it Later Playlist</description>
				<label>$LOCALIZE[559] ($LOCALIZE[89023])</label>
				<onclick>Skin.Reset(UsrSelectAddon)</onclick>
				<onclick>Dialog.Close($PARAM[id_win])</onclick>
				<onclick>Skin.SetString($INFO[Window(Home).Property(UsrSelectBtn)].Label,$LOCALIZE[89023])</onclick>
				<onclick>Skin.SetString($INFO[Window(Home).Property(UsrSelectBtn)].Path,RunAddon(script.simpleplaylists))</onclick>
				<onclick>Skin.SetString($INFO[Window(Home).Property(UsrSelectBtn)].Icon,DefaultVideoPlaylists.png)</onclick>
				<onclick>Skin.SetString($INFO[Window(Home).Property(UsrSelectBtn)].Label)</onclick>
				<onclick>ClearProperty(UsrSelectBtn,Home)</onclick>
				<visible>System.HasAddon(script.simpleplaylists)</visible>
				<visible>!String.IsEqual(Window(Home).Property(UsrSelectBtn),UsrPwrBtnCmd)</visible>
			</item>
		</content>
	</include>
</includes>