<?xml version="1.0" encoding="UTF-8"?>
<window>
	<defaultcontrol always="true">3</defaultcontrol>
    <include>openclose</include>
    <include>openclosebox</include>
	<depth>DepthOSD</depth>
	<controls>
		<include condition="![Window.IsActive(gamestretchmode) | Window.IsActive(gamevideofilter) | Window.IsActive(gamevideorotation)]">DefaultDialogSelectLayout</include>
		<include condition="Window.IsActive(gamevideofilter)">GameDialogSelectLayout</include>
		<include condition="Window.IsActive(gamestretchmode)">GameDialogSelectLayout</include>
		<include condition="Window.IsActive(gamevideorotation)">GameDialogSelectLayout</include>
	</controls>
</window>
