<?xml version="1.0" encoding="UTF-8"?>
<window>
	<depth>DepthOSD</depth>
	<defaultcontrol always="true">5553</defaultcontrol>
	<include>openclosevisible</include>
	<include>openclose</include>
	<onunload>ClearProperty(PlayerInfoDialogFocus,Home)</onunload>
	<controls>
		<control type="group">
			<top>350</top>
			<height>250</height>
			<animation effect="slide" end="0,-20" time="150" condition="VideoPlayer.Content(LiveTV)">conditional</animation>
			<control type="image">
				<top>-220</top>
				<height>330</height>
				<texture>BlackBack.png</texture>
			</control>
			<control type="grouplist">
				<left>50</left>
				<top>-204</top>
				<visible>String.IsEqual(Window(Home).Property(PlayerInfoDialogFocus),5551)</visible>
				<control type="label">
					<width>1200</width>
					<height>50</height>
					<aligny>bottom</aligny>
					<label>$INFO[PVR.ActStreamServiceName,[COLOR selected]$LOCALIZE[19099]:[/COLOR] ]</label>
				</control>
				<control type="label">
					<width>1200</width>
					<height>50</height>
					<aligny>bottom</aligny>
					<label>$INFO[PVR.ActStreamProviderName,[COLOR selected]$LOCALIZE[19101]:[/COLOR] ]</label>
				</control>
				<control type="label">
					<width>1200</width>
					<height>50</height>
					<aligny>bottom</aligny>
					<label>$INFO[PVR.ActStreamClient,[COLOR selected]$LOCALIZE[19012]:[/COLOR] ]</label>
				</control>
				<control type="label">
					<width>1200</width>
					<height>50</height>
					<aligny>bottom</aligny>
					<label>$INFO[PVR.ActStreamDevice,[COLOR selected]$LOCALIZE[19006]:[/COLOR] ]</label>
				</control>
				<control type="label">
					<width>1200</width>
					<height>50</height>
					<aligny>bottom</aligny>
					<label>$INFO[PVR.ActStreamStatus,[COLOR selected]$LOCALIZE[19007]:[/COLOR] ]</label>
				</control>
				<control type="label">
					<width>1200</width>
					<height>50</height>
					<aligny>bottom</aligny>
					<label>$INFO[PVR.ActStreamEncryptionName,[COLOR selected]$LOCALIZE[19015]:[/COLOR] ]</label>
				</control>
			</control>
			<control type="grouplist">
				<left>1250</left>
				<top>-204</top>
				<visible>String.IsEqual(Window(Home).Property(PlayerInfoDialogFocus),5551)</visible>
				<usecontrolcoords>true</usecontrolcoords>
				<control type="label">
					<width>600</width>
					<height>50</height>
					<aligny>bottom</aligny>
					<label>$INFO[PVR.ActStreamBer,[COLOR selected]$LOCALIZE[19010]:[/COLOR] ]</label>
				</control>
				<control type="label">
					<width>600</width>
					<height>50</height>
					<aligny>bottom</aligny>
					<label>$INFO[PVR.ActStreamUnc,[COLOR selected]$LOCALIZE[19011]:[/COLOR] ]</label>
				</control>
				<control type="label">
					<width>600</width>
					<height>50</height>
					<aligny>bottom</aligny>
					<label>$INFO[PVR.ActStreamMux,[COLOR selected]$LOCALIZE[19100]:[/COLOR] ]</label>
				</control>
				<control type="label">
					<width>600</width>
					<height>50</height>
					<aligny>bottom</aligny>
					<label>$INFO[PVR.ActStreamSignal,[COLOR selected]$LOCALIZE[19008]:[/COLOR] ]</label>
				</control>
				<control type="progress">
					<top>5</top>
					<width>600</width>
					<height>18</height>
					<info>PVR.ActStreamProgrSignal</info>
				</control>
				<control type="label">
					<top>5</top>
					<width>1600</width>
					<height>50</height>
					<aligny>bottom</aligny>
					<label>$INFO[PVR.ActStreamSNR,[COLOR selected]$LOCALIZE[19009]:[/COLOR] ]</label>
				</control>
				<control type="progress">
					<top>0</top>
					<width>600</width>
					<height>18</height>
					<info>PVR.ActStreamProgrSNR</info>
				</control>
			</control>
			<control type="grouplist">
				<left>50</left>
				<top>-204</top>
				<visible>String.IsEqual(Window(Home).Property(PlayerInfoDialogFocus),5552)</visible>
				<control type="label">
					<width>830</width>
					<height>50</height>
					<aligny>bottom</aligny>
					<label>$INFO[VideoPlayer.VideoCodec,[COLOR selected]$LOCALIZE[21445]:[/COLOR] ]</label>
					<visible>Player.HasVideo</visible>
				</control>
				<control type="label">
					<width>830</width>
					<height>50</height>
					<aligny>bottom</aligny>
					<label>$INFO[VideoPlayer.VideoResolution,[COLOR selected]$LOCALIZE[21443]:[/COLOR] ]</label>
					<visible>Player.HasVideo</visible>
				</control>
				<control type="label">
					<width>830</width>
					<height>50</height>
					<aligny>bottom</aligny>
					<label>$INFO[VideoPlayer.VideoAspect,[COLOR selected]$LOCALIZE[21374]:[/COLOR] ]</label>
					<visible>Player.HasVideo</visible>
				</control>
				<control type="label">
					<width>830</width>
					<height>50</height>
					<aligny>bottom</aligny>
					<label>$INFO[VideoPlayer.VideoBitrate,[COLOR selected]$LOCALIZE[1212] $LOCALIZE[623]:[/COLOR] , kb/s]</label>
					<visible>Player.HasVideo</visible>
				</control>
			</control>
			<control type="grouplist">
				<left>1010</left>
				<top>-204</top>
				<visible>String.IsEqual(Window(Home).Property(PlayerInfoDialogFocus),5552)</visible>
				<control type="label">
					<width>830</width>
					<height>50</height>
					<aligny>bottom</aligny>
					<label>$INFO[VideoPlayer.AudioCodec,[COLOR selected]$LOCALIZE[21446]:[/COLOR] ]</label>
					<visible>Player.HasVideo</visible>
				</control>
				<control type="label">
					<width>830</width>
					<height>50</height>
					<aligny>bottom</aligny>
					<label>$INFO[VideoPlayer.AudioChannels,[COLOR selected]$LOCALIZE[21444]:[/COLOR] ]</label>
					<visible>Player.HasVideo</visible>
				</control>
				<control type="label">
					<width>830</width>
					<height>50</height>
					<aligny>bottom</aligny>
					<label>$INFO[VideoPlayer.AudioBitrate,[COLOR selected]$LOCALIZE[772] $LOCALIZE[623]:[/COLOR] , kb/s]</label>
					<visible>Player.HasVideo</visible>
				</control>
			</control>
			<control type="grouplist">
				<left>50</left>
				<top>-204</top>
				<visible>String.IsEqual(Window(Home).Property(PlayerInfoDialogFocus),5553)</visible>
				<control type="label">
					<width>1600</width>
					<height>50</height>
					<aligny>bottom</aligny>
					<label>$INFO[Player.Process(videodecoder),[COLOR selected]$LOCALIZE[31139]:[/COLOR] ]$VAR[VideoHWDecoder, (,)]</label>
					<visible>Player.HasVideo</visible>
				</control>
				<control type="label">
					<width>1600</width>
					<height>50</height>
					<aligny>bottom</aligny>
					<label>$INFO[Player.Process(pixformat),[COLOR selected]$LOCALIZE[31140]:[/COLOR] ]</label>
					<visible>Player.HasVideo</visible>
				</control>
				<control type="label">
					<width>1600</width>
					<height>50</height>
					<aligny>bottom</aligny>
					<label>$INFO[Player.Process(deintmethod),[COLOR selected]$LOCALIZE[16038]:[/COLOR] ]</label>
					<visible>Player.HasVideo</visible>
				</control>
				<control type="label">
					<width>1600</width>
					<height>50</height>
					<aligny>bottom</aligny>
					<label>$INFO[Player.Process(videowidth),[COLOR selected]$LOCALIZE[38031]:[/COLOR] ,x]$INFO[Player.Process(videoheight)]$INFO[Player.Process(videoscantype)]$INFO[Player.Process(videodar),$COMMA , AR]$INFO[Player.Process(videofps),$COMMA , FPS]</label>
					<visible>Player.HasVideo</visible>
				</control>
				<control type="label">
					<width>1600</width>
					<height>50</height>
					<aligny>bottom</aligny>
					<label>[COLOR selected]$LOCALIZE[460]:[/COLOR] $INFO[Player.Process(audiochannels),,$COMMA ]$INFO[Player.Process(audiodecoder)]$INFO[Player.Process(audiobitspersample),$COMMA , bits]$INFO[Player.Process(audiosamplerate),$COMMA , Hz]</label>
				</control>
			</control>
			<control type="grouplist">
				<left>50</left>
				<top>-204</top>
				<visible>String.IsEqual(Window(Home).Property(PlayerInfoDialogFocus),5554)</visible>
				<control type="label">
					<width>1600</width>
					<height>50</height>
					<aligny>bottom</aligny>
					<label>$INFO[System.ScreenResolution,[COLOR selected]$LOCALIZE[31607]:[/COLOR] ]</label>
				</control>
				<control type="label">
					<width>1600</width>
					<height>50</height>
					<aligny>bottom</aligny>
					<label>$INFO[System.FPS,[COLOR selected]$LOCALIZE[31608]:[/COLOR] , fps]</label>
				</control>
				<control type="label">
					<width>1600</width>
					<height>50</height>
					<aligny>bottom</aligny>
					<label>$INFO[System.Memory(used.percent),[COLOR selected]$LOCALIZE[31030]:[/COLOR] ]</label>
					<visible>System.SupportsCPUUsage</visible>
				</control>
				<control type="label">
					<width>1600</width>
					<height>50</height>
					<aligny>bottom</aligny>
					<label>$INFO[System.CpuUsage,[COLOR selected]$LOCALIZE[31609]:[/COLOR] ]</label>
					<visible>System.SupportsCPUUsage</visible>
				</control>
				<control type="label">
					<width>1600</width>
					<height>50</height>
					<aligny>bottom</aligny>
					<label>$INFO[System.Memory(used.percent),[COLOR selected]$LOCALIZE[31030]:[/COLOR] ]</label>
					<visible>!System.SupportsCPUUsage</visible>
				</control>
			</control>
			<control type="grouplist" id="5550">
				<right>20</right>
				<top>55</top>
				<width>1000</width>
				<height>100</height>
				<align>right</align>
				<orientation>horizontal</orientation>
				<itemgap>-10</itemgap>
				<onup>Close</onup>
				<ondown>Close</ondown>
				<usecontrolcoords>true</usecontrolcoords>
				<control type="button" id="5551">
					<width>auto</width>
					<textoffsetx>40</textoffsetx>
					<label>$LOCALIZE[31137]</label>
					<visible>VideoPlayer.Content(livetv)</visible>
					<onfocus>SetProperty(PlayerInfoDialogFocus,5551,Home)</onfocus>
				</control>
				<control type="button" id="5552">
					<width>auto</width>
					<textoffsetx>40</textoffsetx>
					<label>$LOCALIZE[14211]</label>
					<onfocus>SetProperty(PlayerInfoDialogFocus,5552,Home)</onfocus>
				</control>
				<control type="button" id="5553">
					<width>auto</width>
					<textoffsetx>40</textoffsetx>
					<label>$LOCALIZE[10116]</label>
					<onfocus>SetProperty(PlayerInfoDialogFocus,5553,Home)</onfocus>
				</control>
				<control type="button" id="5554">
					<width>auto</width>
					<textoffsetx>40</textoffsetx>
					<label>$LOCALIZE[13000]</label>
					<onfocus>SetProperty(PlayerInfoDialogFocus,5554,Home)</onfocus>
				</control>
			</control>
		</control>
	</controls>
</window>
