<?xml version="1.0" encoding="utf-8"?>
<window>
	<animation effect="fade" end="100" time="560">WindowOpen</animation>
	<animation effect="fade" start="100" end="0" time="240">WindowClose</animation>
    <controls>
        <control type="group">
			<!-- <visible>String.IsEmpty(Window(Home).Property(script.cinemavision.running))</visible> -->
			<animation effect="fade" time="400">VisibleChange</animation>
			<centerleft>50%</centerleft>
			<centertop>50%</centertop>
			<width>1920</width>
			<height>540</height>
			<visible>!Window.IsActive(startup)</visible>
			<control type="group">
				<depth>DepthMax</depth>
                <control type="image">
                    <description>Busy animation</description>
                    <left>0</left>
                    <top>210</top>
                    <width>1920</width>
                    <height>15</height>
                    <colordiffuse>fanartdiffuse</colordiffuse>
                    <texture>Shadow.png</texture>
                </control>
                <control type="image">
                    <description>Busy animation</description>
                    <left>0</left>
                    <top>405</top>
                    <width>1920</width>
                    <height>15</height>
                    <colordiffuse>fanartdiffuse</colordiffuse>
                    <texture flipy="true">Shadow.png</texture>
                </control>
                <control type="image">
                    <description>Busy animation</description>
                    <left>0</left>
                    <top>225</top>
                    <width>1920</width>
                    <height>180</height>
                    <texture>BlackBack.png</texture>
                </control>
                <control type="image">
                    <description>Busy animation</description>
                    <left>0</left>
                    <top>225</top>
                    <width>1920</width>
                    <height>1</height>
                    <texture>Separator2.png</texture>
                </control>
                <control type="image">
                    <description>Busy animation</description>
                    <left>0</left>
                    <top>405</top>
                    <width>1920</width>
                    <height>1</height>
                    <texture>Separator2.png</texture>
                </control>
                <control type="image">
                    <description>Busy animation</description>
                    <left>885</left>
                    <top>240</top>
                    <width>150</width>
                    <height>150</height>
                    <texture>Busy.png</texture>
                    <aspectratio>keep</aspectratio>
                    <animation effect="rotate" start="0" end="360" center="auto" time="3500" loop="true" condition="true">conditional</animation>
                </control>
                <control type="image">
                    <description>Busy animation</description>
                    <left>908</left>
                    <top>262</top>
                    <width>105</width>
                    <height>105</height>
                    <texture>Busy.png</texture>
                    <aspectratio>keep</aspectratio>
                    <colordiffuse>grey</colordiffuse>
                    <animation effect="rotate" start="0" end="-360" center="auto" time="3000" loop="true" condition="true">conditional</animation>
                </control>
            </control>
        </control>
    </controls>
</window>
