<?xml version="1.0" encoding="UTF-8"?>
<window id="601">
    <defaultcontrol always="true">7</defaultcontrol>
    <include>openclose</include>
    <include>opencloseslideleft</include>
    <controls>
        <control type="image">
            <left>698</left>
            <top>-8</top>
            <width>450</width>
            <height>1095</height>
            <texture background="true" flipx="true">SideFade.png</texture>
        </control>
        <control type="group">
            <left>1125</left>
            <top>-45</top>
            <control type="image">
                <left>8</left>
                <width>15</width>
                <height>1200</height>
                <colordiffuse>menudiffuse</colordiffuse>
                <texture background="true" flipx="true">SideFade.png</texture>
            </control>
            <control type="image">
                <left>772</left>
                <top>0</top>
                <width>15</width>
                <height>1200</height>
                <colordiffuse>menudiffuse</colordiffuse>
                <texture background="true">SideFade.png</texture>
            </control>
            <control type="image">
                <left>22</left>
                <top>0</top>
                <width>750</width>
                <height>1200</height>
                <colordiffuse>grey3</colordiffuse>
                <texture background="true">White.png</texture>
            </control>
        </control>
        <control type="group">
            <left>968</left>
            <top>30</top>
            <control type="image">
                <description>header label</description>
                <left>180</left>
                <top>24</top>
                <width>750</width>
                <height>48</height>
                <colordiffuse>reddiffuse</colordiffuse>
                <texture>White.png</texture>
            </control>
            <control type="label">
                <description>header label</description>
                <left>180</left>
                <top>24</top>
                <width>750</width>
                <height>45</height>
                <font>impacted26</font>
                <label>$LOCALIZE[19047]</label>
                <textcolor>grey</textcolor>
                <align>center</align>
                <aligny>center</aligny>
                <shadowcolor/>
            </control>
            <control type="label">
                <description>Title label</description>
                <left>180</left>
                <top>93</top>
                <width>750</width>
                <height>45</height>
                <font>impacted31</font>
                <label>$INFO[ListItem.Title]</label>
                <align>center</align>
                <aligny>center</aligny>
                <shadowcolor/>
            </control>
        </control>
        <control type="group">
            <left>968</left>
            <top>30</top>
            <control type="image">
                <left>182</left>
                <top>30</top>
                <width>748</width>
                <height>1020</height>
                <texture>Shadow.png</texture>
            </control>
            <control type="group">
                <left>300</left>
                <animation effect="slide" end="-300,0" condition="true">Conditional</animation>
                <animation effect="slide" end="0,-75" condition="!Integer.IsGreater(Container(49).NumItems,6)">Conditional</animation>
                <control type="image">
                    <left>210</left>
                    <top>585</top>
                    <width>690</width>
                    <height>321</height>
                    <colordiffuse>grey2</colordiffuse>
                    <texture background="true" border="4" diffuse="masks/Mask.png">White.png</texture>
                </control>
                <!-- <control type="image">
                    <left>198</left>
                    <top>573</top>
                    <width>712</width>
                    <height>344</height>
                    <texture background="true" border="8">ThumbShadowWhite.png</texture>
                </control> -->
                <control type="textbox" id="400">
                    <description>Plot value</description>
                    <left>219</left>
                    <top>592</top>
                    <width>668</width>
                    <height>308</height>
                    <include condition="!Skin.HasSetting(BigPlotText)">PlotText16Var</include>
                    <include condition="Skin.HasSetting(BigPlotText)">PlotTextBigVar</include>
                    <textcolor>white</textcolor>
                    <shadowcolor/>
                    <pagecontrol/>
                    <label fallback="161">$INFO[ListItem.Plot]</label>
                </control>
                <control type="image">
                    <left>210</left>
                    <top>585</top>
                    <width>690</width>
                    <height>321</height>
                    <colordiffuse>menudiffuse</colordiffuse>
                    <texture background="true" border="4">masks/Default.png</texture>
                </control>
            </control>
            <control type="group">
                <control type="list" id="49">
                    <left>195</left>
                    <top>158</top>
                    <width>705</width>
                    <height>495</height>
                    <onleft>49</onleft>
                    <onright>49</onright>
                    <onup>9000</onup>
                    <ondown>9000</ondown>
                    <pagecontrol/>
                    <scrolltime>200</scrolltime>
                    <itemlayout height="45">
                        <control type="label">
                            <left>8</left>
                            <top>0</top>
                            <width>240</width>
                            <height>45</height>
                            <font>font13</font>
                            <textcolor>selected</textcolor>
                            <info>ListItem.Label</info>
                        </control>
                        <control type="label">
                            <left>262</left>
                            <top>0</top>
                            <width>450</width>
                            <height>45</height>
                            <font>font13</font>
                            <textcolor>white</textcolor>
                            <selectedcolor>white</selectedcolor>
                            <info>ListItem.Label2</info>
                        </control>
                    </itemlayout>
                    <focusedlayout height="45">
                        <control type="image">
                            <left>0</left>
                            <top>0</top>
                            <width>960</width>
                            <height>45</height>
                            <visible>Control.HasFocus(49)</visible>
                            <texture>buttons/ButtonNFlight.png</texture>
                            <include>openclosevisible</include>
                        </control>
                        <control type="label">
                            <left>8</left>
                            <top>0</top>
                            <width>240</width>
                            <height>45</height>
                            <font>font13</font>
                            <textcolor>selected</textcolor>
                            <info>ListItem.Label</info>
                        </control>
                        <control type="label">
                            <left>262</left>
                            <top>0</top>
                            <width>450</width>
                            <height>45</height>
                            <font>font13</font>
                            <textcolor>white</textcolor>
                            <selectedcolor>white</selectedcolor>
                            <info>ListItem.Label2</info>
                        </control>
                    </focusedlayout>
                    <content>
                        <item>
                            <label>$LOCALIZE[21442]:</label>
                            <label2>$INFO[ListItem.EpisodeName]</label2>
                            <onclick/>
                            <visible>!String.IsEmpty(ListItem.EpisodeName)</visible>
                        </item>
                        <item>
                            <label>$LOCALIZE[20373]:</label>
                            <label2>$INFO[ListItem.Season]</label2>
                            <onclick/>
                            <visible>!String.IsEmpty(ListItem.Season)</visible>
                        </item>
                        <item>
                            <label>$LOCALIZE[20359]:</label>
                            <label2>$INFO[ListItem.Episode]</label2>
                            <onclick/>
                            <visible>!String.IsEmpty(ListItem.Episode)</visible>
                        </item>
                        <item>
                            <label>$LOCALIZE[19148]:</label>
                            <label2>$INFO[ListItem.ChannelName]</label2>
                            <onclick/>
                        </item>
                        <item>
                            <label>$LOCALIZE[142]</label>
                            <label2>$INFO[ListItem.StartTime] - $INFO[ListItem.EndTime] ($INFO[ListItem.StartDate])</label2>
                            <onclick/>
                        </item>
                        <item>
                            <label>$LOCALIZE[180]:</label>
                            <label2>$INFO[ListItem.Duration]</label2>
                            <onclick/>
                        </item>
                        <item>
                            <label>$LOCALIZE[515]:</label>
                            <label2>$INFO[ListItem.Genre]</label2>
                            <onclick/>
                        </item>
                        <item>
                            <label>$LOCALIZE[20417]:</label>
                            <label2>$INFO[ListItem.Writer]</label2>
                            <onclick/>
                            <visible>!String.IsEmpty(ListItem.Writer)</visible>
                        </item>
                        <item>
                            <label>$LOCALIZE[20339]:</label>
                            <label2>$INFO[ListItem.Director]</label2>
                            <onclick/>
                            <visible>!String.IsEmpty(ListItem.Director)</visible>
                        </item>
                        <item>
                            <label>$LOCALIZE[206]:</label>
                            <label2>$INFO[ListItem.Cast]</label2>
                            <onclick/>
                            <visible>!String.IsEmpty(ListItem.Cast)</visible>
                        </item>
                    </content>
                </control>
                <control type="grouplist" id="9000">
                    <left>190</left>
                    <top>958</top>
                    <width>730</width>
                    <height>60</height>
                    <itemgap>8</itemgap>
                    <align>center</align>
                    <orientation>horizontal</orientation>
                    <onleft>9000</onleft>
                    <onright>9000</onright>
                    <onup>49</onup>
                    <ondown>49</ondown>
                    <control type="button" id="7">
                        <include>focuseffect</include>
                        <description>OK</description>
                        <textwidth>150</textwidth>
                        <width min="60" max="170">auto</width>
                        <height>39</height>
                        <texturefocus border="1">buttons/ButtonFO.png</texturefocus>
                        <texturenofocus/>
                        <textcolor>grey1</textcolor>
                        <focusedcolor>black</focusedcolor>
                        <font>ubuntu-r13b</font>
                        <label>186</label>
                    </control>
                    <control type="button" id="11">
                        <include>focuseffect</include>
                        <description>OK</description>
                        <textwidth>150</textwidth>
                        <width min="60" max="170">auto</width>
                        <height>39</height>
                        <texturefocus border="1">buttons/ButtonFO.png</texturefocus>
                        <texturenofocus/>
                        <textcolor>grey1</textcolor>
                        <focusedcolor>black</focusedcolor>
                        <font>ubuntu-r13b</font>
                        <label>826</label>
                    </control>
                    <control type="button" id="4">
                        <include>focuseffect</include>
                        <description>Find similar</description>
                        <textwidth>150</textwidth>
                        <width min="60" max="170">auto</width>
                        <height>39</height>
                        <texturefocus border="1">buttons/ButtonFO.png</texturefocus>
                        <texturenofocus/>
                        <textcolor>grey1</textcolor>
                        <focusedcolor>black</focusedcolor>
                        <font>ubuntu-r13b</font>
                        <label>19003</label>
                    </control>
                    <control type="button" id="5">
                        <include>focuseffect</include>
                        <description>Switch to Channel</description>
                        <textwidth>150</textwidth>
                        <width min="60" max="170">auto</width>
                        <height>39</height>
                        <texturefocus border="1">buttons/ButtonFO.png</texturefocus>
                        <texturenofocus/>
                        <textcolor>grey1</textcolor>
                        <focusedcolor>black</focusedcolor>
                        <font>ubuntu-r13b</font>
                        <label>19165</label>
                    </control>
                    <control type="button" id="6">
                        <include>focuseffect</include>
                        <description>Record</description>
                        <textwidth>150</textwidth>
                        <width min="60" max="170">auto</width>
                        <height>39</height>
                        <texturefocus border="1">buttons/ButtonFO.png</texturefocus>
                        <texturenofocus/>
                        <textcolor>grey1</textcolor>
                        <focusedcolor>black</focusedcolor>
                        <font>ubuntu-r13b</font>
                        <label/>
                    </control>
                </control>
            </control>
            <control type="group">
                <control type="image">
                    <left>330</left>
                    <top>147</top>
                    <width>450</width>
                    <height>1</height>
                    <texture>Separator2.png</texture>
                </control>
            </control>
        </control>
    </controls>
</window>
