<?xml version="1.0" encoding="UTF-8"?>
<fonts>
    <fontset id="default">
        <font>
            <name>Home</name>
            <filename>impacted.ttf</filename>
            <size>96</size>
        </font>
        <font>
            <name>Large</name>
            <filename>impacted.ttf</filename>
            <size>48</size>
        </font>
        <font>
            <name>Medium</name>
            <filename>impacted.ttf</filename>
            <size>39</size>
        </font>
        <font>
            <name>Small</name>
            <filename>impacted.ttf</filename>
            <size>30</size>
        </font>
        <font>
            <name>PlotTextBig</name>
            <filename>ubuntu-r.ttf</filename>
            <size>30</size>
            <linespacing>1.25</linespacing>
        </font>
        <!-- Required for system -->
        <font>
            <name>font12</name>
            <filename>ubuntu-r.ttf</filename>
            <size>21</size>
        </font>
        <font>
            <name>font13</name>
            <filename>ubuntu-r.ttf</filename>
            <size>27</size>
        </font>
        <font>
            <name>font16</name>
            <filename>ubuntu-r.ttf</filename>
            <size>24</size>
        </font>
        <font>
            <name>ubuntu-r12</name>
            <filename>ubuntu-r.ttf</filename>
            <size>18</size>
        </font>
        <font>
            <name>ubuntu-r12b</name>
            <filename>ubuntu-r.ttf</filename>
            <size>18</size>
            <style>bold</style>
        </font>
        <font>
            <name>ubuntu-r12u</name>
            <filename>ubuntu-r.ttf</filename>
            <size>18</size>
            <style>uppercase</style>
        </font>
        <font>
            <name>ubuntu-r13</name>
            <filename>ubuntu-r.ttf</filename>
            <size>20</size>
        </font>
        <font>
            <name>ubuntu-r13b</name>
            <filename>ubuntu-r.ttf</filename>
            <size>20</size>
            <style>bold</style>
        </font>
        <font>
            <name>ubuntu-r16</name>
            <filename>ubuntu-r.ttf</filename>
            <size>24</size>
        </font>
        <font>
            <name>ubuntu-r16b</name>
            <filename>ubuntu-r.ttf</filename>
            <size>24</size>
            <style>bold</style>
        </font>
        <font>
            <name>ubuntu-r18</name>
            <filename>ubuntu-r.ttf</filename>
            <size>27</size>
        </font>
        <font>
            <name>ubuntu-r19</name>
            <filename>ubuntu-r.ttf</filename>
            <size>28</size>
        </font>
        <font>
            <name>ubuntu-r19b</name>
            <filename>ubuntu-r.ttf</filename>
            <size>28</size>
            <style>bold</style>
        </font>
        <font>
            <name>ubuntu-r21</name>
            <filename>ubuntu-r.ttf</filename>
            <size>32</size>
        </font>
        <font>
            <name>ubuntu-r21b</name>
            <filename>ubuntu-r.ttf</filename>
            <size>32</size>
            <style>bold</style>
        </font>
        <font>
            <name>ubuntu-r26</name>
            <filename>ubuntu-r.ttf</filename>
            <size>39</size>
        </font>
        <font>
            <name>ubuntu-r26b</name>
            <filename>ubuntu-r.ttf</filename>
            <size>39</size>
            <style>bold</style>
        </font>
        <font>
            <name>bebas24</name>
            <filename>Bebas.ttf</filename>
            <size>24</size>
        </font>
        <font>
            <name>bebas19</name>
            <filename>Bebas.ttf</filename>
            <size>28</size>
        </font>
        <font>
            <name>bebas19b</name>
            <filename>Bebas.ttf</filename>
            <size>28</size>
            <style>bold</style>
        </font>
        <font>
            <name>impacted14</name>
            <filename>impacted.ttf</filename>
            <size>21</size>
        </font>
        <font>
            <name>impacted16</name>
            <filename>impacted.ttf</filename>
            <size>24</size>
        </font>
        <font>
            <name>impacted18</name>
            <filename>impacted.ttf</filename>
            <size>27</size>
        </font>
        <font>
            <name>impacted21</name>
            <filename>impacted.ttf</filename>
            <size>32</size>
        </font>
        <font>
            <name>impacted22</name>
            <filename>impacted.ttf</filename>
            <size>33</size>
        </font>
        <font>
            <name>impacted24</name>
            <filename>impacted.ttf</filename>
            <size>36</size>
        </font>
        <font>
            <name>impacted26</name>
            <filename>impacted.ttf</filename>
            <size>39</size>
        </font>
        <font>
            <name>impacted30</name>
            <filename>impacted.ttf</filename>
            <size>45</size>
        </font>
        <font>
            <name>impacted31</name>
            <filename>impacted.ttf</filename>
            <size>46</size>
        </font>
        <font>
            <name>impacted36</name>
            <filename>impacted.ttf</filename>
            <size>54</size>
        </font>
        <font>
            <name>impacted44</name>
            <filename>impacted.ttf</filename>
            <size>66</size>
        </font>
        <font>
            <name>impacted54</name>
            <filename>impacted.ttf</filename>
            <size>81</size>
        </font>
        <font>
            <name>menufontimpacted</name>
            <filename>impacted.ttf</filename>
            <size>90</size>
        </font>
        <font>
            <name>aaaiight14</name>
            <filename>aaaiight.ttf</filename>
            <size>21</size>
        </font>
        <font>
            <name>aaaiight20</name>
            <filename>aaaiight.ttf</filename>
            <size>30</size>
        </font>
        <font>
            <name>aaaiight32</name>
            <filename>aaaiight.ttf</filename>
            <size>48</size>
        </font>
        <font>
            <name>lcd14</name>
            <filename>bigdots.ttf</filename>
            <size>21</size>
        </font>
        <font>
            <name>lcd16</name>
            <filename>bigdots.ttf</filename>
            <size>24</size>
        </font>
        <font>
            <name>lcd18</name>
            <filename>bigdots.ttf</filename>
            <size>27</size>
        </font>
        <font>
            <name>lcd21</name>
            <filename>bigdots.ttf</filename>
            <size>32</size>
        </font>
        <font>
            <name>lcd28</name>
            <filename>bigdots.ttf</filename>
            <size>42</size>
        </font>
    </fontset>
</fonts>
