<?xml version="1.0" encoding="UTF-8"?>
<includes>
    <include name="TouchButtons">
        <control type="button">
            <left>0</left>
            <top>0</top>
            <width>300</width>
            <height>60</height>
            <label>touch me</label>
            <textcolor>00FFFFFF</textcolor>
            <focusedcolor>description</focusedcolor>
            <texturenofocus/>
            <texturefocus border="2">buttons/ButtonNF.png</texturefocus>
            <onclick>Action(menu)</onclick>
            <visible>!Window.IsVisible(Home)</visible>
        </control>
        <control type="button">
            <left>0</left>
            <top>75</top>
            <width>420</width>
            <height>60</height>
            <label>touch me</label>
            <textcolor>00FFFFFF</textcolor>
            <focusedcolor>description</focusedcolor>
            <texturenofocus/>
            <texturefocus border="2">buttons/ButtonNF.png</texturefocus>
            <onclick>SetFocus(9002)</onclick>
            <visible>ControlGroup(9000).HasFocus()</visible>
        </control>
        <control type="button">
            <left>1620</left>
            <top>0</top>
            <width>300</width>
            <height>60</height>
            <label>touch me</label>
            <textcolor>00FFFFFF</textcolor>
            <focusedcolor>description</focusedcolor>
            <texturenofocus/>
            <texturefocus border="2">buttons/ButtonNF.png</texturefocus>
            <onclick>Control.SetFocus(732)</onclick>
            <visible>!Window.IsVisible(Home)</visible>
        </control>
        <control type="button">
            <left>660</left>
            <top>60</top>
            <width>600</width>
            <height>90</height>
            <label>touch me</label>
            <textcolor>00FFFFFF</textcolor>
            <focusedcolor>description</focusedcolor>
            <texturenofocus/>
            <texturefocus border="2">buttons/ButtonNF.png</texturefocus>
            <onclick>Control.SetFocus(9001)</onclick>
			<onclick>SetProperty(TouchButtonSubmenu,1,home)</onclick>
            <visible>Window.IsVisible(Home)</visible>
        </control>
        <control type="button">
            <left>30</left>
            <top>960</top>
            <width>1860</width>
            <height>90</height>
            <label>touch me</label>
            <textcolor>00FFFFFF</textcolor>
            <focusedcolor>description</focusedcolor>
            <texturenofocus/>
            <texturefocus border="2">buttons/ButtonNF.png</texturefocus>
            <onclick>Control.SetFocus(200)</onclick>
            <visible>!Control.HasFocus(200)+Window.IsVisible(Home)</visible>
        </control>
		<include>fakevideowindow</include>
    </include>
</includes>
