<?xml version="1.0" encoding="UTF-8"?>
<window>
    <defaultcontrol allways="true">6</defaultcontrol>
	<backgroundcolor>grey3</backgroundcolor>
	<views>50</views>
    <menucontrol>9000</menucontrol>
    <include>openclose</include>
    <controls>
        <include>DialogBackgroundSimple</include>
		<include>openclosebox</include>
		<include content="DialogInfoBackgroundParam">
			<param name="width" value="1850" />
			<param name="height" value="905" />
			<param name="bottomimage" value="845" />
			<param name="id" value="0" />
			<param name="HeaderLabel" value="" />
		</include>
        <control type="group">
            <top>38</top>
            <control type="label">
                <left>60</left>
                <top>58</top>
                <width>600</width>
                <height>45</height>
                <font>impacted24</font>
                <scroll>true</scroll>
                <align>left</align>
                <aligny>center</aligny>
                <label>112</label>
            </control>
            <control type="label">
                <description>number of files/pages in left list text label</description>
                <left>60</left>
                <top>132r</top>
                <width>450</width>
                <height>30</height>
                <align>left</align>
                <scroll>true</scroll>
				<font>impacted18</font>
                <label>($INFO[Container(50).NumItems]) $LOCALIZE[31009] - $LOCALIZE[31008] ($INFO[Container(50).CurrentPage]/$INFO[Container(50).NumPages])</label>
            </control>
            <control type="list" id="50">
                <left>55</left>
                <top>128</top>
                <width>600</width>
                <height>750</height>
                <onleft>30</onleft>
                <onright>9000</onright>
                <onup>50</onup>
                <ondown>50</ondown>
                <viewtype label="">list</viewtype>
                <pagecontrol>30</pagecontrol>
                <scrolltime>200</scrolltime>
                <itemlayout height="45" width="600">
                    <control type="image">
                        <left>0</left>
                        <top>0</top>
                        <width>600</width>
                        <height>45</height>
                        <colordiffuse>fanartdiffuse</colordiffuse>
                        <texture background="true" border="7">buttons/ButtonNFlight.png</texture>
                    </control>
                    <control type="label">
                        <left>8</left>
                        <top>0</top>
                        <width>570</width>
                        <height>45</height>
                        <align>left</align>
                        <aligny>center</aligny>
                        <info>ListItem.Label</info>
                    </control>
                    <control type="label">
                        <left>52</left>
                        <top>0</top>
                        <width>540</width>
                        <height>45</height>
                        <align>right</align>
                        <aligny>center</aligny>
                        <info>ListItem.Label2</info>
                    </control>
                </itemlayout>
                <focusedlayout height="45" width="600">
                    <control type="image">
                        <left>0</left>
                        <top>0</top>
                        <width>600</width>
                        <height>45</height>
                        <colordiffuse>fanartdiffuse</colordiffuse>
                        <texture background="true" border="7">buttons/ButtonFO.png</texture>
                        <visible>!Control.HasFocus(50)</visible>
                        <include>openclosevisible</include>
                    </control>
                    <control type="image">
                        <left>0</left>
                        <top>0</top>
                        <width>600</width>
                        <height>45</height>
                        <texture background="true" border="7">buttons/ButtonFO.png</texture>
                        <visible>Control.HasFocus(50)</visible>
                        <include>openclosevisible</include>
                    </control>
                    <control type="image">
                        <left>0</left>
                        <top>0</top>
                        <width>600</width>
                        <height>45</height>
                        <colordiffuse>$VAR[BackgroundOverlayColor]</colordiffuse>
                        <texture background="true" border="7">buttons/ButtonNF.png</texture>
                        <visible>Control.HasFocus(50)</visible>
                        <include>openclosevisible</include>
                    </control>
                    <control type="label">
                        <left>8</left>
                        <top>0</top>
                        <width>570</width>
                        <height>45</height>
                        <textcolor>black</textcolor>
                        <align>left</align>
                        <aligny>center</aligny>
                        <info>ListItem.Label</info>
                    </control>
                    <control type="label">
                        <left>52</left>
                        <top>0</top>
                        <width>540</width>
                        <height>45</height>
                        <textcolor>black</textcolor>
                        <align>right</align>
                        <aligny>center</aligny>
                        <info>ListItem.Label2</info>
                    </control>
                </focusedlayout>
            </control>
            <control type="scrollbar" id="30">
                <left>38</left>
                <top>128</top>
                <height>750</height>
                <onleft>31</onleft>
                <onright>50</onright>
                <showonepage>false</showonepage>
                <orientation>vertical</orientation>
            </control>
        </control>
        <control type="group">
            <left>1200</left>
            <top>33</top>
            <control type="label">
                <left>45</left>
                <top>62</top>
                <width>615</width>
                <height>45</height>
                <font>impacted24</font>
                <scroll>true</scroll>
                <align>right</align>
                <aligny>center</aligny>
                <label>13350</label>
            </control>
            <control type="label">
                <description>Page Count Label</description>
                <left>210</left>
                <top>132r</top>
                <width>450</width>
                <height>30</height>
				<font>impacted18</font>
                <scroll>false</scroll>
                <align>right</align>
                <aligny>center</aligny>
                <label>($INFO[Container(100).NumItems]) $LOCALIZE[31009] - $LOCALIZE[31008] ($INFO[Container(100).CurrentPage]/$INFO[Container(100).NumPages])</label>
            </control>
            <control type="scrollbar" id="31">
                <left>670</left>
                <top>128</top>
                <height>810</height>
                <onleft>100</onleft>
                <onright>30</onright>
                <showonepage>false</showonepage>
                <orientation>vertical</orientation>
            </control>
            <control type="list" id="100">
                <left>60</left>
                <top>128</top>
                <width>600</width>
                <height>818</height>
                <onleft>9000</onleft>
                <onright>31</onright>
                <onup>100</onup>
                <ondown>100</ondown>
                <viewtype label="">list</viewtype>
                <pagecontrol>31</pagecontrol>
                <scrolltime>200</scrolltime>
                <itemlayout height="45" width="600">
                    <control type="image">
                        <left>0</left>
                        <top>0</top>
                        <width>600</width>
                        <height>45</height>
                        <colordiffuse>fanartdiffuse</colordiffuse>
                        <texture background="true" border="7">buttons/ButtonNFlight.png</texture>
                    </control>
                    <control type="label">
                        <left>8</left>
                        <top>0</top>
                        <width>570</width>
                        <height>45</height>
                        <align>left</align>
                        <aligny>center</aligny>
                        <info>ListItem.Label</info>
                    </control>
                    <control type="label">
                        <left>52</left>
                        <top>0</top>
                        <width>540</width>
                        <height>45</height>
                        <align>right</align>
                        <aligny>center</aligny>
                        <info>ListItem.Label2</info>
                    </control>
                </itemlayout>
                <focusedlayout height="45" width="600">
                    <control type="image">
                        <left>0</left>
                        <top>0</top>
                        <width>600</width>
                        <height>45</height>
                        <colordiffuse>fanartdiffuse</colordiffuse>
                        <texture background="true" border="7">buttons/ButtonFO.png</texture>
                        <visible>!Control.HasFocus(100)</visible>
                        <include>openclosevisible</include>
                    </control>
                    <control type="image">
                        <left>0</left>
                        <top>0</top>
                        <width>600</width>
                        <height>45</height>
                        <texture background="true" border="7">buttons/ButtonFO.png</texture>
                        <visible>Control.HasFocus(100)</visible>
                        <include>openclosevisible</include>
                    </control>
                    <control type="image">
                        <left>0</left>
                        <top>0</top>
                        <width>600</width>
                        <height>45</height>
                        <colordiffuse>$VAR[BackgroundOverlayColor]</colordiffuse>
                        <texture background="true" border="7">buttons/ButtonNF.png</texture>
                        <visible>Control.HasFocus(100)</visible>
                        <include>openclosevisible</include>
                    </control>
                    <control type="label">
                        <left>8</left>
                        <top>0</top>
                        <width>570</width>
                        <height>45</height>
                        <textcolor>black</textcolor>
                        <align>left</align>
                        <aligny>center</aligny>
                        <info>ListItem.Label</info>
                    </control>
                    <control type="label">
                        <left>52</left>
                        <top>0</top>
                        <width>540</width>
                        <height>45</height>
                        <textcolor>black</textcolor>
                        <align>right</align>
                        <aligny>center</aligny>
                        <info>ListItem.Label2</info>
                    </control>
                </focusedlayout>
            </control>
        </control>
        <control type="group">
            <top>45</top>
            <control type="image">
                <include>opencloseslideup</include>
                <left>668</left>
                <top>22</top>
                <width>585</width>
                <height>960</height>
                <texture background="true">Black.png</texture>
                <bordersize>7</bordersize>
            </control>
            <control type="image">
                <include>opencloseslideup</include>
                <left>668</left>
                <top>22</top>
                <width>585</width>
                <height>960</height>
                <colordiffuse>$VAR[BackgroundOverlayColorDialog]</colordiffuse>
                <texture background="true">WhiteBack.png</texture>
                <bordertexture border="14">ThumbShadow.png</bordertexture>
                <bordersize>7</bordersize>
            </control>
            <control type="label">
                <include>opencloseslideup</include>
                <left>712</left>
                <top>45</top>
                <width>495</width>
                <height>45</height>
				<font>impacted18</font>
                <scroll>true</scroll>
                <align>center</align>
                <aligny>center</aligny>
                <label>$LOCALIZE[31031]</label>
            </control>
            <control type="group">
                <include>opencloseslideup</include>
                <control type="group" id="9000">
                    <left>712</left>
                    <top>780</top>
                    <control type="button" id="6">
                        <description>Open Button</description>
                        <left>0</left>
                        <top>0</top>
                        <width>495</width>
                        <label>31025</label>
                        <align>center</align>
						<font>impacted18</font>
                        <onleft>50</onleft>
                        <onright>100</onright>
                        <onup>8</onup>
                        <ondown>7</ondown>
                        <texturenofocus/>
                    </control>
                    <control type="button" id="7">
                        <description>Save Button</description>
                        <left>0</left>
                        <top>60</top>
                        <width>495</width>
                        <label>31026</label>
                        <align>center</align>
						<font>impacted18</font>
                        <onleft>50</onleft>
                        <onright>100</onright>
                        <onup>6</onup>
                        <ondown>8</ondown>
                        <texturenofocus/>
                    </control>
                    <control type="button" id="8">
                        <description>Clear button</description>
                        <left>0</left>
                        <top>120</top>
                        <width>495</width>
                        <label>31027</label>
                        <align>center</align>
						<font>impacted18</font>
                        <onleft>50</onleft>
                        <onright>100</onright>
                        <onup>7</onup>
                        <ondown>6</ondown>
                        <texturenofocus/>
                    </control>
                </control>
                <control type="group">
                    <visible>Control.HasFocus(50)</visible>
                    <include>openclosevisible</include>
                    <control type="image">
                        <left>720</left>
                        <top>135</top>
                        <width>480</width>
                        <height>300</height>
                        <aspectratio>keep</aspectratio>
                        <texture background="true">$INFO[Container(50).ListItem.Icon]</texture>
                        <!-- <bordertexture border="14">ThumbShadow.png</bordertexture> -->
                        <bordersize>7</bordersize>
                    </control>
                    <control type="textbox">
                        <left>720</left>
                        <top>450</top>
                        <width>480</width>
                        <height>330</height>
                        <align>center</align>
                        <textcolor>white</textcolor>
                        <pagecontrol/>
                        <label>$INFO[Container(50).ListItem.Title,[COLOR=grey1]$LOCALIZE[556]:[/COLOR] ,[CR]]$INFO[Container(50).ListItem.Artist,[COLOR=grey1]$LOCALIZE[557]:[/COLOR] ,[CR]]$INFO[Container(50).ListItem.Album,[COLOR=grey1]$LOCALIZE[558]:[/COLOR] ,[CR]]$INFO[Container(50).ListItem.Duration,[COLOR=grey1]$LOCALIZE[555]:[/COLOR] ,[CR]]$INFO[Container(50).ListItem.TrackNumber,[COLOR=grey1]$LOCALIZE[554]:[/COLOR] ,[CR]]$INFO[Container(50).ListItem.Genre,[COLOR=grey1]$LOCALIZE[515]:[/COLOR] ,[CR]]</label>
                    </control>
                </control>
                <control type="group">
                    <visible>Control.HasFocus(100)</visible>
                    <include>openclosevisible</include>
                    <control type="image">
                        <left>698</left>
                        <top>135</top>
                        <width>525</width>
                        <height>300</height>
                        <aspectratio>keep</aspectratio>
                        <texture background="true">$INFO[Container(100).ListItem.Icon]</texture>
                        <bordertexture border="14">ThumbShadow.png</bordertexture>
                        <bordersize>7</bordersize>
                    </control>
                    <control type="textbox">
                        <left>698</left>
                        <top>450</top>
                        <width>525</width>
                        <height>330</height>
                        <align>center</align>
                        <textcolor>white</textcolor>
                        <pagecontrol/>
                        <label>$INFO[Container(100).ListItem.Title,[COLOR=white]$LOCALIZE[556]:[/COLOR] ,[CR]]$INFO[Container(100).ListItem.Artist,[COLOR=white]$LOCALIZE[557]:[/COLOR] ,[CR]]$INFO[Container(100).ListItem.Album,[COLOR=white]$LOCALIZE[558]:[/COLOR] ,[CR]]$INFO[Container(100).ListItem.Duration,[COLOR=white]$LOCALIZE[555]:[/COLOR] ,[CR]]$INFO[Container(100).ListItem.TrackNumber,[COLOR=white]$LOCALIZE[554]:[/COLOR] ,[CR]]$INFO[Container(100).ListItem.Genre,[COLOR=white]$LOCALIZE[515]:[/COLOR] ,[CR]]</label>
                    </control>
                </control>
            </control>
        </control>
        <include>Clock</include>
        <include>NavInfo</include>
    </controls>
</window>
