<?xml version="1.0" encoding="UTF-8"?>
<window>
	<backgroundcolor>grey3</backgroundcolor>
    <animation type="WindowOpen" reversible="false">
        <effect type="zoom" start="80" end="100" center="960,540" easing="out" tween="back" time="300" />
        <effect type="fade" start="0" end="100" time="300" />
    </animation>
    <animation type="WindowClose" reversible="false">
        <effect type="zoom" start="100" end="80" center="960,540" easing="in" tween="back" time="300" />
        <effect type="fade" start="100" end="0" time="300" />
    </animation>
    <controls>
        <include>DialogBackground</include>
        <control type="group" id="100">
            <control type="image">
                <include>Dimensions_Fullscreen</include>
                <colordiffuse>menudiffuse</colordiffuse>
                <texture background="true">White.png</texture>
            </control>
            <control type="image">
                <left>18</left>
                <top>60</top>
                <width>1884</width>
                <height>958</height>
                <texture background="true">BlackBack.png</texture>
            </control>
            <control type="image">
                <left>30</left>
                <top>72</top>
                <width>1860</width>
                <height>934</height>
                <texture background="true">$INFO[Container(111).ListItem.Property(Fanart)]</texture>
                <aspectratio>scale</aspectratio>
                <colordiffuse>grey2</colordiffuse>
                <animation effect="fade" time="200">Visible</animation>
                <animation effect="fade" time="200">Hidden</animation>
                <visible>Control.HasFocus(111)</visible>
            </control>
            <control type="image">
                <left>30</left>
                <top>72</top>
                <width>1860</width>
                <height>934</height>
                <texture background="true">$INFO[Container(121).ListItem.Property(Fanart)]</texture>
                <aspectratio>scale</aspectratio>
                <colordiffuse>4FFFFFFF</colordiffuse>
                <animation effect="fade" time="200">Visible</animation>
                <animation effect="fade" time="200">Hidden</animation>
                <visible>Control.HasFocus(121)</visible>
            </control>
            <control type="image">
                <left>30</left>
                <top>72</top>
                <width>1860</width>
                <height>934</height>
                <texture background="true">$INFO[Container(131).ListItem.Property(Fanart)]</texture>
                <aspectratio>scale</aspectratio>
                <colordiffuse>4FFFFFFF</colordiffuse>
                <animation effect="fade" time="200">Visible</animation>
                <animation effect="fade" time="200">Hidden</animation>
                <visible>Control.HasFocus(131)</visible>
            </control>
            <control type="image">
                <left>30</left>
                <top>72</top>
                <width>1860</width>
                <height>934</height>
                <texture background="true">$INFO[Container(141).ListItem.Property(Fanart)]</texture>
                <aspectratio>scale</aspectratio>
                <colordiffuse>4FFFFFFF</colordiffuse>
                <animation effect="fade" time="200">Visible</animation>
                <animation effect="fade" time="200">Hidden</animation>
                <visible>Control.HasFocus(141)</visible>
            </control>
            <control type="image">
                <left>30</left>
                <top>72</top>
                <width>1860</width>
                <height>934</height>
                <texture background="true">$INFO[Container(151).ListItem.Property(Fanart)]</texture>
                <aspectratio>scale</aspectratio>
                <colordiffuse>4FFFFFFF</colordiffuse>
                <animation effect="fade" time="200">Visible</animation>
                <animation effect="fade" time="200">Hidden</animation>
                <visible>Control.HasFocus(151)</visible>
            </control>
            <control type="image">
                <left>30</left>
                <top>72</top>
                <width>1860</width>
                <height>934</height>
                <texture background="true">$INFO[Container(161).ListItem.Property(Fanart)]</texture>
                <aspectratio>scale</aspectratio>
                <colordiffuse>4FFFFFFF</colordiffuse>
                <animation effect="fade" time="200">Visible</animation>
                <animation effect="fade" time="200">Hidden</animation>
                <visible>Control.HasFocus(161)</visible>
            </control>
            <control type="image">
                <left>30</left>
                <top>72</top>
                <width>1860</width>
                <height>934</height>
                <texture background="true">$INFO[Container(171).ListItem.Property(Fanart)]</texture>
                <aspectratio>scale</aspectratio>
                <colordiffuse>4FFFFFFF</colordiffuse>
                <animation effect="fade" time="200">Visible</animation>
                <animation effect="fade" time="200">Hidden</animation>
                <visible>Control.HasFocus(171)</visible>
            </control>
            <control type="image">
                <left>30</left>
                <top>72</top>
                <width>1860</width>
                <height>934</height>
                <texture background="true">$INFO[Container(181).ListItem.Property(Fanart)]</texture>
                <aspectratio>scale</aspectratio>
                <colordiffuse>4FFFFFFF</colordiffuse>
                <animation effect="fade" time="200">Visible</animation>
                <animation effect="fade" time="200">Hidden</animation>
                <visible>Control.HasFocus(181)</visible>
            </control>
            <!-- <control type="image">
				<left>20</left>
				<top>48</top>
				<width>1240</width>
				<height>623</height>
				<texture background="true">background.jpg</texture>
				<aspectratio>scale</aspectratio>
				<colordiffuse>4FFFFFFF</colordiffuse>
				<animation effect="fade" time="200">Visible</animation>
				<animation effect="fade" time="200">Hidden</animation>
				<visible>!ControlGroup(101).HasFocus</visible>
			</control> -->
            <control type="image">
                <left>30</left>
                <top>72</top>
                <width>1860</width>
                <height>934</height>
                <colordiffuse>menudiffuse</colordiffuse>
                <texture background="true">BlackBack.png</texture>
            </control>
            <control type="label" id="190">
                <left>960</left>
                <top>84</top>
                <width>600</width>
                <height>38</height>
                <label/>
                <align>right</align>
                <aligny>center</aligny>
            </control>
            <control type="label" id="191">
                <left>960</left>
                <top>84</top>
                <width>600</width>
                <height>38</height>
                <label/>
                <align>left</align>
                <aligny>center</aligny>
            </control>
            <control type="label" id="199">
                <left>60</left>
                <top>537</top>
                <width>1800</width>
                <height>30</height>
                <label>[B]$LOCALIZE[284][/B]</label>
                <align>center</align>
                <aligny>center</aligny>
            </control>
            <control type="button" id="198">
                <left>1650</left>
                <top>80</top>
                <width>225</width>
                <height>33</height>
                <label/>
                <align>center</align>
                <aligny>center</aligny>
                <textcolor>grey</textcolor>
                <focusedcolor>white</focusedcolor>
                <texturefocus border="5">buttons/ButtonNF.png</texturefocus>
                <texturenofocus border="5">buttons/ButtonNFlight.png</texturenofocus>
                <onup>101</onup>
                <ondown>101</ondown>
                <onleft>101</onleft>
                <onright>101</onright>
            </control>
            <control type="grouplist" id="101">
                <left>45</left>
                <top>84</top>
                <width>1830</width>
                <height>930</height>
                <orientation>vertical</orientation>
                <itemgap>0</itemgap>
                <control type="group" id="119">
                    <left>0</left>
                    <top>0</top>
                    <width>1800</width>
                    <height>232</height>
                    <control type="grouplist">
                        <left>15</left>
                        <top>0</top>
                        <width>1800</width>
                        <height>38</height>
                        <orientation>horizontal</orientation>
                        <control type="label">
                            <width min="15" max="1050">auto</width>
                            <height>38</height>
                            <label>[B]$LOCALIZE[342]: [/B]</label>
                        </control>
                        <control type="label" id="110">
                            <width min="15" max="420">auto</width>
                            <height>38</height>
                            <label/>
                        </control>
                    </control>
                    <control type="image">
                        <left>0</left>
                        <top>33</top>
                        <width>1830</width>
                        <height>3</height>
                        <texture background="true" border="1">Separator1.png</texture>
                    </control>
                    <control type="image">
                        <left>0</left>
                        <top>33</top>
                        <width>1830</width>
                        <height>177</height>
                        <texture border="2">White.png</texture>
                        <colordiffuse>4Fb4b4b4</colordiffuse>
                        <visible>Control.HasFocus(111)</visible>
                    </control>
                    <control type="list" id="111">
                        <left>15</left>
                        <top>38</top>
                        <width>1800</width>
                        <height>168</height>
                        <onleft>111</onleft>
                        <onright>111</onright>
                        <onup>198</onup>
                        <ondown>121</ondown>
                        <orientation>horizontal</orientation>
                        <viewtype label="535">list</viewtype>
                        <preloaditems>2</preloaditems>
                        <itemlayout width="600" height="168">
                            <control type="image">
                                <left>6</left>
                                <top>10</top>
                                <width>150</width>
                                <height>150</height>
                                <texture>$INFO[ListItem.Icon]</texture>
                                <aspectratio>scale</aspectratio>
                            </control>
                            <control type="image">
                                <left>105</left>
                                <top>105</top>
                                <width>45</width>
                                <height>45</height>
                                <texture>OverlayWatched.png</texture>
                                <visible>Integer.IsGreater(ListItem.Property(PlayCount),0)</visible>
                            </control>
                            <control type="label">
                                <left>165</left>
                                <top>15</top>
                                <width>420</width>
                                <height>18</height>
                                <label>[B]$INFO[ListItem.Label][/B]</label>
                                <aligny>center</aligny>
                            </control>
                            <control type="label">
                                <left>165</left>
                                <top>42</top>
                                <width>420</width>
                                <height>18</height>
                                <label>$INFO[ListItem.Property(Year),, - ]$INFO[ListItem.Property(Duration),, $LOCALIZE[12391]]</label>
                                <font>font16</font>
                                <textcolor>grey</textcolor>
                                <aligny>center</aligny>
                                <visible>!String.Contains(ListItem.Property(Duration),min)</visible>
                            </control>
                            <control type="label">
                                <left>165</left>
                                <top>42</top>
                                <width>420</width>
                                <height>18</height>
                                <label>$INFO[ListItem.Property(Year),, - ]$INFO[ListItem.Property(Duration)]</label>
                                <font>font16</font>
                                <textcolor>grey</textcolor>
                                <aligny>center</aligny>
                                <visible>String.Contains(ListItem.Property(Duration),min)</visible>
                            </control>
                            <control type="textbox">
                                <left>165</left>
                                <top>63</top>
                                <width>420</width>
                                <height>96</height>
                                <label>$INFO[ListItem.Property(Tagline)]</label>
                                <font>font16</font>
                                <textcolor>grey</textcolor>
                            </control>
                            <control type="textbox">
                                <left>165</left>
                                <top>63</top>
                                <width>420</width>
                                <height>96</height>
                                <label>$INFO[ListItem.Property(PlotOutline)]</label>
                                <font>font16</font>
                                <textcolor>grey</textcolor>
                                <visible>String.IsEmpty(ListItem.Property(TagLine))</visible>
                            </control>
                            <control type="textbox">
                                <left>165</left>
                                <top>63</top>
                                <width>420</width>
                                <height>96</height>
                                <label>$INFO[ListItem.Property(Plot)]</label>
                                <font>font16</font>
                                <textcolor>grey</textcolor>
                                <visible>String.IsEmpty(ListItem.Property(TagLine)) + String.IsEmpty(ListItem.Property(PlotOutline))</visible>
                            </control>
                        </itemlayout>
                        <focusedlayout width="600" height="168">
                            <control type="image">
                                <left>0</left>
                                <top>3</top>
                                <width>594</width>
                                <height>165</height>
                                <texture background="true" border="5">buttons/ButtonNF.png</texture>
                                <visible>Control.HasFocus(111)</visible>
                            </control>
                            <control type="image">
                                <left>6</left>
                                <top>10</top>
                                <width>150</width>
                                <height>150</height>
                                <texture>$INFO[ListItem.Icon]</texture>
                                <aspectratio>scale</aspectratio>
                            </control>
                            <control type="image">
                                <left>105</left>
                                <top>105</top>
                                <width>45</width>
                                <height>45</height>
                                <texture>OverlayWatched.png</texture>
                                <visible>Integer.IsGreater(ListItem.Property(PlayCount),0)</visible>
                            </control>
                            <control type="label">
                                <left>165</left>
                                <top>15</top>
                                <width>420</width>
                                <height>18</height>
                                <label>[B]$INFO[ListItem.Label][/B]</label>
                                <aligny>center</aligny>
                            </control>
                            <control type="label">
                                <left>165</left>
                                <top>42</top>
                                <width>420</width>
                                <height>18</height>
                                <label>$INFO[ListItem.Property(Year),, - ]$INFO[ListItem.Property(Duration),, $LOCALIZE[12391]]</label>
                                <font>font16</font>
                                <textcolor>selected</textcolor>
                                <aligny>center</aligny>
                                <visible>!String.Contains(ListItem.Property(Duration),min)</visible>
                            </control>
                            <control type="label">
                                <left>165</left>
                                <top>42</top>
                                <width>420</width>
                                <height>18</height>
                                <label>$INFO[ListItem.Property(Year),, - ]$INFO[ListItem.Property(Duration)]</label>
                                <font>font16</font>
                                <textcolor>selected</textcolor>
                                <aligny>center</aligny>
                                <visible>String.Contains(ListItem.Property(Duration),min)</visible>
                            </control>
                            <control type="textbox">
                                <left>165</left>
                                <top>63</top>
                                <width>420</width>
                                <height>96</height>
                                <label>$INFO[ListItem.Property(Tagline)]</label>
                                <font>font16</font>
                                <textcolor>white</textcolor>
                            </control>
                            <control type="textbox">
                                <left>165</left>
                                <top>63</top>
                                <width>420</width>
                                <height>96</height>
                                <label>$INFO[ListItem.Property(PlotOutline)]</label>
                                <font>font16</font>
                                <textcolor>white</textcolor>
                                <visible>String.IsEmpty(ListItem.Property(TagLine))</visible>
                            </control>
                            <control type="textbox">
                                <left>165</left>
                                <top>63</top>
                                <width>420</width>
                                <height>96</height>
                                <label>$INFO[ListItem.Property(Plot)]</label>
                                <font>font16</font>
                                <textcolor>white</textcolor>
                                <visible>String.IsEmpty(ListItem.Property(TagLine)) + String.IsEmpty(ListItem.Property(PlotOutline))</visible>
                            </control>
                        </focusedlayout>
                    </control>
                </control>
                <control type="group" id="129">
                    <left>0</left>
                    <top>0</top>
                    <width>1800</width>
                    <height>232</height>
                    <control type="grouplist">
                        <left>15</left>
                        <top>0</top>
                        <width>1800</width>
                        <height>38</height>
                        <orientation>horizontal</orientation>
                        <control type="label">
                            <width min="15" max="1050">auto</width>
                            <height>38</height>
                            <label>[B]$LOCALIZE[20343]: [/B]</label>
                        </control>
                        <control type="label" id="120">
                            <width min="15" max="420">auto</width>
                            <height>38</height>
                            <label/>
                        </control>
                    </control>
                    <control type="image">
                        <left>0</left>
                        <top>33</top>
                        <width>1830</width>
                        <height>3</height>
                        <texture background="true" border="1">Separator1.png</texture>
                    </control>
                    <control type="image">
                        <left>0</left>
                        <top>33</top>
                        <width>1830</width>
                        <height>177</height>
                        <texture border="2">White.png</texture>
                        <colordiffuse>4Fb4b4b4</colordiffuse>
                        <visible>Control.HasFocus(121)</visible>
                    </control>
                    <control type="list" id="121">
                        <left>15</left>
                        <top>38</top>
                        <width>1800</width>
                        <height>168</height>
                        <onleft>121</onleft>
                        <onright>121</onright>
                        <onup>111</onup>
                        <ondown>131</ondown>
                        <orientation>horizontal</orientation>
                        <viewtype label="535">list</viewtype>
                        <preloaditems>2</preloaditems>
                        <itemlayout width="600" height="168">
                            <control type="image">
                                <left>6</left>
                                <top>10</top>
                                <width>150</width>
                                <height>150</height>
                                <texture>$INFO[ListItem.Icon]</texture>
                                <aspectratio>scale</aspectratio>
                            </control>
                            <control type="image">
                                <left>105</left>
                                <top>105</top>
                                <width>45</width>
                                <height>45</height>
                                <texture>OverlayWatched.png</texture>
                                <visible>Integer.IsGreater(ListItem.Property(PlayCount),0)</visible>
                            </control>
                            <control type="label">
                                <left>165</left>
                                <top>15</top>
                                <width>420</width>
                                <height>18</height>
                                <label>[B]$INFO[ListItem.Label][/B]</label>
                                <aligny>center</aligny>
                            </control>
                            <control type="label">
                                <left>165</left>
                                <top>42</top>
                                <width>420</width>
                                <height>18</height>
                                <label>$INFO[ListItem.Property(Premiered)]</label>
                                <font>font16</font>
                                <textcolor>grey</textcolor>
                                <aligny>center</aligny>
                            </control>
                            <control type="textbox">
                                <left>165</left>
                                <top>63</top>
                                <width>420</width>
                                <height>96</height>
                                <label>$INFO[ListItem.Property(Plot)]</label>
                                <font>font16</font>
                                <textcolor>grey</textcolor>
                            </control>
                        </itemlayout>
                        <focusedlayout width="600" height="168">
                            <control type="image">
                                <left>0</left>
                                <top>3</top>
                                <width>600</width>
                                <height>165</height>
                                <texture background="true" border="5">buttons/ButtonNF.png</texture>
                                <visible>Control.HasFocus(121)</visible>
                            </control>
                            <control type="image">
                                <left>6</left>
                                <top>10</top>
                                <width>150</width>
                                <height>150</height>
                                <texture>$INFO[ListItem.Icon]</texture>
                                <aspectratio>scale</aspectratio>
                            </control>
                            <control type="image">
                                <left>105</left>
                                <top>105</top>
                                <width>45</width>
                                <height>45</height>
                                <texture>OverlayWatched.png</texture>
                                <visible>Integer.IsGreater(ListItem.Property(PlayCount),0)</visible>
                            </control>
                            <control type="label">
                                <left>165</left>
                                <top>15</top>
                                <width>420</width>
                                <height>18</height>
                                <label>[B]$INFO[ListItem.Label][/B]</label>
                                <aligny>center</aligny>
                            </control>
                            <control type="label">
                                <left>165</left>
                                <top>42</top>
                                <width>420</width>
                                <height>18</height>
                                <label>$INFO[ListItem.Property(Premiered)]</label>
                                <font>font16</font>
                                <textcolor>selected</textcolor>
                                <aligny>center</aligny>
                            </control>
                            <control type="textbox">
                                <left>165</left>
                                <top>63</top>
                                <width>420</width>
                                <height>96</height>
                                <label>$INFO[ListItem.Property(Plot)]</label>
                                <font>font16</font>
                                <textcolor>white</textcolor>
                            </control>
                        </focusedlayout>
                    </control>
                </control>
                <control type="group" id="139">
                    <left>0</left>
                    <top>0</top>
                    <width>1800</width>
                    <height>232</height>
                    <control type="grouplist">
                        <left>15</left>
                        <top>0</top>
                        <width>1800</width>
                        <height>38</height>
                        <orientation>horizontal</orientation>
                        <control type="label">
                            <width min="15" max="1050">auto</width>
                            <height>38</height>
                            <label>[B]$LOCALIZE[33054]: [/B]</label>
                        </control>
                        <control type="label" id="130">
                            <width min="15" max="420">auto</width>
                            <height>38</height>
                            <label/>
                        </control>
                    </control>
                    <control type="image">
                        <left>0</left>
                        <top>33</top>
                        <width>1830</width>
                        <height>3</height>
                        <texture background="true" border="1">Separator1.png</texture>
                    </control>
                    <control type="image">
                        <left>0</left>
                        <top>33</top>
                        <width>1830</width>
                        <height>177</height>
                        <texture border="2">White.png</texture>
                        <colordiffuse>4Fb4b4b4</colordiffuse>
                        <visible>Control.HasFocus(131)</visible>
                    </control>
                    <control type="list" id="131">
                        <left>15</left>
                        <top>38</top>
                        <width>1800</width>
                        <height>168</height>
                        <onleft>131</onleft>
                        <onright>131</onright>
                        <onup>121</onup>
                        <ondown>141</ondown>
                        <orientation>horizontal</orientation>
                        <viewtype label="535">list</viewtype>
                        <preloaditems>2</preloaditems>
                        <itemlayout width="600" height="168">
                            <control type="image">
                                <left>6</left>
                                <top>10</top>
                                <width>150</width>
                                <height>150</height>
                                <texture>$INFO[ListItem.Icon]</texture>
                                <aspectratio>scale</aspectratio>
                            </control>
                            <control type="image">
                                <left>105</left>
                                <top>105</top>
                                <width>45</width>
                                <height>45</height>
                                <texture>OverlayWatched.png</texture>
                                <visible>Integer.IsGreater(ListItem.Property(PlayCount),0)</visible>
                            </control>
                            <control type="label">
                                <left>165</left>
                                <top>15</top>
                                <width>420</width>
                                <height>18</height>
                                <label>[B]$INFO[ListItem.Label][/B]</label>
                                <font>font16</font>
                                <textcolor>grey</textcolor>
                                <aligny>center</aligny>
                            </control>
                            <control type="label">
                                <left>165</left>
                                <top>42</top>
                                <width>420</width>
                                <height>18</height>
                                <label>$INFO[ListItem.Property(TvShowTitle)]</label>
                                <font>font16</font>
                                <textcolor>grey</textcolor>
                                <aligny>center</aligny>
                            </control>
                        </itemlayout>
                        <focusedlayout width="600" height="168">
                            <control type="image">
                                <left>0</left>
                                <top>3</top>
                                <width>600</width>
                                <height>165</height>
                                <texture background="true" border="5">buttons/ButtonNF.png</texture>
                                <visible>Control.HasFocus(131)</visible>
                            </control>
                            <control type="image">
                                <left>6</left>
                                <top>10</top>
                                <width>150</width>
                                <height>150</height>
                                <texture>$INFO[ListItem.Icon]</texture>
                                <aspectratio>scale</aspectratio>
                            </control>
                            <control type="image">
                                <left>105</left>
                                <top>105</top>
                                <width>45</width>
                                <height>45</height>
                                <texture>OverlayWatched.png</texture>
                                <visible>Integer.IsGreater(ListItem.Property(PlayCount),0)</visible>
                            </control>
                            <control type="label">
                                <left>165</left>
                                <top>15</top>
                                <width>420</width>
                                <height>18</height>
                                <label>[B]$INFO[ListItem.Label][/B]</label>
                                <aligny>center</aligny>
                            </control>
                            <control type="label">
                                <left>165</left>
                                <top>42</top>
                                <width>420</width>
                                <height>18</height>
                                <label>$INFO[ListItem.Property(TvShowTitle)]</label>
                                <font>font16</font>
                                <aligny>center</aligny>
                            </control>
                        </focusedlayout>
                    </control>
                </control>
                <control type="group" id="149">
                    <left>0</left>
                    <top>0</top>
                    <width>1950</width>
                    <height>232</height>
                    <control type="grouplist">
                        <left>15</left>
                        <top>0</top>
                        <width>1950</width>
                        <height>38</height>
                        <orientation>horizontal</orientation>
                        <control type="label">
                            <width min="15" max="1050">auto</width>
                            <height>38</height>
                            <label>[B]$LOCALIZE[20360]: [/B]</label>
                        </control>
                        <control type="label" id="140">
                            <width min="15" max="420">auto</width>
                            <height>38</height>
                            <label/>
                        </control>
                    </control>
                    <control type="image">
                        <left>0</left>
                        <top>33</top>
                        <width>1830</width>
                        <height>3</height>
                        <texture background="true" border="1">Separator1.png</texture>
                    </control>
                    <control type="image">
                        <left>0</left>
                        <top>33</top>
                        <width>1830</width>
                        <height>177</height>
                        <texture border="2">White.png</texture>
                        <colordiffuse>4Fb4b4b4</colordiffuse>
                        <visible>Control.HasFocus(141)</visible>
                    </control>
                    <control type="list" id="141">
                        <left>15</left>
                        <top>38</top>
                        <width>1800</width>
                        <height>168</height>
                        <onleft>141</onleft>
                        <onright>141</onright>
                        <onup>131</onup>
                        <ondown>151</ondown>
                        <orientation>horizontal</orientation>
                        <viewtype label="535">list</viewtype>
                        <preloaditems>2</preloaditems>
                        <itemlayout width="600" height="168">
                            <control type="image">
                                <left>6</left>
                                <top>10</top>
                                <width>150</width>
                                <height>150</height>
                                <texture>$INFO[ListItem.Icon]</texture>
                                <aspectratio>scale</aspectratio>
                            </control>
                            <control type="image">
                                <left>105</left>
                                <top>105</top>
                                <width>45</width>
                                <height>45</height>
                                <texture>OverlayWatched.png</texture>
                                <visible>Integer.IsGreater(ListItem.Property(PlayCount),0)</visible>
                            </control>
                            <control type="label">
                                <left>165</left>
                                <top>15</top>
                                <width>420</width>
                                <height>18</height>
                                <label>[B]$INFO[ListItem.Label][/B]</label>
                                <aligny>center</aligny>
                            </control>
                            <control type="label">
                                <left>165</left>
                                <top>42</top>
                                <width>420</width>
                                <height>18</height>
                                <label>$INFO[ListItem.Property(TvShowTitle)]</label>
                                <font>font16</font>
                                <textcolor>grey</textcolor>
                                <aligny>center</aligny>
                            </control>
                            <control type="textbox">
                                <left>165</left>
                                <top>63</top>
                                <width>420</width>
                                <height>96</height>
                                <label>$INFO[ListItem.Property(Plot)]</label>
                                <font>font16</font>
                                <textcolor>grey</textcolor>
                            </control>
                        </itemlayout>
                        <focusedlayout width="600" height="168">
                            <control type="image">
                                <left>0</left>
                                <top>3</top>
                                <width>600</width>
                                <height>165</height>
                                <texture background="true" border="5">buttons/ButtonNF.png</texture>
                                <visible>Control.HasFocus(141)</visible>
                            </control>
                            <control type="image">
                                <left>6</left>
                                <top>10</top>
                                <width>150</width>
                                <height>150</height>
                                <texture>$INFO[ListItem.Icon]</texture>
                                <aspectratio>scale</aspectratio>
                            </control>
                            <control type="image">
                                <left>105</left>
                                <top>105</top>
                                <width>45</width>
                                <height>45</height>
                                <texture>OverlayWatched.png</texture>
                                <visible>Integer.IsGreater(ListItem.Property(PlayCount),0)</visible>
                            </control>
                            <control type="label">
                                <left>165</left>
                                <top>15</top>
                                <width>420</width>
                                <height>18</height>
                                <label>[B]$INFO[ListItem.Label][/B]</label>
                                <aligny>center</aligny>
                            </control>
                            <control type="label">
                                <left>165</left>
                                <top>42</top>
                                <width>420</width>
                                <height>18</height>
                                <label>$INFO[ListItem.Property(TvShowTitle)]</label>
                                <font>font16</font>
                                <textcolor>selected</textcolor>
                                <aligny>center</aligny>
                            </control>
                            <control type="textbox">
                                <left>165</left>
                                <top>63</top>
                                <width>420</width>
                                <height>96</height>
                                <label>$INFO[ListItem.Property(Plot)]</label>
                                <font>font16</font>
                                <textcolor>white</textcolor>
                            </control>
                        </focusedlayout>
                    </control>
                </control>
                <control type="group" id="159">
                    <left>0</left>
                    <top>0</top>
                    <width>1800</width>
                    <height>232</height>
                    <control type="grouplist">
                        <left>15</left>
                        <top>0</top>
                        <width>1800</width>
                        <height>38</height>
                        <orientation>horizontal</orientation>
                        <control type="label">
                            <width min="15" max="1050">auto</width>
                            <height>38</height>
                            <label>[B]$LOCALIZE[20389]: [/B]</label>
                        </control>
                        <control type="label" id="150">
                            <width min="15" max="420">auto</width>
                            <height>38</height>
                            <label/>
                        </control>
                    </control>
                    <control type="image">
                        <left>0</left>
                        <top>33</top>
                        <width>1830</width>
                        <height>3</height>
                        <texture background="true" border="1">Separator1.png</texture>
                    </control>
                    <control type="image">
                        <left>0</left>
                        <top>33</top>
                        <width>1830</width>
                        <height>177</height>
                        <texture border="2">White.png</texture>
                        <colordiffuse>4Fb4b4b4</colordiffuse>
                        <visible>Control.HasFocus(151)</visible>
                    </control>
                    <control type="list" id="151">
                        <left>15</left>
                        <top>38</top>
                        <width>1800</width>
                        <height>168</height>
                        <onleft>151</onleft>
                        <onright>151</onright>
                        <onup>141</onup>
                        <ondown>161</ondown>
                        <orientation>horizontal</orientation>
                        <viewtype label="535">list</viewtype>
                        <preloaditems>2</preloaditems>
                        <itemlayout width="600" height="168">
                            <control type="image">
                                <left>6</left>
                                <top>10</top>
                                <width>150</width>
                                <height>150</height>
                                <texture>$INFO[ListItem.Icon]</texture>
                                <aspectratio>scale</aspectratio>
                            </control>
                            <control type="image">
                                <left>105</left>
                                <top>105</top>
                                <width>45</width>
                                <height>45</height>
                                <texture>OverlayWatched.png</texture>
                                <visible>Integer.IsGreater(ListItem.Property(PlayCount),0)</visible>
                            </control>
                            <control type="label">
                                <left>165</left>
                                <top>15</top>
                                <width>420</width>
                                <height>18</height>
                                <label>[B]$INFO[ListItem.Label][/B]</label>
                                <aligny>center</aligny>
                            </control>
                            <control type="label">
                                <left>165</left>
                                <top>42</top>
                                <width>420</width>
                                <height>18</height>
                                <label>$INFO[ListItem.Property(Artist)]</label>
                                <font>font16</font>
                                <textcolor>grey</textcolor>
                                <aligny>center</aligny>
                            </control>
                            <control type="label">
                                <left>165</left>
                                <top>78</top>
                                <width>420</width>
                                <height>18</height>
                                <label>$INFO[ListItem.Property(Year)]</label>
                                <font>font16</font>
                                <textcolor>grey</textcolor>
                                <aligny>center</aligny>
                            </control>
                            <control type="label">
                                <left>165</left>
                                <top>108</top>
                                <width>420</width>
                                <height>18</height>
                                <label>$INFO[ListItem.Property(Duration)]</label>
                                <font>font16</font>
                                <textcolor>grey</textcolor>
                                <aligny>center</aligny>
                            </control>
                        </itemlayout>
                        <focusedlayout width="600" height="165">
                            <control type="image">
                                <left>0</left>
                                <top>3</top>
                                <width>600</width>
                                <height>165</height>
                                <texture background="true" border="5">buttons/ButtonNF.png</texture>
                                <visible>Control.HasFocus(151)</visible>
                            </control>
                            <control type="image">
                                <left>6</left>
                                <top>10</top>
                                <width>150</width>
                                <height>150</height>
                                <texture>$INFO[ListItem.Icon]</texture>
                                <aspectratio>scale</aspectratio>
                            </control>
                            <control type="image">
                                <left>105</left>
                                <top>105</top>
                                <width>45</width>
                                <height>45</height>
                                <texture>OverlayWatched.png</texture>
                                <visible>Integer.IsGreater(ListItem.Property(PlayCount),0)</visible>
                            </control>
                            <control type="label">
                                <left>165</left>
                                <top>15</top>
                                <width>420</width>
                                <height>18</height>
                                <label>[B]$INFO[ListItem.Label][/B]</label>
                                <aligny>center</aligny>
                            </control>
                            <control type="label">
                                <left>165</left>
                                <top>42</top>
                                <width>420</width>
                                <height>18</height>
                                <label>$INFO[ListItem.Property(Artist)]</label>
                                <font>font16</font>
                                <textcolor>selected</textcolor>
                                <aligny>center</aligny>
                            </control>
                            <control type="label">
                                <left>165</left>
                                <top>78</top>
                                <width>420</width>
                                <height>18</height>
                                <label>$INFO[ListItem.Property(Year)]</label>
                                <font>font16</font>
                                <textcolor>white</textcolor>
                                <aligny>center</aligny>
                            </control>
                            <control type="label">
                                <left>165</left>
                                <top>108</top>
                                <width>420</width>
                                <height>18</height>
                                <label>$INFO[ListItem.Property(Duration)]</label>
                                <font>font16</font>
                                <textcolor>white</textcolor>
                                <aligny>center</aligny>
                            </control>
                        </focusedlayout>
                    </control>
                </control>
                <control type="group" id="169">
                    <left>0</left>
                    <top>0</top>
                    <width>1800</width>
                    <height>232</height>
                    <control type="grouplist">
                        <left>15</left>
                        <top>0</top>
                        <width>1800</width>
                        <height>38</height>
                        <orientation>horizontal</orientation>
                        <control type="label">
                            <width min="15" max="1050">auto</width>
                            <height>38</height>
                            <label>[B]$LOCALIZE[133]: [/B]</label>
                        </control>
                        <control type="label" id="160">
                            <width min="15" max="420">auto</width>
                            <height>38</height>
                            <label/>
                        </control>
                    </control>
                    <control type="image">
                        <left>0</left>
                        <top>33</top>
                        <width>1830</width>
                        <height>3</height>
                        <texture background="true" border="1">Separator1.png</texture>
                    </control>
                    <control type="image">
                        <left>0</left>
                        <top>33</top>
                        <width>1830</width>
                        <height>177</height>
                        <texture border="2">White.png</texture>
                        <colordiffuse>4Fb4b4b4</colordiffuse>
                        <visible>Control.HasFocus(161)</visible>
                    </control>
                    <control type="list" id="161">
                        <left>15</left>
                        <top>38</top>
                        <width>1800</width>
                        <height>168</height>
                        <onleft>161</onleft>
                        <onright>161</onright>
                        <onup>151</onup>
                        <ondown>171</ondown>
                        <orientation>horizontal</orientation>
                        <viewtype label="535">list</viewtype>
                        <preloaditems>2</preloaditems>
                        <itemlayout width="600" height="168">
                            <control type="image">
                                <left>6</left>
                                <top>10</top>
                                <width>150</width>
                                <height>150</height>
                                <texture>$INFO[ListItem.Icon]</texture>
                                <aspectratio>scale</aspectratio>
                            </control>
                            <control type="label">
                                <left>165</left>
                                <top>15</top>
                                <width>420</width>
                                <height>18</height>
                                <label>[B]$INFO[ListItem.Label][/B]</label>
                                <aligny>center</aligny>
                            </control>
                            <control type="label">
                                <left>165</left>
                                <top>42</top>
                                <width>420</width>
                                <height>18</height>
                                <label>$INFO[ListItem.Property(Artist_Genre)]</label>
                                <font>font16</font>
                                <textcolor>grey</textcolor>
                                <aligny>center</aligny>
                            </control>
                            <control type="textbox">
                                <left>165</left>
                                <top>63</top>
                                <width>420</width>
                                <height>96</height>
                                <label>$INFO[ListItem.Property(Artist_Description)]</label>
                                <font>font16</font>
                                <textcolor>grey</textcolor>
                            </control>
                        </itemlayout>
                        <focusedlayout width="600" height="168">
                            <control type="image">
                                <left>0</left>
                                <top>3</top>
                                <width>600</width>
                                <height>165</height>
                                <texture background="true" border="5">buttons/ButtonNF.png</texture>
                                <visible>Control.HasFocus(161)</visible>
                            </control>
                            <control type="image">
                                <left>6</left>
                                <top>10</top>
                                <width>150</width>
                                <height>150</height>
                                <texture>$INFO[ListItem.Icon]</texture>
                                <aspectratio>scale</aspectratio>
                            </control>
                            <control type="label">
                                <left>165</left>
                                <top>15</top>
                                <width>420</width>
                                <height>18</height>
                                <label>[B]$INFO[ListItem.Label][/B]</label>
                                <aligny>center</aligny>
                            </control>
                            <control type="label">
                                <left>165</left>
                                <top>42</top>
                                <width>420</width>
                                <height>18</height>
                                <label>$INFO[ListItem.Property(Artist_Genre)]</label>
                                <font>font16</font>
                                <textcolor>white</textcolor>
                                <aligny>center</aligny>
                            </control>
                            <control type="textbox">
                                <left>165</left>
                                <top>63</top>
                                <width>420</width>
                                <height>96</height>
                                <label>$INFO[ListItem.Property(Artist_Description)]</label>
                                <font>font16</font>
                                <textcolor>white</textcolor>
                            </control>
                        </focusedlayout>
                    </control>
                </control>
                <control type="group" id="179">
                    <left>0</left>
                    <top>0</top>
                    <width>1800</width>
                    <height>232</height>
                    <control type="grouplist">
                        <left>15</left>
                        <top>0</top>
                        <width>1800</width>
                        <height>38</height>
                        <orientation>horizontal</orientation>
                        <control type="label">
                            <width min="15" max="1050">auto</width>
                            <height>38</height>
                            <label>[B]$LOCALIZE[132]: [/B]</label>
                        </control>
                        <control type="label" id="170">
                            <width min="15" max="420">auto</width>
                            <height>38</height>
                            <label/>
                        </control>
                    </control>
                    <control type="image">
                        <left>0</left>
                        <top>33</top>
                        <width>1830</width>
                        <height>3</height>
                        <texture background="true" border="1">Separator1.png</texture>
                    </control>
                    <control type="image">
                        <left>0</left>
                        <top>33</top>
                        <width>1830</width>
                        <height>177</height>
                        <texture border="2">White.png</texture>
                        <colordiffuse>4Fb4b4b4</colordiffuse>
                        <visible>Control.HasFocus(171)</visible>
                    </control>
                    <control type="list" id="171">
                        <left>15</left>
                        <top>38</top>
                        <width>1800</width>
                        <height>168</height>
                        <onleft>171</onleft>
                        <onright>171</onright>
                        <onup>161</onup>
                        <ondown>181</ondown>
                        <orientation>horizontal</orientation>
                        <viewtype label="535">list</viewtype>
                        <preloaditems>2</preloaditems>
                        <itemlayout width="600" height="168">
                            <control type="image">
                                <left>6</left>
                                <top>10</top>
                                <width>150</width>
                                <height>150</height>
                                <texture>$INFO[ListItem.Icon]</texture>
                                <aspectratio>scale</aspectratio>
                            </control>
                            <control type="label">
                                <left>165</left>
                                <top>15</top>
                                <width>420</width>
                                <height>18</height>
                                <label>[B]$INFO[ListItem.Label][/B]</label>
                                <aligny>center</aligny>
                            </control>
                            <control type="label">
                                <left>165</left>
                                <top>42</top>
                                <width>420</width>
                                <height>18</height>
                                <label>$INFO[ListItem.Property(Artist)]</label>
                                <font>font16</font>
                                <textcolor>grey</textcolor>
                                <aligny>center</aligny>
                            </control>
                            <control type="textbox">
                                <left>165</left>
                                <top>63</top>
                                <width>420</width>
                                <height>96</height>
                                <label>$INFO[ListItem.Property(Album_Description)]</label>
                                <font>font16</font>
                                <textcolor>grey</textcolor>
                            </control>
                        </itemlayout>
                        <focusedlayout width="600" height="165">
                            <control type="image">
                                <left>0</left>
                                <top>3</top>
                                <width>600</width>
                                <height>165</height>
                                <texture background="true" border="5">buttons/ButtonNF.png</texture>
                                <visible>Control.HasFocus(171)</visible>
                            </control>
                            <control type="image">
                                <left>6</left>
                                <top>10</top>
                                <width>150</width>
                                <height>150</height>
                                <texture>$INFO[ListItem.Icon]</texture>
                                <aspectratio>scale</aspectratio>
                            </control>
                            <control type="label">
                                <left>165</left>
                                <top>15</top>
                                <width>420</width>
                                <height>18</height>
                                <label>[B]$INFO[ListItem.Label][/B]</label>
                                <aligny>center</aligny>
                            </control>
                            <control type="label">
                                <left>165</left>
                                <top>42</top>
                                <width>420</width>
                                <height>18</height>
                                <label>$INFO[ListItem.Property(Artist)]</label>
                                <font>font16</font>
                                <textcolor>selected</textcolor>
                                <aligny>center</aligny>
                            </control>
                            <control type="textbox">
                                <left>165</left>
                                <top>63</top>
                                <width>420</width>
                                <height>96</height>
                                <label>$INFO[ListItem.Property(Album_Description)]</label>
                                <font>font16</font>
                                <textcolor>white</textcolor>
                            </control>
                        </focusedlayout>
                    </control>
                </control>
                <control type="group" id="189">
                    <left>0</left>
                    <top>0</top>
                    <width>1800</width>
                    <height>232</height>
                    <control type="grouplist">
                        <left>15</left>
                        <top>0</top>
                        <width>1800</width>
                        <height>38</height>
                        <orientation>horizontal</orientation>
                        <control type="label">
                            <width min="15" max="1050">auto</width>
                            <height>38</height>
                            <label>[B]$LOCALIZE[134]: [/B]</label>
                        </control>
                        <control type="label" id="180">
                            <width min="15" max="420">auto</width>
                            <height>38</height>
                            <label/>
                        </control>
                    </control>
                    <control type="image">
                        <left>0</left>
                        <top>33</top>
                        <width>1830</width>
                        <height>3</height>
                        <texture background="true" border="1">Separator1.png</texture>
                    </control>
                    <control type="image">
                        <left>0</left>
                        <top>33</top>
                        <width>1830</width>
                        <height>177</height>
                        <texture border="2">White.png</texture>
                        <colordiffuse>4Fb4b4b4</colordiffuse>
                        <visible>Control.HasFocus(181)</visible>
                    </control>
                    <control type="list" id="181">
                        <left>15</left>
                        <top>38</top>
                        <width>1800</width>
                        <height>168</height>
                        <onleft>181</onleft>
                        <onright>181</onright>
                        <onup>171</onup>
                        <ondown>111</ondown>
                        <orientation>horizontal</orientation>
                        <viewtype label="535">list</viewtype>
                        <preloaditems>2</preloaditems>
                        <itemlayout width="600" height="168">
                            <control type="image">
                                <left>6</left>
                                <top>10</top>
                                <width>150</width>
                                <height>150</height>
                                <texture>$INFO[ListItem.Icon]</texture>
                                <aspectratio>scale</aspectratio>
                            </control>
                            <control type="label">
                                <left>165</left>
                                <top>15</top>
                                <width>420</width>
                                <height>18</height>
                                <label>[B]$INFO[ListItem.Label][/B]</label>
                                <aligny>center</aligny>
                            </control>
                            <control type="label">
                                <left>165</left>
                                <top>42</top>
                                <width>420</width>
                                <height>18</height>
                                <label>$INFO[ListItem.Property(Artist)]</label>
                                <font>font16</font>
                                <textcolor>grey</textcolor>
                                <aligny>center</aligny>
                            </control>
                            <control type="label">
                                <left>165</left>
                                <top>78</top>
                                <width>420</width>
                                <height>18</height>
                                <label>$INFO[ListItem.Property(Genre)]</label>
                                <font>font16</font>
                                <textcolor>grey</textcolor>
                                <aligny>center</aligny>
                            </control>
                            <control type="label">
                                <left>165</left>
                                <top>108</top>
                                <width>420</width>
                                <height>18</height>
                                <label>$INFO[ListItem.Property(Duration)]</label>
                                <font>font16</font>
                                <textcolor>grey</textcolor>
                                <aligny>center</aligny>
                            </control>
                        </itemlayout>
                        <focusedlayout width="600" height="165">
                            <control type="image">
                                <left>0</left>
                                <top>3</top>
                                <width>600</width>
                                <height>165</height>
                                <texture background="true" border="5">buttons/ButtonNF.png</texture>
                                <visible>Control.HasFocus(181)</visible>
                            </control>
                            <control type="image">
                                <left>6</left>
                                <top>10</top>
                                <width>150</width>
                                <height>150</height>
                                <texture>$INFO[ListItem.Icon]</texture>
                                <aspectratio>scale</aspectratio>
                            </control>
                            <control type="label">
                                <left>165</left>
                                <top>15</top>
                                <width>420</width>
                                <height>18</height>
                                <label>[B]$INFO[ListItem.Label][/B]</label>
                                <aligny>center</aligny>
                            </control>
                            <control type="label">
                                <left>165</left>
                                <top>42</top>
                                <width>420</width>
                                <height>18</height>
                                <label>$INFO[ListItem.Property(Artist)]</label>
                                <font>font16</font>
                                <textcolor>selected</textcolor>
                                <aligny>center</aligny>
                            </control>
                            <control type="label">
                                <left>165</left>
                                <top>78</top>
                                <width>420</width>
                                <height>18</height>
                                <label>$INFO[ListItem.Property(Genre)]</label>
                                <font>font16</font>
                                <textcolor>white</textcolor>
                                <aligny>center</aligny>
                            </control>
                            <control type="label">
                                <left>165</left>
                                <top>108</top>
                                <width>420</width>
                                <height>18</height>
                                <label>$INFO[ListItem.Property(Duration)]</label>
                                <font>font16</font>
                                <textcolor>white</textcolor>
                                <aligny>center</aligny>
                            </control>
                        </focusedlayout>
                    </control>
                </control>
            </control>
            <include>BehindDialogFadeOut</include>
        </control>
    </controls>
</window>
