<?xml version="1.0" encoding="UTF-8"?>
<window id="2901">
    <defaultcontrol always="true">99</defaultcontrol>
    <include>openclose</include>
    <controls>
        <control type="image">
            <description>background</description>
            <include>openclosefanart</include>
            <include>openclosevisible</include>
            <left>-8</left>
            <top>-8</top>
            <width>1935</width>
            <height>945</height>
            <colordiffuse>menudiffuse</colordiffuse>
            <texture flipy="true">Shadow.png</texture>
            <visible>Window.IsVisible(videoosd)</visible>
        </control>
        <control type="group">
			<visible>![Window.IsActive(DialogSubtitles.xml)|Window.IsActive(DialogSettings.xml)]</visible>
            <include>opencloseslidedown</include>
            <visible>![Window.IsVisible(pvrosdteletext)|Window.IsVisible(SliderDialog)|Window.IsVisible(OSDVideoSettings)|Window.IsVisible(OSDAudioSettings)|Window.IsVisible(VideoBookmarks)|Window.IsVisible(PVRosdChannels)|Window.IsVisible(pvrchannelguide)]</visible>
            <visible>![Window.IsActive(script-XBMC-Subtitles-main.xml)|Window.IsActive(DialogSubtitles.xml)]</visible>
            <left>0</left>
            <top>0</top>
            <control type="slider">
                <!-- Fake Slider für Touchbenutzung -->
                <description>Seekbar</description>
                <left>465</left>
                <top>858</top>
                <width>1010</width>
                <height>6</height>
                <action>seek</action>
                <colordiffuse>01FFFFFF</colordiffuse>
                <textureslidernib/>
                <textureslidernibfocus/>
                <texturesliderbar border="10">osd/ProgressBack.png</texturesliderbar>
            </control>
            <control type="group">
                <left>0</left>
                <top>12</top>
                <control type="grouplist" id="240">
                    <visible>Control.HasFocus(2)|Control.HasFocus(3)|ControlGroup(240).HasFocus</visible>
                    <include>opencloseslidedown</include>
                    <left>60</left>
                    <top>90</top>
                    <width>390</width>
                    <height>645</height>
                    <itemgap>0</itemgap>
                    <onleft>240</onleft>
                    <onright>240</onright>
                    <onup condition="!Control.HasFocus(405)">2</onup>
                    <onup condition="Control.HasFocus(405)">3</onup>
                    <ondown condition="!Control.HasFocus(405)">2</ondown>
                    <ondown condition="Control.HasFocus(405)">3</ondown>
                    <orientation>vertical</orientation>
					<control type="button" id="400">
                        <width>382</width>
                        <height>45</height>
						<label>$LOCALIZE[24133]</label>
                        <textoffsetx>45</textoffsetx>
                        <aligny>center</aligny>
                        <texturenofocus>Black.png</texturenofocus>
                        <alttexturefocus>buttons/ButtonFO.png</alttexturefocus>
                        <alttexturenofocus>Black.png</alttexturenofocus>
						<onclick>ActivateWindow(osdsubtitlesettings)</onclick>
					</control>
                    <control type="togglebutton" id="401">
                        <description>Download with Subtitles script</description>
                        <width>382</width>
                        <height>45</height>
                        <label>33003</label>
                        <textoffsetx>45</textoffsetx>
                        <aligny>center</aligny>
                        <texturenofocus>Black.png</texturenofocus>
                        <alttexturefocus>buttons/ButtonFO.png</alttexturefocus>
                        <alttexturenofocus>Black.png</alttexturenofocus>
                        <onclick>Dialog.Close(videoosd)</onclick>
                        <onclick>ActivateWindow(SubtitleSearch)</onclick>
                    </control>
                    <control type="button" id="402">
                        <width>382</width>
                        <aligny>center</aligny>
                        <textoffsetx>45</textoffsetx>
                        <texturenofocus>Black.png</texturenofocus>
                        <textcolor>white</textcolor>
                        <focusedcolor>black</focusedcolor>
                        <pulseonselect>false</pulseonselect>
                        <label>22006</label>
                        <onclick>SubtitleDelay</onclick>
                        <visible>VideoPlayer.HasSubtitles + VideoPlayer.SubtitlesEnabled</visible>
                    </control>
                    <control type="button" id="403">
                        <width>382</width>
                        <aligny>center</aligny>
                        <textoffsetx>45</textoffsetx>
                        <texturenofocus>Black.png</texturenofocus>
                        <textcolor>white</textcolor>
                        <focusedcolor>black</focusedcolor>
                        <pulseonselect>false</pulseonselect>
                        <label>209</label>
                        <onclick>NextSubtitle</onclick>
                        <visible>VideoPlayer.HasSubtitles + VideoPlayer.SubtitlesEnabled</visible>
                    </control>
                    <control type="radiobutton" id="404">
                        <width>382</width>
                        <textoffsetx>45</textoffsetx>
                        <aligny>center</aligny>
                        <label>449</label>
                        <radioposx>300</radioposx>
                        <texturenofocus>Black.png</texturenofocus>
                        <textcolor>white</textcolor>
                        <focusedcolor>black</focusedcolor>
                        <onclick>ShowSubtitles</onclick>
                        <selected>VideoPlayer.SubtitlesEnabled</selected>
                        <pulseonselect>false</pulseonselect>
                        <visible>VideoPlayer.HasSubtitles</visible>
                    </control>
                    <control type="button" id="405">
                        <width>382</width>
                        <aligny>center</aligny>
                        <textoffsetx>45</textoffsetx>
                        <texturenofocus>Black.png</texturenofocus>
                        <textcolor>white</textcolor>
                        <focusedcolor>black</focusedcolor>
                        <pulseonselect>false</pulseonselect>
                        <!-- <label>209</label>
                        <onclick>NextSubtitle</onclick>
                        <visible>VideoPlayer.HasSubtitles + VideoPlayer.SubtitlesEnabled</visible> -->
						<label>$LOCALIZE[36560]</label>
						<onclick>ActivateWindow(osdcmssettings)</onclick>
						<visible>System.HasCMS</visible>
					
                    </control>
                </control>
            </control>
            <control type="group">
                <left>0</left>
                <top>12</top>
                <control type="grouplist" id="550">
                    <visible>videoplayer.isstereoscopic + ![Window.IsVisible(SliderDialog)|Window.IsVisible(OSDVideoSettings)|Window.IsVisible(OSDAudioSettings)|Window.IsVisible(VideoBookmarks)|Window.IsVisible(PVROSDChannels)|Window.IsVisible(pvrchannelguide)]</visible>
                    <visible>Control.HasFocus(1)|ControlGroup(550).HasFocus</visible>
                    <include>opencloseslidedown</include>
                    <left>60</left>
                    <top>90</top>
                    <width>390</width>
                    <height>645</height>
                    <itemgap>1</itemgap>
                    <onleft>550</onleft>
                    <onright>550</onright>
                    <onup>1</onup>
                    <ondown>1</ondown>
                    <orientation>vertical</orientation>
                    <control type="radiobutton" id="553">
                        <width>382</width>
                        <align>left</align>
                        <texturenofocus>Black.png</texturenofocus>
                        <font>font16</font>
                        <textcolor>white</textcolor>
                        <focusedcolor>black</focusedcolor>
                        <onclick>ToggleStereoMode</onclick>
                        <selected>Integer.IsGreater(System.StereoscopicMode,0)</selected>
                        <label>305</label>
                    </control>
                    <control type="button" id="552">
                        <width>382</width>
                        <align>left</align>
                        <texturenofocus>Black.png</texturenofocus>
                        <font>font16</font>
                        <textcolor>white</textcolor>
                        <focusedcolor>black</focusedcolor>
                        <label>31065</label>
                        <onclick>StereoMode</onclick>
                    </control>
                    <control type="radiobutton" id="551">
                        <width>382</width>
                        <align>left</align>
                        <texturenofocus>Black.png</texturenofocus>
                        <font>font16</font>
                        <textcolor>white</textcolor>
                        <focusedcolor>black</focusedcolor>
                        <label>31064</label>
                        <onclick>StereoModeToMono</onclick>
                        <selected>String.IsEqual(System.StereoscopicMode,7)</selected>
                    </control>
                </control>
            </control>
            <control type="group">
                <visible>!Window.IsVisible(sliderdialog)</visible>
                <control type="group">
                    <visible>Skin.HasSetting(CurrentButtonLabel)</visible>
                    <control type="image">
                        <description>Current Control Background</description>
                        <left>567r</left>
                        <top>93</top>
                        <width>570</width>
                        <height>42</height>
                        <texture background="true">osd/CurrentOSDLabel.png</texture>
                        <include>opencloseslideleft</include>
                    </control>
                    <control type="label">
                        <description>Current Control</description>
                        <left>525r</left>
                        <top>93</top>
                        <width>510</width>
                        <height>45</height>
                        <align>right</align>
                        <font>ubuntu-r13b</font>
                        <textcolor>white</textcolor>
                        <label>[UPPERCASE]$INFO[System.CurrentControl][/UPPERCASE]</label>
                        <include>opencloseslideleft</include>
                    </control>
                </control>
                <control type="image">
                    <left>-15</left>
                    <top>96</top>
                    <width>1950</width>
                    <height>15</height>
                    <colordiffuse>fanartdiffuse</colordiffuse>
                    <texture background="true" flipy="true">Shadow.png</texture>
                </control>
                <control type="image">
                    <visible>!Skin.HasSetting(pause_light)</visible>
                    <left>-15</left>
                    <top>-18</top>
                    <width>1950</width>
                    <height>114</height>
                    <animation effect="fade" end="85" condition="true">Conditional</animation>
                    <colordiffuse>$VAR[BackgroundOverlayColor]</colordiffuse>
                    <texture background="true" border="10">ContentPanel_scratched.png</texture>
                </control>
                <control type="image">
                    <visible>Skin.HasSetting(pause_light)</visible>
                    <left>-15</left>
                    <top>-18</top>
                    <width>1950</width>
                    <height>114</height>
                    <texture background="true" flipy="true" border="10">Underlay2.png</texture>
                </control>
                <control type="image">
                    <description>Current Control Background</description>
                    <left>-15</left>
                    <top>-14</top>
                    <width>570</width>
                    <height>111</height>
                    <colordiffuse>menudiffuse</colordiffuse>
                    <texture background="true" flipx="true" border="5">osd/CurrentOSDLabel.png</texture>
                </control>
                <control type="group">
                    <!-- time label -->
                    <description>time label</description>
                    <left>27r</left>
                    <top>4</top>
                    <control type="label">
                        <left>480r</left>
                        <top>0</top>
                        <width>465</width>
                        <align>right</align>
                        <aligny>center</aligny>
                        <font>impacted30</font>
                        <textcolor>grey</textcolor>
                        <shadowcolor/>
                        <label>$INFO[System.Time]</label>
                    </control>
                    <control type="label">
                        <left>480r</left>
                        <top>45</top>
                        <width>465</width>
                        <align>right</align>
                        <aligny>center</aligny>
                        <font>impacted21</font>
                        <textcolor>grey</textcolor>
                        <shadowcolor/>
                        <label>$INFO[System.Date]</label>
                        <visible>!Skin.HasSetting(NoDate)</visible>
                    </control>
                </control>
                <control type="group">
                    <!-- !LiveTV -->
                    <visible>!VideoPlayer.Content(LiveTV)</visible>
                    <control type="grouplist" id="100">
                        <left>52</left>
                        <top>9</top>
                        <width>750</width>
                        <height>90</height>
                        <itemgap>3</itemgap>
                        <orientation>horizontal</orientation>
                        <align>left</align>
                        <onleft>Control.SetFocus(101,7)</onleft>
                        <onright>Control.SetFocus(101,0)</onright>
                        <onup/>
                        <ondown/>
                        <control type="button" id="1">
                            <enable>VideoPlayer.IsStereoscopic</enable>
                            <description>Stereoscopic</description>
                            <width>68</width>
                            <height>68</height>
                            <label>36501</label>
                            <font/>
                            <ondown>550</ondown>
                            <texturefocus colordiffuse="description">osd/OSDStereoscopicFO.png</texturefocus>
                            <texturenofocus colordiffuse="grey">osd/OSDStereoscopicFO.png</texturenofocus>
                            <animation effect="zoom" start="90" center="auto" end="110" time="50">Focus</animation>
                            <animation effect="fade" start="100" end="50" time="100" condition="!VideoPlayer.IsStereoscopic">Conditional</animation>
                        </control>
                        <control type="button" id="2">
                            <width>75</width>
                            <height>75</height>
                            <label>31063</label>
                            <font/>
                            <ondown>Control.SetFocus(240)</ondown>
                            <texturefocus colordiffuse="description">osd/SubtitlesFO.png</texturefocus>
                            <texturenofocus colordiffuse="grey">osd/SubtitlesFO.png</texturenofocus>
                            <onclick>ActivateWindow(SubtitleSearch)</onclick>
                            <animation effect="zoom" start="90" center="auto" end="110" time="50">Focus</animation>
                        </control>
                        <control type="button" id="4">
                            <description>Bookmarks</description>
                            <width>68</width>
                            <height>68</height>
                            <label>298</label>
                            <font/>
                            <texturefocus colordiffuse="description">osd/BookMarksFO.png</texturefocus>
                            <texturenofocus colordiffuse="grey">osd/BookMarksFO.png</texturenofocus>
                            <onclick>ActivateWindow(125)</onclick>
                            <animation effect="zoom" start="90" center="auto" end="110" time="50">Focus</animation>
                        </control>
                        <control type="button" id="5">
                            <description>Audio Settings</description>
                            <width>68</width>
                            <height>68</height>
                            <label>13396</label>
                            <font/>
                            <texturefocus colordiffuse="description">osd/AudioFO.png</texturefocus>
                            <texturenofocus colordiffuse="grey">osd/AudioFO.png</texturenofocus>
                            <onclick>ActivateWindow(124)</onclick>
                            <animation effect="zoom" start="90" center="auto" end="110" time="50">Focus</animation>
                        </control>
                        <control type="button" id="6">
                            <description>Video Settings</description>
                            <width>68</width>
                            <height>68</height>
                            <label>13395</label>
                            <align>left</align>
                            <font/>
                            <texturefocus colordiffuse="description">osd/VideoFO.png</texturefocus>
                            <texturenofocus colordiffuse="grey">osd/VideoFO.png</texturenofocus>
                            <onclick>ActivateWindow(osdvideosettings)</onclick>
                            <animation effect="zoom" start="90" center="auto" end="110" time="50">Focus</animation>
                        </control>
                    </control>
                    <control type="list" id="101">
                        <visible>![Window.IsVisible(AddonSettings)|Window.IsVisible(SelectDialog)|Window.IsVisible(VisualisationPresetList)]</visible>
                        <left>735</left>
                        <top>12</top>
                        <width>1980</width>
                        <height>846</height>
                        <onup/>
                        <ondown/>
                        <onleft>6</onleft>
                        <onright>1</onright>
                        <viewtype label="list">list</viewtype>
                        <orientation>horizontal</orientation>
                        <itemgap>6</itemgap>
                        <itemlayout width="82" height="68">
                            <control type="image">
                                <left>0</left>
                                <top>0</top>
                                <width>68</width>
                                <height>68</height>
                                <colordiffuse>grey2</colordiffuse>
                                <texture background="true">osd/RingOutside.png</texture>
                            </control>
                            <control type="image">
                                <left>0</left>
                                <top>0</top>
                                <width>68</width>
                                <height>68</height>
                                <colordiffuse>DDFFFFFF</colordiffuse>
                                <texture background="true">osd/RingInsideNF.png</texture>
                            </control>
                            <control type="image">
                                <left>4</left>
                                <top>4</top>
                                <width>58</width>
                                <height>58</height>
                                <texture background="true">$INFO[ListItem.Property(record)]</texture>
                                <visible>PVR.IsRecordingPlayingChannel</visible>
                            </control>
                            <control type="image">
                                <left>6</left>
                                <top>6</top>
                                <width>56</width>
                                <height>56</height>
                                <colordiffuse>grey1</colordiffuse>
                                <texture>$INFO[ListItem.Icon]</texture>
                            </control>
                        </itemlayout>
                        <focusedlayout width="82" height="68">
                            <control type="image">
                                <left>0</left>
                                <top>0</top>
                                <width>68</width>
                                <height>68</height>
                                <texture background="true">$INFO[ListItem.Property(record)]</texture>
                                <visible>PVR.IsRecordingPlayingChannel</visible>
                            </control>
                            <control type="image">
                                <left>0</left>
                                <top>0</top>
                                <width>68</width>
                                <height>68</height>
                                <colordiffuse>description</colordiffuse>
                                <texture background="true">osd/RingOutside.png</texture>
                                <visible>Control.HasFocus(101)</visible>
                            </control>
                            <control type="image">
                                <left>0</left>
                                <top>0</top>
                                <width>68</width>
                                <height>68</height>
                                <colordiffuse>grey2</colordiffuse>
                                <texture background="true">osd/RingOutside.png</texture>
                                <visible>!Control.HasFocus(101)</visible>
                            </control>
                            <control type="image">
                                <left>0</left>
                                <top>0</top>
                                <width>68</width>
                                <height>68</height>
                                <texture background="true">osd/RingInsideNF.png</texture>
                                <visible>!Control.HasFocus(101)</visible>
                            </control>
                            <control type="image">
                                <left>0</left>
                                <top>0</top>
                                <width>68</width>
                                <height>68</height>
                                <colordiffuse>description</colordiffuse>
                                <texture>$INFO[ListItem.Icon]</texture>
                                <visible>Control.HasFocus(101)</visible>
                            </control>
                            <control type="image">
                                <left>0</left>
                                <top>0</top>
                                <width>68</width>
                                <height>68</height>
                                <colordiffuse>grey1</colordiffuse>
                                <texture>$INFO[ListItem.Icon]</texture>
                                <visible>!Control.HasFocus(101)</visible>
                            </control>
                        </focusedlayout>
                        <content>
                            <item id="0">
                                <label>264</label>
                                <icon>osd/RecordOffFO.png</icon>
                                <onclick>PVR.ToggleRecordPlayingChannel</onclick>
                                <visible>!PVR.IsRecordingPlayingChannel</visible>
                                <visible>PVR.CanRecordPlayingChannel</visible>
                            </item>
                            <item id="0">
                                <label>265</label>
                                <icon>osd/RecordOnFO.png</icon>
                                <onclick>PVR.ToggleRecordPlayingChannel</onclick>
                                <visible>PVR.IsRecordingPlayingChannel</visible>
                                <visible>PVR.CanRecordPlayingChannel</visible>
                            </item>
                            <item id="1">
                                <label>210</label>
                                <icon>osd/PrevTrackFO.png</icon>
                                <onclick>Control.SetFocus(600)</onclick>
                            </item>
                            <item id="2">
                                <label>31061</label>
                                <icon>osd/RewindFO.png</icon>
                                <onclick>PlayerControl(Rewind)</onclick>
                            </item>
                            <item id="3">
                                <label>112</label>
                                <icon>osd/PauseFO.png</icon>
                                <onclick>PlayerControl(Play)</onclick>
                                <visible>![Player.Paused|Player.Forwarding|Player.Rewinding]</visible>
                            </item>
                            <item id="3">
                                <label>208</label>
                                <icon>osd/PlayFO.png</icon>
                                <onclick>PlayerControl(Play)</onclick>
                                <visible>Player.Paused|Player.Forwarding|Player.Rewinding</visible>
                            </item>
                            <item id="4">
                                <label>31059</label>
                                <icon>osd/StopFO.png</icon>
                                <onclick>PlayerControl(Stop)</onclick>
                            </item>
                            <item id="5">
                                <label>31060</label>
                                <icon>osd/ForwardFO.png</icon>
                                <onclick>PlayerControl(Forward)</onclick>
                            </item>
                            <item id="6">
                                <label>209</label>
                                <icon>osd/NextTrackFO.png</icon>
                                <onclick>Control.SetFocus(605)</onclick>
                            </item>
                            <item id="7">
                                <label>31062</label>
                                <icon>osd/DvdFO.png</icon>
                                <onclick>PlayerControl(ShowVideoMenu)</onclick>
                                <visible>VideoPlayer.HasMenu</visible>
                            </item>
                            <item id="8">
                                <label>disable Seekbar</label>
                                <icon>osd/NoSeekFO.png</icon>
                                <onclick condition="!String.Contains(Window(videoosd).Property(SeekbarDisable),true)">SetProperty(SeekbarDisable,true,videoosd)</onclick>
                                <onclick condition="String.Contains(Window(videoosd).Property(SeekbarDisable),true)">ClearProperty(SeekbarDisable)</onclick>
								<visible>!Skin.HasSetting(pause_light)</visible>
                            </item>
                        </content>
                    </control>
                    <control type="group" id="120">
                        <left>735</left>
                        <top>12</top>
                        <animation effect="fade" time="200">VisibleChange</animation>
                        <visible>![Window.IsVisible(AddonSettings)|Window.IsVisible(SelectDialog)|Window.IsVisible(VisualisationPresetList)]</visible>
                        <control type="button" id="600">
                            <left>0</left>
                            <top>0</top>
                            <width>68</width>
                            <height>68</height>
                            <label>210</label>
                            <font/>
                            <texturefocus/>
                            <texturenofocus/>
                            <onleft/>
                            <onright/>
                            <onup/>
                            <ondown/>
                            <onfocus>PlayerControl(Previous)</onfocus>
                            <onfocus>PlayerControl(Previous)</onfocus>
                            <onfocus condition="PVR.CanRecordPlayingChannel">Control.SetFocus(101,1)</onfocus>
                            <onfocus condition="!PVR.CanRecordPlayingChannel">Control.SetFocus(101,0)</onfocus>
                        </control>
                        <control type="button" id="605">
                            <left>412</left>
                            <top>0</top>
                            <width/>
                            <height/>
                            <label/>
                            <font/>
                            <texturefocus/>
                            <texturenofocus/>
                            <onleft/>
                            <onright/>
                            <onup/>
                            <ondown/>
                            <onfocus>PlayerControl(Next)</onfocus>
                            <onfocus>Control.SetFocus(101,6)</onfocus>
                        </control>
                    </control>
                </control>
                <control type="group">
                    <!-- LiveTV -->
                    <visible>VideoPlayer.Content(LiveTV)</visible>
                    <control type="grouplist" id="100">
                        <left>75</left>
                        <top>9</top>
                        <width>750</width>
                        <height>90</height>
                        <itemgap>3</itemgap>
                        <orientation>horizontal</orientation>
                        <align>left</align>
                        <onleft>Control.SetFocus(102,8)</onleft>
                        <onright>Control.SetFocus(102,0)</onright>
                        <onup/>
                        <control type="button" id="10">
                            <left>0</left>
                            <top>0</top>
                            <width>68</width>
                            <height>68</height>
                            <label>36501</label>
                            <font/>
                            <texturefocus colordiffuse="description">osd/OSDStereoscopicFO.png</texturefocus>
                            <texturenofocus colordiffuse="grey">osd/OSDStereoscopicFO.png</texturenofocus>
                            <onleft>1</onleft>
                            <onright>2</onright>
                            <ondown>550</ondown>
                            <enable>VideoPlayer.IsStereoscopic</enable>
                            <animation effect="zoom" start="90" center="auto" end="110" time="50">Focus</animation>
                            <animation effect="fade" start="100" end="50" time="100" condition="!VideoPlayer.IsStereoscopic">Conditional</animation>
                        </control>
                        <control type="button" id="12">
                            <left>82</left>
                            <top>0</top>
                            <width>68</width>
                            <height>68</height>
                            <label>31063</label>
                            <font/>
                            <texturefocus colordiffuse="description">osd/TeleTextFO.png</texturefocus>
                            <texturenofocus colordiffuse="grey">osd/TeleTextFO.png</texturenofocus>
                            <onleft>1</onleft>
                            <onright>3</onright>
                            <onclick>ActivateWindow(Teletext)</onclick>
                            <animation effect="zoom" start="90" center="auto" end="110" time="50">Focus</animation>
                        </control>
                        <control type="button" id="13">
                            <left>165</left>
                            <top>0</top>
                            <width>68</width>
                            <height>68</height>
                            <label>13395</label>
                            <font/>
                            <texturefocus colordiffuse="description">osd/VideoFO.png</texturefocus>
                            <texturenofocus colordiffuse="grey">osd/VideoFO.png</texturenofocus>
                            <onleft>350</onleft>
                            <onright>352</onright>
                            <onup>1000</onup>
                            <ondown>1000</ondown>
                            <onclick>ActivateWindow(OSDVideoSettings)</onclick>
                            <animation effect="zoom" start="90" center="auto" end="110" time="50">Focus</animation>
                        </control>
                        <control type="button" id="14">
                            <left>248</left>
                            <top>0</top>
                            <width>68</width>
                            <height>68</height>
                            <label>13396</label>
                            <font/>
                            <texturefocus colordiffuse="description">osd/AudioFO.png</texturefocus>
                            <texturenofocus colordiffuse="grey">osd/AudioFO.png</texturenofocus>
                            <onleft>3</onleft>
                            <onright>5</onright>
                            <onclick>ActivateWindow(osdAudioSettings)</onclick>
                            <animation effect="zoom" start="90" center="auto" end="110" time="50">Focus</animation>
                        </control>
                    </control>
                    <control type="list" id="102">
                        <left>735</left>
                        <top>12</top>
                        <width>1980</width>
                        <height>846</height>
                        <onup/>
                        <ondown/>
                        <onleft>14</onleft>
                        <onright>10</onright>
                        <viewtype label="list">list</viewtype>
                        <orientation>horizontal</orientation>
                        <itemgap>6</itemgap>
                        <itemlayout width="82" height="68">
                            <control type="image">
                                <left>0</left>
                                <top>0</top>
                                <width>68</width>
                                <height>68</height>
                                <colordiffuse>grey2</colordiffuse>
                                <texture>osd/RingOutside.png</texture>
                            </control>
                            <control type="image">
                                <left>0</left>
                                <top>0</top>
                                <width>68</width>
                                <height>68</height>
                                <colordiffuse>DDFFFFFF</colordiffuse>
                                <texture>osd/RingInsideNF.png</texture>
                            </control>
                            <control type="image">
                                <left>4</left>
                                <top>4</top>
                                <width>58</width>
                                <height>58</height>
                                <texture>$INFO[ListItem.Property(record)]</texture>
                                <visible>PVR.IsRecordingPlayingChannel</visible>
                            </control>
                            <control type="image">
                                <left>0</left>
                                <top>0</top>
                                <width>68</width>
                                <height>68</height>
                                <colordiffuse>grey1</colordiffuse>
                                <texture>$INFO[ListItem.Icon]</texture>
                            </control>
                        </itemlayout>
                        <focusedlayout width="82" height="68">
                            <control type="image">
                                <left>0</left>
                                <top>0</top>
                                <width>68</width>
                                <height>68</height>
                                <texture>$INFO[ListItem.Property(record)]</texture>
                                <visible>PVR.IsRecordingPlayingChannel</visible>
                            </control>
                            <control type="image">
                                <left>0</left>
                                <top>0</top>
                                <width>68</width>
                                <height>68</height>
                                <colordiffuse>description</colordiffuse>
                                <texture>osd/RingOutside.png</texture>
                                <visible>Control.HasFocus(102)</visible>
                            </control>
                            <control type="image">
                                <left>0</left>
                                <top>0</top>
                                <width>68</width>
                                <height>68</height>
                                <colordiffuse>grey2</colordiffuse>
                                <texture>osd/RingOutside.png</texture>
                                <visible>!Control.HasFocus(102)</visible>
                            </control>
                            <control type="image">
                                <left>0</left>
                                <top>0</top>
                                <width>68</width>
                                <height>68</height>
                                <texture>osd/RingInsideNF.png</texture>
                                <visible>!Control.HasFocus(102)</visible>
                            </control>
                            <control type="image">
                                <left>0</left>
                                <top>0</top>
                                <width>68</width>
                                <height>68</height>
                                <colordiffuse>description</colordiffuse>
                                <texture>$INFO[ListItem.Icon]</texture>
                                <visible>Control.HasFocus(102)</visible>
                            </control>
                            <control type="image">
                                <left>0</left>
                                <top>0</top>
                                <width>68</width>
                                <height>68</height>
                                <colordiffuse>grey1</colordiffuse>
                                <texture>$INFO[ListItem.Icon]</texture>
                                <visible>!Control.HasFocus(102)</visible>
                            </control>
                        </focusedlayout>
                        <content>
                            <item id="20">
                                <label>210</label>
                                <icon>osd/ChannelUPFO.png</icon>
                                <onclick>PlayerControl(Previous)</onclick>
                            </item>
                            <item id="21">
                                <label>209</label>
                                <icon>osd/ChannelDownFO.png</icon>
                                <onclick>PlayerControl(Next)</onclick>
                            </item>
                            <item id="22">
                                <label>264</label>
                                <icon>osd/RecordOffFO.png</icon>
                                <property name="record">osd/RingOutsideRecord.png</property>
                                <onclick>PVR.ToggleRecordPlayingChannel</onclick>
                                <visible>PVR.CanRecordPlayingChannel+!PVR.IsRecordingPlayingChannel</visible>
                            </item>
                            <item id="22">
                                <label>265</label>
                                <icon>osd/RecordOffFO.png</icon>
                                <property name="record">osd/RingOutsideRecord.png</property>
                                <onclick>PVR.ToggleRecordPlayingChannel</onclick>
                                <visible>PVR.IsRecordingPlayingChannel</visible>
                            </item>
                            <item id="23">
                                <label>31061</label>
                                <icon>osd/RewindFO.png</icon>
                                <onclick>PlayerControl(Rewind)</onclick>
                                <visible>Player.SeekEnabled</visible>
                            </item>
                            <item id="24">
                                <label>112</label>
                                <icon>osd/PauseFO.png</icon>
                                <onclick>PlayerControl(Play)</onclick>
                                <visible>Pvr.IsTimeShift</visible>
                                <visible>![Player.Paused|Player.Forwarding|Player.Rewinding]</visible>
                            </item>
                            <item id="25">
                                <label>208</label>
                                <icon>osd/PlayFO.png</icon>
                                <onclick>PlayerControl(Play)</onclick>
                                <visible>Player.PauseEnabled</visible>
                                <visible>Player.Paused|Player.Forwarding|Player.Rewinding</visible>
                            </item>
                            <item id="26">
                                <label>31059</label>
                                <icon>osd/StopFO.png</icon>
                                <onclick>PlayerControl(Stop)</onclick>
                            </item>
                            <item id="27">
                                <label>31060</label>
                                <icon>osd/ForwardFO.png</icon>
                                <onclick>PlayerControl(Forward)</onclick>
                                <visible>Player.SeekEnabled</visible>
                            </item>
                            <item id="28">
                                <label>19019</label>
                                <icon>osd/ChannelListFO.png</icon>
                                <onclick>ActivateWindow(PVRosdChannels)</onclick>
                                <onclick>Dialog.Close(videoosd)</onclick>
                            </item>
                            <item id="29">
                                <label>$LOCALIZE[19029]$INFO[VideoPlayer.ChannelName, - ]</label>
                                <icon>osd/EPG.png</icon>
                                <onclick>ActivateWindow(pvrchannelguide)</onclick>
                                <onclick>Dialog.Close(videoosd)</onclick>
                            </item>
                        </content>
                    </control>
                </control>
            </control>
        </control>
        <control type="button" id="99">
            <include>HiddenButton</include>
            <onfocus condition="VideoPlayer.Content(LiveTV)">Control.SetFocus(102,2)</onfocus>
            <onfocus condition="!VideoPlayer.Content(LiveTV)">Control.SetFocus(101,2)</onfocus>
        </control>
    </controls>
</window>
