<?xml version="1.0" encoding="UTF-8"?>
<includes>
    <include name="PictureWrapView">
		<param name="viewid">510</param>
			<definition>
			<control type="group">
				<include>openclose</include>
				<visible>Control.IsVisible($PARAM[viewid])</visible>
				<control type="group">
					<include>openclosevisible</include>
					<visible>Control.IsVisible($PARAM[viewid])+!Control.HasFocus(666)</visible>
					<include>MirrorPanel</include>
					<control type="group">
						<include>opencloseslideup</include>
						<visible>Control.IsVisible($PARAM[viewid])+!Control.HasFocus(666)</visible>
						<top>660</top>
						<control type="wraplist" id="$PARAM[viewid]">
							<left>-5</left>
							<width>1930</width>
							<height>375</height>
							<onleft>$PARAM[viewid]</onleft>
							<onright>$PARAM[viewid]</onright>
							<onup>9000</onup>
							<ondown condition="Control.IsVisible($PARAM[viewid]1)">$PARAM[viewid]1</ondown>
							<ondown condition="!Control.IsVisible($PARAM[viewid]1)+Control.IsVisible(17000)">17000</ondown>
							<ondown condition="!Control.IsVisible($PARAM[viewid]1)+!Control.IsVisible(17000)">732</ondown>
							<viewtype label="31014">wrap</viewtype>
							<pagecontrol>$PARAM[viewid]1</pagecontrol>
							<scrolltime>200</scrolltime>
							<focusposition>3</focusposition>
							<orientation>horizontal</orientation>
							<preloaditems>4</preloaditems>
							<visible>Window.IsVisible(Pictures)</visible>
							<itemlayout height="280" width="280">
								<control type="group">
									<top>40</top>
									<control type="image">
										<left>10</left>
										<width>260</width>
										<height>240</height>
										<aspectratio>scale</aspectratio>
										<bordertexture border="10">ThumbShadow.png</bordertexture>
										<bordersize>6</bordersize>
										<texture background="true" border="4">Black.png</texture>
									</control>
									<control type="image">
										<top>235</top>
										<left>16</left>
										<width>248</width>
										<height>40</height>
										<aspectratio>scale</aspectratio>
										<texture background="true" flipy="true">Shadow.png</texture>
									</control>
									<control type="label">
										<left>10</left>
										<top>240</top>
										<width>260</width>
										<height>60</height>
										<font>ubuntu-r16b</font>
										<textcolor>grey</textcolor>
										<align>center</align>
										<label>$INFO[ListItem.Label]</label>
									</control>
									<control type="image">
										<left>20</left>
										<top>10</top>
										<width>240</width>
										<height>220</height>
										<colordiffuse>grey</colordiffuse>
										<aspectratio>keep</aspectratio>
										<texture>$INFO[ListItem.Icon]</texture>
									</control>
								</control>
							</itemlayout>
							<focusedlayout height="300" width="300">
								<control type="group">
									<animation effect="zoom" center="auto" end="110" start="60" time="250" condition="Control.HasFocus($PARAM[viewid])">Focus</animation>
									<animation effect="zoom" center="auto" start="110" end="100" time="100">UnFocus</animation>
									<!-- <include>focuseffect</include> -->
									<control type="image">
										<left>10</left>
										<width>280</width>
										<height>280</height>
										<aspectratio>scale</aspectratio>
										<bordertexture border="10">ThumbShadowWhite.png</bordertexture>
										<bordersize>6</bordersize>
										<texture background="true" border="4">Black.png</texture>
									</control>
									<control type="image">
										<left>20</left>
										<top>10</top>
										<width>260</width>
										<height>260</height>
										<aspectratio align="center" aligny="center">keep</aspectratio>
										<texture>$INFO[ListItem.Icon]</texture>
									</control>
								</control>
							</focusedlayout>
						</control>
						<control type="group">
							<animation effect="slide" start="0,-20" end="0,0" time="150" condition="!Control.HasFocus($PARAM[viewid]1)">Conditional</animation>
							<animation effect="slide" start="0,0" end="0,150" time="150" condition="ControlGroup(17000).HasFocus()">Conditional</animation>
							<include content="DefaultScrollbar_horizontal">
								<param name="id" value="$PARAM[viewid]1" />
								<param name="onup" value="$PARAM[viewid]" />
								<param name="ondown1" value="17000" />
								<param name="ondown1_condi" value="Control.IsVisible(17000)" />
								<param name="ondown2" value="732" />
								<param name="ondown2_condi" value="!Control.IsVisible(17000)" />
							</include>
						</control>
					</control>
					<control type="group">
						<left>1905</left>
						<top>615</top>
						<include>openclose</include>
						<include>opencloseslideup</include>
						<visible>Skin.HasSetting(CommonPageCount)</visible>
						<control type="label">
							<description>Page Count Label</description>
							<left>780r</left>
							<top>0</top>
							<width>750</width>
							<height>30</height>
							<font>font16</font>
							<textcolor>grey</textcolor>
							<scroll>false</scroll>
							<align>right</align>
							<aligny>center</aligny>
							<label>$INFO[Container.TotalTime,$LOCALIZE[31003] ([COLOR=white],[/COLOR]) • ]$INFO[Container.NumItems,([COLOR=white],[/COLOR]) $LOCALIZE[31009]]$INFO[Container.CurrentPage, - $LOCALIZE[31008] ([COLOR=white]]$INFO[Container.NumPages,/,[/COLOR])]</label>
						</control>
					</control>
					<control type="group">
						<include>opencloseslidedown</include>
						<control type="image">
							<left>-15</left>
							<top>96</top>
							<width>1950</width>
							<height>513</height>
							<texture background="true">BlackBack.png</texture>
						</control>
						<control type="image">
							<left>-15</left>
							<top>96</top>
							<width>1950</width>
							<height>3</height>
							<colordiffuse>$VAR[BackgroundOverlayColorDialog]</colordiffuse>
							<texture background="true">White.png</texture>
						</control>
						<control type="image">
							<left>-15</left>
							<top>609</top>
							<width>1950</width>
							<height>3</height>
							<colordiffuse>$VAR[BackgroundOverlayColorDialog]</colordiffuse>
							<texture background="true">White.png</texture>
						</control>
						<control type="image">
							<left>735</left>
							<top>126</top>
							<width>450</width>
							<height>450</height>
							<aspectratio>keep</aspectratio>
							<texture background="true">$INFO[ListItem.FilenameandPath]</texture>
						</control>
						<control type="label">
							<left>30</left>
							<top>518</top>
							<width>675</width>
							<height>60</height>
							<font>impacted44</font>
							<label>$INFO[ListItem.Label]</label>
						</control>
						<control type="label">
							<left>705r</left>
							<top>518</top>
							<width>675</width>
							<height>60</height>
							<font>impacted44</font>
							<align>right</align>
							<label>$INFO[ListItem.Label2]</label>
						</control>
					</control>
				</control>
				<include content="AlphaBarH" condition="!Skin.HasSetting(HideJumpSMSBar)"><param name="id" value="$PARAM[viewid]"/></include>
			</control>
		</definition>
    </include>
    <include name="PictureThumbView">
		<param name="viewid">514</param>
			<definition>
			<control type="group">
				<include>openclose</include>
				<visible>Control.IsVisible($PARAM[viewid])</visible>
				<control type="group">
					<include>openclosevisible</include>
					<visible>Control.IsVisible($PARAM[viewid])</visible>
					<control type="group">
						<control type="group">
							<include>opencloseslideright</include>
							<left>15</left>
							<top>30</top>
							<control type="panel" id="$PARAM[viewid]">
								<left>90</left>
								<top>112</top>
								<width>648</width>
								<height>864</height>
								<onleft>9000</onleft>
								<onright condition="Control.IsVisible($PARAM[viewid]1)">$PARAM[viewid]1</onright>
								<onright condition="!Control.IsVisible($PARAM[viewid]1)+Control.IsVisible(15000)">15000</onright>
								<onright condition="!Control.IsVisible($PARAM[viewid]1)+!Control.IsVisible(15000)">732</onright>
								<onup>$PARAM[viewid]</onup>
								<ondown>$PARAM[viewid]</ondown>
								<viewtype label="$LOCALIZE[31013]">list</viewtype>
								<pagecontrol>$PARAM[viewid]1</pagecontrol>
								<scrolltime>200</scrolltime>
								<preloaditems>2</preloaditems>
								<visible>Window.IsVisible(Pictures)</visible>
								<visible>!String.StartsWith(Container.FolderPath,plugin://)+!Container.Content(Addons)</visible>
								<itemlayout height="216" width="216">
									<control type="image">
										<left>0</left>
										<top>0</top>
										<width>216</width>
										<height>216</height>
										<aspectratio>scale</aspectratio>
										<texture background="true" border="4">special://skin/backgrounds/media-overlay.jpg</texture>
										<bordertexture border="10">ThumbShadow.png</bordertexture>
										<bordersize>8</bordersize>
									</control>
									<control type="image">
										<left>15</left>
										<top>15</top>
										<width>186</width>
										<height>186</height>
										<colordiffuse>grey</colordiffuse>
										<aspectratio>keep</aspectratio>
										<texture>$INFO[ListItem.Icon]</texture>
									</control>
								</itemlayout>
								<focusedlayout height="216" width="216">
									<control type="image">
										<left>0</left>
										<top>0</top>
										<width>216</width>
										<height>216</height>
										<aspectratio>scale</aspectratio>
										<texture background="true" border="4" colordiffuse="grey2">White.png</texture>
										<bordertexture border="10">ThumbShadowWhite.png</bordertexture>
										<bordersize>8</bordersize>
									</control>
									<control type="image">
										<left>15</left>
										<top>15</top>
										<width>186</width>
										<height>186</height>
										<aspectratio>keep</aspectratio>
										<texture>$INFO[ListItem.Icon]</texture>
									</control>
								</focusedlayout>
							</control>
							<include content="DefaultScrollbar">
								<param name="id" value="$PARAM[viewid]1" />
								<param name="left" value="750" />
								<param name="top" value="122" />
								<param name="height" value="844" />
								<param name="onleft" value="$PARAM[viewid]" />
							</include>
							<include content="TMDbhelper_Provider_Icon">
								<param name="id" value="$PARAM[viewid]" />
							</include>
						</control>
						<control type="group">
							<include>opencloseslideleft</include>
							<control type="image">
								<left>1000r</left>
								<top>-5</top>
								<width>970</width>
								<height>1090</height>
								<texture background="true">BlackBack.png</texture>
							</control>
							<control type="image">
								<left>1000r</left>
								<top>-5</top>
								<width>3</width>
								<height>1090</height>
								<colordiffuse>$VAR[BackgroundOverlayColorDialog]</colordiffuse>
								<texture background="true">White.png</texture>
							</control>
							<control type="image">
								<left>30r</left>
								<top>-5</top>
								<width>3</width>
								<height>1090</height>
								<colordiffuse>$VAR[BackgroundOverlayColorDialog]</colordiffuse>
								<texture background="true">White.png</texture>
							</control>
							<control type="image">
								<left>970r</left>
								<top>170</top>
								<width>910</width>
								<height>560</height>
								<aspectratio>keep</aspectratio>
								<texture background="true">$INFO[ListItem.FilenameandPath]</texture>
							</control>
							<control type="label">
								<description>Title txt</description>
								<left>970r</left>
								<top>110</top>
								<width>910</width>
								<height>22</height>
								<label>$INFO[ListItem.Label]</label>
								<align>center</align>
								<aligny>center</aligny>
								<font>impacted24</font>
								<textcolor>grey</textcolor>
								<shadowcolor>black</shadowcolor>
							</control>
							<control type="grouplist">
								<left>970r</left>
								<top>765</top>
								<width>910</width>
								<height>200</height>
								<itemgap>10</itemgap>
								<control type="label">
									<width>910</width>
									<height>22</height>
									<align>center</align>
									<aligny>center</aligny>
									<textcolor>grey</textcolor>
									<label>$INFO[ListItem.Label2]</label>
									<visible>!String.IsEmpty(Listitem.Label2)</visible>
								</control>
								<control type="label">
									<description>Date time txt</description>
									<width>910</width>
									<height>22</height>
									<align>center</align>
									<aligny>center</aligny>
									<textcolor>grey</textcolor>
									<label>$INFO[ListItem.PictureDateTime,$LOCALIZE[31054] - ]</label>
									<visible>!String.IsEmpty(Listitem.PictureDateTime)</visible>
								</control>
								<control type="label">
									<description>Resolution txt</description>
									<width>910</width>
									<height>22</height>
									<align>center</align>
									<aligny>center</aligny>
									<textcolor>grey</textcolor>
									<label>$INFO[ListItem.PictureResolution,$LOCALIZE[21805] - ]</label>
									<visible>!String.IsEmpty(Listitem.PictureResolution)</visible>
								</control>
							</control>
						</control>
						<!-- <control type="group">
							<include>opencloseslideleft</include>
							<control type="group">
								<left>855</left>
								<top>120</top>
								<control type="label">
									<description>Title txt</description>
									<left>0</left>
									<top>0</top>
									<width>960</width>
									<height>22</height>
									<label>$INFO[ListItem.Label]</label>
									<align>center</align>
									<aligny>center</aligny>
									<font>impacted24</font>
									<textcolor>grey</textcolor>
									<shadowcolor>black</shadowcolor>
								</control>
								<control type="image">
									<left>0</left>
									<top>45</top>
									<width>960</width>
									<height>705</height>
									<texture background="true">$INFO[ListItem.FilenameAndPath]</texture>
									<aspectratio>keep</aspectratio>
									<bordertexture border="10">ThumbShadow.png</bordertexture>
									<bordersize>6</bordersize>
								</control>
								<control type="label">
									<description>Date time txt</description>
									<left>0</left>
									<top>765</top>
									<width>960</width>
									<height>22</height>
									<label>$INFO[ListItem.PictureDateTime,$LOCALIZE[31054] - ]</label>
									<align>left</align>
									<aligny>center</aligny>
									<textcolor>grey3</textcolor>
								</control>
								<control type="label">
									<description>Resolution txt</description>
									<left>0</left>
									<top>802</top>
									<width>960</width>
									<height>22</height>
									<label>$INFO[ListItem.PictureResolution,$LOCALIZE[21805] - ]</label>
									<align>left</align>
									<aligny>center</aligny>
									<textcolor>grey3</textcolor>
								</control>
							</control>
						</control> -->
					</control>
					<control type="group">
						<top>22</top>
						<include>CommonPageCount</include>
					</control>
					<include>cs_rightpanel</include>
				</control>
				<include content="AlphaBarH" condition="!Skin.HasSetting(HideJumpSMSBar)"><param name="id" value="$PARAM[viewid]"/></include>
			</control>
		</definition>
    </include>
    <include name="PictureWallView">
		<param name="viewid">516</param>
			<definition>
			<control type="group">
				<include>openclose</include>
				<visible>Control.IsVisible($PARAM[viewid])</visible>
				<control type="group">
					<include>openclosevisible</include>
					<visible>Control.IsVisible($PARAM[viewid])</visible>
					<include>WhiteGrunge</include>
					<control type="group">
						<control type="group">
							<include>opencloseslidedown</include>
							<left>15</left>
							<control type="panel" id="$PARAM[viewid]">
								<left>75</left>
								<top>112</top>
								<width>1800</width>
								<height>864</height>
								<onleft>9000</onleft>
								<onright condition="Control.IsVisible($PARAM[viewid]1)">$PARAM[viewid]1</onright>
								<onright condition="!Control.IsVisible($PARAM[viewid]1)+Control.IsVisible(15000)">15000</onright>
								<onright condition="!Control.IsVisible($PARAM[viewid]1)+!Control.IsVisible(15000)">732</onright>
								<onup>$PARAM[viewid]</onup>
								<ondown>$PARAM[viewid]</ondown>
								<viewtype label="$LOCALIZE[31013]">list</viewtype>
								<pagecontrol>$PARAM[viewid]1</pagecontrol>
								<scrolltime>200</scrolltime>
								<preloaditems>2</preloaditems>
								<visible>Window.IsVisible(Pictures)</visible>
								<visible>!String.StartsWith(Container.FolderPath,plugin://)+!Container.Content(Addons)</visible>
								<itemlayout height="216" width="216">
									<control type="image">
										<left>0</left>
										<top>0</top>
										<width>216</width>
										<height>216</height>
										<aspectratio>scale</aspectratio>
										<texture background="true" border="4">special://skin/backgrounds/media-overlay.jpg</texture>
										<bordertexture border="10">ThumbShadow.png</bordertexture>
										<bordersize>8</bordersize>
									</control>
									<control type="image">
										<left>15</left>
										<top>15</top>
										<width>186</width>
										<height>186</height>
										<colordiffuse>grey</colordiffuse>
										<aspectratio>keep</aspectratio>
										<texture>$INFO[ListItem.Icon]</texture>
									</control>
								</itemlayout>
								<focusedlayout height="216" width="216">
									<control type="image">
										<left>0</left>
										<top>0</top>
										<width>216</width>
										<height>216</height>
										<aspectratio>scale</aspectratio>
										<texture background="true" border="4" colordiffuse="grey2">White.png</texture>
										<bordertexture border="10">ThumbShadowWhite.png</bordertexture>
										<bordersize>8</bordersize>
									</control>
									<control type="image">
										<left>15</left>
										<top>15</top>
										<width>186</width>
										<height>186</height>
										<aspectratio>keep</aspectratio>
										<texture>$INFO[ListItem.Icon]</texture>
									</control>
								</focusedlayout>
							</control>
							<include content="sidefade_shadow">
								<param name="left" value="165r" />
								<param name="flipx" value="true" />
								<param name="id" value="$PARAM[viewid]1" />
								<param name="visible" value="Control.HasFocus($PARAM[viewid]1)" />
							</include>
							<control type="group">
								<animation effect="slide" end="-65" time="150">Focus</animation>
								<include content="DefaultScrollbar">
									<param name="id" value="$PARAM[viewid]1" />
									<param name="left" value="1935" />
									<param name="top" value="120" />
									<param name="height" value="850" />
									<param name="onleft" value="$PARAM[viewid]" />
								</include>
							</control>
						</control>
						<control type="group">
							<include>opencloseslideup</include>
							<control type="image">
								<left>-30</left>
								<top>990</top>
								<width>1965</width>
								<height>15</height>
								<colordiffuse>fanartdiffuse</colordiffuse>
								<texture background="true">Shadow.png</texture>
							</control>
							<control type="image">
								<left>-30</left>
								<top>1005</top>
								<width>1965</width>
								<height>82</height>
								<texture background="true">BlackBack.png</texture>
							</control>
							<control type="image">
								<left>-30</left>
								<top>1005</top>
								<width>1965</width>
								<height>1</height>
								<texture background="true">Separator2.png</texture>
							</control>
							<control type="label">
								<description>Title txt</description>
								<left>45</left>
								<top>1020</top>
								<width>1000</width>
								<height>45</height>
								<label>$INFO[ListItem.FileName]</label>
								<align>left</align>
								<aligny>center</aligny>
								<font>impacted24</font>
								<textcolor>white</textcolor>
							</control>
						</control>
					</control>
					<control type="group">
						<top>26</top>
						<include>CommonPageCount</include>
					</control>
				</control>
				<include content="AlphaBarV" condition="!Skin.HasSetting(HideJumpSMSBar)"><param name="id" value="$PARAM[viewid]"/></include>
			</control>
		</definition>
    </include>
</includes>
