<?xml version="1.0" encoding="UTF-8"?>
<includes>
    <include name="CoverWallMusic">
		<param name="viewid">741</param>
		<definition>
			<control type="group">
				<visible>Control.IsVisible($PARAM[viewid])</visible>
				<include>openclose</include>
				<control type="group">
					<include>openclosevisible</include>
					<include content="FakeButton444">
						<param name="visible" value="Control.IsVisible($PARAM[viewid])"/>
					</include>
					<visible>Control.IsVisible($PARAM[viewid])</visible>
					<include>WhiteGrunge</include>
				</control>
				<control type="group">
					<!-- Infopanel right -->
					<visible>Control.IsVisible($PARAM[viewid])</visible>
					<include>opencloseslideleft</include>
					<visible>!ListItem.IsParentFolder</visible>
					<visible>Skin.HasSetting(InfoWall)</visible>
					<control type="image">
						<left>1065</left>
						<top>-15</top>
						<width>870</width>
						<height>1095</height>
						<texture background="true" flipx="true">SideFade.png</texture>
					</control>
					<control type="group">
						<animation effect="slide" start="0" end="0,-120" time="200" condition="System.HasAddon(script.skin.info.service)+Skin.HasSetting(extendedinfo_music)+Container.Content(artists)">Conditional</animation>
						<left>1500</left>
						<top>171</top>
						<control type="group">
							<top>0</top>
							<control type="image">
								<left>0</left>
								<top>0</top>
								<width>375</width>
								<height>231</height>
								<aspectratio>keep</aspectratio>
								<texture background="true" diffuse="Shine.png">$INFO[ListItem.Art(fanart)]</texture>
							</control>
							<control type="textbox">
								<left>0</left>
								<top>240</top>
								<width>375</width>
								<height>471</height>
								<font>ubuntu-r13b</font>
								<label>$INFO[ListItem.Property(Artist_Description)]</label>
							</control>
							<control type="textbox">
								<left>0</left>
								<top>240</top>
								<width>375</width>
								<height>471</height>
								<font>ubuntu-r13b</font>
								<label>$LOCALIZE[19055]</label>
								<visible>String.IsEmpty(ListItem.Property(Artist_Description))+!ListItem.IsParentFolder+Container.Content(artists)</visible>
							</control>
						</control>
						<control type="group">
							<left>52</left>
							<top>150</top>
							<visible>!ListItem.IsParentFolder</visible>
							<include>openclosevisible</include>
							<control type="grouplist">
								<left>0</left>
								<top>30</top>
								<width>300</width>
								<height>195</height>
								<itemgap>0</itemgap>
								<align>right</align>
								<aligny>bottom</aligny>
								<orientation>vertical</orientation>
								<control type="label">
									<left>0</left>
									<top>0</top>
									<width>300</width>
									<height>38</height>
									<align>right</align>
									<font>ubuntu-r19</font>
									<label>$INFO[ListItem.Year]</label>
									<visible>!String.IsEmpty(ListItem.Year)</visible>
								</control>
								<control type="label">
									<left>0</left>
									<top>27</top>
									<width>300</width>
									<height>38</height>
									<align>right</align>
									<font>ubuntu-r19</font>
									<label>$INFO[ListItem.Property(Album_Label)]</label>
									<visible>!String.IsEmpty(ListItem.Property(Album_Label))</visible>
								</control>
								<control type="label">
									<left>0</left>
									<top>38</top>
									<width>300</width>
									<height>38</height>
									<align>right</align>
									<font>ubuntu-r19</font>
									<label>$INFO[ListItem.Property(Album_Type)]</label>
									<visible>!String.IsEmpty(ListItem.Property(Album_Type))</visible>
								</control>
								<control type="label">
									<left>0</left>
									<top>81</top>
									<width>300</width>
									<height>38</height>
									<align>right</align>
									<font>ubuntu-r19</font>
									<label>$INFO[ListItem.DiscNumber]</label>
									<visible>!String.IsEmpty(ListItem.DiscNumber)</visible>
								</control>
								<control type="label">
									<left>0</left>
									<top>108</top>
									<width>300</width>
									<height>38</height>
									<align>right</align>
									<font>ubuntu-r19</font>
									<label>$INFO[ListItem.Genre]</label>
									<visible>!String.IsEmpty(ListItem.Genre)</visible>
								</control>
							</control>
						</control>
					</control>
				</control>
				<control type="group">
					<include>openclosebox</include>
					<visible>Control.IsVisible($PARAM[viewid])</visible>
					<control type="panel" id="$PARAM[viewid]">
						<animation effect="slide" start="0" end="195" time="200" condition="!Skin.HasSetting(InfoWall)">Conditional</animation>
						<animation effect="slide" start="0" end="0,120" time="200" condition="![System.HasAddon(script.skin.info.service)+Skin.HasSetting(extendedinfo_music)+Container.Content(artists)]">Conditional</animation>
						<left>75</left>
						<top>75</top>
						<width>1418</width>
						<height>696</height>
						<onleft>9000</onleft>
						<onright condition="Control.IsVisible($PARAM[viewid]1)">$PARAM[viewid]1</onright>
						<onright condition="!Control.IsVisible($PARAM[viewid]1)+Control.IsVisible(15000)">15000</onright>
						<onright condition="!Control.IsVisible($PARAM[viewid]1)+!Control.IsVisible(15000)">732</onright>
						<onup>$PARAM[viewid]</onup>
						<ondown>$PARAM[viewid]</ondown>
						<viewtype label="Cover Wall">list</viewtype>
						<pagecontrol>$PARAM[viewid]1</pagecontrol>
						<scrolltime>300</scrolltime>
						<preloaditems>2</preloaditems>
						<visible>Container.Content(artists)|Container.Content(Albums)</visible>
						<itemlayout height="232" width="232" condition="Container.Content(artists)">
							<control type="group">
								<control type="image">
									<left>0</left>
									<top>0</top>
									<width>225</width>
									<height>225</height>
									<aspectratio>stretch</aspectratio>
									<colordiffuse>$VAR[CoverDim]</colordiffuse>
									<texture>$INFO[ListItem.Icon]</texture>
									<bordertexture border="1">buttons/ButtonNF.png</bordertexture>
									<bordersize>4</bordersize>
								</control>
							</control>
						</itemlayout>
						<focusedlayout height="232" width="232" condition="Container.Content(artists)">
							<control type="group">
								<animation effect="zoom" center="auto" start="80" end="120" time="400" tween="back" easing="out" reversible="false" condition="!Skin.HasSetting(no_wall_animation)">Focus</animation>
								<animation effect="zoom" center="auto" start="80" end="120" time="0" reversible="false" condition="Skin.HasSetting(no_wall_animation)">Focus</animation>
								<animation effect="slide" start="0,0" end="0,15" time="200" condition="Player.HasMedia+Skin.HasSetting(extendedinfo_music)+Container($PARAM[viewid]).Row(0)">Conditional</animation>
								<animation effect="slide" start="0,0" end="0,-15" time="200" condition="Container($PARAM[viewid]).Row(2)">Conditional</animation>
								<animation effect="slide" start="0,0" end="-15,0" time="200" condition="Skin.HasSetting(InfoWall)+Container($PARAM[viewid]).Column(5)">Conditional</animation>
								<control type="image">
									<left>0</left>
									<top>0</top>
									<width>225</width>
									<height>225</height>
									<aspectratio>stretch</aspectratio>
									<texture>$INFO[ListItem.Icon]</texture>
									<bordertexture border="1">buttons/ButtonNF.png</bordertexture>
									<bordersize>4</bordersize>
								</control>
							</control>
						</focusedlayout>
						<itemlayout height="232" width="232" condition="!Container.Content(artists)">
							<control type="group">
								<control type="image">
									<left>0</left>
									<top>0</top>
									<width>225</width>
									<height>225</height>
									<aspectratio>stretch</aspectratio>
									<colordiffuse>$VAR[CoverDim]</colordiffuse>
									<texture>$INFO[ListItem.Icon]</texture>
									<bordertexture border="1">buttons/ButtonNF.png</bordertexture>
									<bordersize>4</bordersize>
									<visible>Skin.HasSetting(hideMusicCases)</visible>
								</control>
								<control type="group">
									<visible>!Skin.HasSetting(hideMusicCases)</visible>
									<control type="image">
										<left>24</left>
										<top>6</top>
										<width>206</width>
										<height>206</height>
										<aspectratio>stretch</aspectratio>
										<colordiffuse>$VAR[CoverDim]</colordiffuse>
										<texture background="true" diffuse="masks/CdCoverMask_full.png">$INFO[ListItem.Icon]</texture>
									</control>
									<control type="image">
										<left>0</left>
										<top>-8</top>
										<width>231</width>
										<height>232</height>
										<aspectratio>keep</aspectratio>
										<texture background="true">masks/ClearArtCD.png</texture>
									</control>
								</control>
							</control>
						</itemlayout>
						<focusedlayout height="232" width="232" condition="!Container.Content(artists)">
							<control type="group">
								<animation effect="zoom" center="auto" start="80" end="120" time="400" tween="back" easing="out" reversible="false" condition="!Skin.HasSetting(no_wall_animation)">Focus</animation>
								<animation effect="zoom" center="auto" start="80" end="120" time="0" reversible="false" condition="Skin.HasSetting(no_wall_animation)">Focus</animation>
								<animation effect="slide" start="0,0" end="0,-30" time="200" condition="Container($PARAM[viewid]).Row(2)">Conditional</animation>
								<animation effect="slide" start="0,0" end="-30,0" time="200" condition="Skin.HasSetting(InfoWall)+Container($PARAM[viewid]).Column(5)">Conditional</animation>
								<control type="image">
									<left>0</left>
									<top>0</top>
									<width>225</width>
									<height>225</height>
									<aspectratio>stretch</aspectratio>
									<texture>$INFO[ListItem.Icon]</texture>
									<bordertexture border="1">buttons/ButtonNF.png</bordertexture>
									<bordersize>4</bordersize>
									<visible>Skin.HasSetting(hideMusicCases)</visible>
								</control>
								<control type="group">
									<visible>!Skin.HasSetting(hideMusicCases)</visible>
									<control type="image">
										<left>27</left>
										<top>8</top>
										<width>225</width>
										<height>225</height>
										<aspectratio>stretch</aspectratio>
										<texture background="true" diffuse="masks/CdCoverMask_full.png">$INFO[ListItem.Icon]</texture>
									</control>
									<control type="image">
										<left>0</left>
										<top>-8</top>
										<width>254</width>
										<height>255</height>
										<aspectratio>keep</aspectratio>
										<texture background="true">masks/ClearArtCD.png</texture>
									</control>
								</control>
							</control>
						</focusedlayout>
					</control>
					<include content="sidefade_shadow">
						<param name="left" value="165r" />
						<param name="flipx" value="true" />
						<param name="id" value="$PARAM[viewid]1" />
						<param name="visible" value="Control.HasFocus($PARAM[viewid]1)" />
					</include>
					<control type="group">
						<animation effect="slide" end="-30" time="150">Focus</animation>
						<include content="DefaultScrollbar">
							<param name="id" value="$PARAM[viewid]1" />
							<param name="top" value="210" />
							<param name="height" value="660" />
							<param name="onleft" value="$PARAM[viewid]" />
						</include>
					</control>
				</control>
				<control type="group">
					<visible>Control.IsVisible($PARAM[viewid])</visible>
					<control type="group">
						<!-- Info Panel bottom -->
						<visible>!Container.Content(artists)</visible>
						<control type="group">
							<left>0</left>
							<top>900</top>
							<visible>!Container.Content(artists)</visible>
							<include>opencloseslideup</include>
							<control type="image">
								<left>-15</left>
								<top>0</top>
								<width>1950</width>
								<height>232</height>
								<texture background="true">BlackBack.png</texture>
							</control>
							<control type="image">
								<left>-15</left>
								<top>-12</top>
								<width>1950</width>
								<height>12</height>
								<colordiffuse>fanartdiffuse</colordiffuse>
								<texture background="true">Shadow.png</texture>
							</control>
							<control type="image">
								<left>0</left>
								<top>0</top>
								<width>1920</width>
								<height>1</height>
								<texture background="true">Separator2.png</texture>
							</control>
						</control>
						<control type="group">
							<description>Info Panel</description>
							<visible>!Container.Content(artists)</visible>
							<include>opencloseslideup</include>
							<left>45</left>
							<top>900</top>
							<control type="label">
								<description>Artist</description>
								<left>0</left>
								<top>0</top>
								<width>1830</width>
								<height>38</height>
								<font>impacted36</font>
								<label>$INFO[ListItem.Artist]</label>
								<align>left</align>
								<aligny>top</aligny>
								<textcolor>focused</textcolor>
								<scroll>true</scroll>
							</control>
							<control type="label">
								<description>Title</description>
								<left>15</left>
								<top>33</top>
								<width>1800</width>
								<height>38</height>
								<font>impacted36</font>
								<label>$INFO[ListItem.Label]</label>
								<align>left</align>
								<aligny>top</aligny>
								<textcolor>white</textcolor>
								<shadowcolor>black</shadowcolor>
								<scroll>true</scroll>
							</control>
						</control>
						<include>CommonPageCount</include>
						<control type="group">
							<!-- Music Flagging -->
							<left>60</left>
							<top>27</top>
							<include>openclose</include>
							<include>opencloseslideup</include>
							<control type="group">
								<left>0</left>
								<top>998</top>
								<control type="grouplist">
									<left>0</left>
									<top>0</top>
									<width>1680</width>
									<height>120</height>
									<itemgap>3</itemgap>
									<align>left</align>
									<orientation>horizontal</orientation>
									<include>FlagMusic</include>
								</control>
							</control>
						</control>
					</control>
					<control type="group">
						<!-- Info Panel bottom by Artists -->
						<visible>Container.Content(artists)</visible>
						<control type="group">
							<animation effect="slide" start="0" end="0,-165" time="200" condition="System.HasAddon(script.skin.info.service)+Skin.HasSetting(extendedinfo_music)+Container.Content(artists)">Conditional</animation>
							<left>0</left>
							<top>1005</top>
							<visible>Container.Content(artists)</visible>
							<include>opencloseslideup</include>
							<control type="image">
								<left>-15</left>
								<top>0</top>
								<width>1950</width>
								<height>315</height>
								<texture background="true">BlackBack.png</texture>
							</control>
							<control type="image">
								<left>-15</left>
								<top>-15</top>
								<width>1950</width>
								<height>15</height>
								<colordiffuse>fanartdiffuse</colordiffuse>
								<texture background="true">Shadow.png</texture>
							</control>
							<control type="image">
								<left>0</left>
								<top>0</top>
								<width>1920</width>
								<height>1</height>
								<texture background="true">Separator2.png</texture>
							</control>
						</control>
						<control type="image">
							<include>opencloseslidedown</include>
							<left>735</left>
							<top>70</top>
							<width>450</width>
							<height>80</height>
							<aspectratio>keep</aspectratio>
							<texture background="true" diffuse="masks/flagging_mask.png">$VAR[ClearlogoVAR]</texture>
							<visible>Skin.HasSetting(EnableExtendedArt)+!Skin.HasSetting(extendedinfo_music)</visible>
						</control>
						<control type="group">
							<visible>Container.Content(artists)</visible>
							<include>opencloseslideup</include>
							<animation effect="slide" start="0" end="0,-240" time="200" condition="System.HasAddon(script.skin.info.service)+Skin.HasSetting(extendedinfo_music)+Container.Content(artists)">Conditional</animation>
							<control type="group">
								<description>Info Panel</description>
								<left>45</left>
								<top>998</top>
								<control type="label">
									<description>Artist</description>
									<left>0</left>
									<top>0</top>
									<width>1830</width>
									<height>38</height>
									<font>impacted36</font>
									<label>$INFO[ListItem.Label]</label>
									<visible>String.IsEmpty(ListItem.Album)</visible>
									<align>left</align>
									<aligny>top</aligny>
									<textcolor>focused</textcolor>
									<shadowcolor>black</shadowcolor>
									<scroll>true</scroll>
								</control>
								<control type="label">
									<description>Artist</description>
									<left>0</left>
									<top>0</top>
									<width>1830</width>
									<height>38</height>
									<font>impacted36</font>
									<label>$INFO[ListItem.Artist]</label>
									<align>left</align>
									<aligny>top</aligny>
									<textcolor>focused</textcolor>
									<scroll>true</scroll>
								</control>
							</control>
							<control type="group">
								<left>0</left>
								<top>30</top>
								<include>CommonPageCount</include>
							</control>
						</control>
					</control>
					<control type="group">
						<!-- extended infos -->
						<left>30</left>
						<top>810</top>
						<visible>System.HasAddon(script.skin.info.service)</visible>
						<visible>Skin.HasSetting(extendedinfo_music)+Container.Content(artists)</visible>
						<visible>!ListItem.IsParentFolder</visible>
						<include>opencloseslideup</include>
						<control type="group">
							<left>18</left>
							<top>15</top>
							<control type="list" id="2001">
								<!-- extended info list -->
								<left>0</left>
								<top>45</top>
								<width>1822</width>
								<height>315</height>
								<focusposition>0</focusposition>
								<scrolltime tween="cubic" easing="in">400</scrolltime>
								<orientation>horizontal</orientation>
								<itemgap>0</itemgap>
								<preloaditems>4</preloaditems>
								<autoscroll time="3000" delay="5000" repeat="5000">!Control.HasFocus(2001)+!String.IsEmpty(Window(home).Property(Artist.Album.5.Thumb))</autoscroll>
								<itemlayout width="202" height="195">
									<control type="group">
										<visible>!String.IsEqual(ListItem.Icon,Empty.png)</visible>
										<control type="image">
											<width>195</width>
											<height>195</height>
											<aspectratio>stretch</aspectratio>
											<texture diffuse="masks/mask.png" background="true">$INFO[ListItem.Icon]</texture>
										</control>
										<control type="image">
											<left>0</left>
											<top>75</top>
											<width>195</width>
											<height>120</height>
											<colordiffuse>menudiffuse</colordiffuse>
											<texture diffuse="masks/mask.png" background="true">Shadow.png</texture>
											<visible>!String.IsEmpty(ListItem.Label)</visible>
										</control>
										<control type="image">
											<width>195</width>
											<height>195</height>
											<aspectratio>stretch</aspectratio>
											<texture background="true">masks/Default.png</texture>
											<visible>!String.IsEqual(ListItem.Icon,Empty.png)</visible>
										</control>
										<control type="label">
											<left>8</left>
											<top>158</top>
											<width>60</width>
											<height>30</height>
											<label>$INFO[ListItem.Label]</label>
										</control>
										<control type="label">
											<left>188</left>
											<top>158</top>
											<width>90</width>
											<height>30</height>
											<align>right</align>
											<label>$INFO[ListItem.Label2]</label>
										</control>
									</control>
								</itemlayout>
								<focusedlayout width="202" height="195">
									<control type="group">
										<visible>!String.IsEqual(ListItem.Icon,Empty.png)</visible>
										<include>focuseffect</include>
										<control type="image">
											<width>195</width>
											<height>195</height>
											<aspectratio>stretch</aspectratio>
											<texture diffuse="masks/mask.png" background="true">$INFO[ListItem.Icon]</texture>
										</control>
										<control type="image">
											<left>0</left>
											<top>75</top>
											<width>195</width>
											<height>120</height>
											<colordiffuse>menudiffuse</colordiffuse>
											<texture diffuse="masks/mask.png" background="true">Shadow.png</texture>
											<visible>!String.IsEmpty(ListItem.Icon)</visible>
										</control>
										<control type="image">
											<width>195</width>
											<height>195</height>
											<aspectratio>stretch</aspectratio>
											<texture background="true">masks/Default.png</texture>
										</control>
										<control type="label">
											<left>8</left>
											<top>158</top>
											<width>60</width>
											<height>30</height>
											<label>$INFO[ListItem.Label]</label>
										</control>
										<control type="label">
											<left>188</left>
											<top>158</top>
											<width>90</width>
											<height>30</height>
											<align>right</align>
											<label>$INFO[ListItem.Label2]</label>
										</control>
									</control>
								</focusedlayout>
								<content>
									<include>MusicCoverItems_Extended_1</include>
									<include>MusicCoverItems_Extended_2</include>
								</content>
							</control>
						</control>
					</control>
				</control>
				<include content="AlphaBarV" condition="!Skin.HasSetting(HideJumpSMSBar)"><param name="id" value="$PARAM[viewid]"/></include>
			</control>
		</definition>
    </include>
</includes>
