<?xml version="1.0" encoding="UTF-8"?>
<includes>
    <include name="addonposters">
        <control type="group">
            <visible>$EXP[isAddonMovieOrTVshow]</visible>
			<control type="image">
	            <include>dimensionsFullscreen</include>
	            <texture fallback="colors/black.png">$INFO[listitem.art(fanart)]</texture>
	            <colordiffuse>FF555555</colordiffuse>
	            <aspectratio>scale</aspectratio>
				<fadetime>250</fadetime>
	        </control>
            <control type="panel" id="54">
                <visible>$EXP[isAddonMovieOrTVshow]</visible>
                <posx>90</posx>
				<posy>row-5-begin</posy>
				<width>1800</width>
				<height>23-row</height>
				<onleft>9000</onleft>
				<onright>60</onright>
                <ondown>54</ondown>
                <onup>54</onup>
				<pagecontrol>60</pagecontrol>
				<scrolltime tween="cubic" easing="out">600</scrolltime>
				<itemlayout width="252" height="438">
					<control type="image">
						<posx>0</posx>
						<posy>0</posy>
						<width>228</width>
						<height>342</height>
						<aspectratio>stretch</aspectratio>
						<texture>colors/black.png</texture>
						<bordersize>6</bordersize>
						<colordiffuse>overlay</colordiffuse>
					</control>
					<control type="image">
						<posx>0</posx>
						<posy>0</posy>
						<width>228</width>
						<height>342</height>
						<aspectratio>stretch</aspectratio>
						<texture>$INFO[ListItem.Art(poster)]</texture>
						<bordersize>6</bordersize>
						<colordiffuse>99ffffff</colordiffuse>
					</control>
					<control type="label">
						<visible>!controlgroup(9000).hasfocus</visible>
						<posx>12</posx>
						<posy>350</posy>
						<width>204</width>
						<height>1-row</height>
						<aligny>center</aligny>
						<font>thumbTitle</font>
						<textcolor>textActive</textcolor>
						<label>[B]$INFO[ListItem.title][/B][CR]$INFO[ListItem.year]</label>
					</control>
					<control type="group">
						<visible>String.IsEmpty(ListItem.PlayCount)</visible>
						<animation condition="true" effect="fade" end="70" time="0">conditional</animation>
						<posx>166</posx>
						<posy>6</posy>
						<control type="image">
							<posx>0</posx>
							<posy>0</posy>
							<width>56</width>
							<height>56</height>
							<aspectratio>stretch</aspectratio>
							<texture>masks/newContent.png</texture>
							<colordiffuse>highlight</colordiffuse>
						</control>
						<control type="label">
							<posx>28</posx>
							<posy>-4</posy>
							<width>36</width>
							<height>36</height>
							<aligny>center</aligny>
							<font>symbol</font>
							<textcolor>textActive</textcolor>
							<label></label>
						</control>
					</control>
				</itemlayout>
				<focusedlayout width="252" height="438">
					<control type="group">
						<include>focusThumb</include>
						<control type="image">
							<posx>0</posx>
							<posy>0</posy>
							<width>228</width>
							<height>342</height>
							<aspectratio>stretch</aspectratio>
							<texture>colors/black.png</texture>
							<bordertexture colordiffuse="FFFFFFFF">colors/white.png</bordertexture>
							<bordersize>6</bordersize>
							<colordiffuse>FF000000</colordiffuse>
						</control>
						<control type="image">
							<posx>0</posx>
							<posy>0</posy>
							<width>228</width>
							<height>342</height>
							<aspectratio>stretch</aspectratio>
							<texture>$INFO[ListItem.Art(poster)]</texture>
							<bordersize>6</bordersize>
						</control>
						<control type="label">
							<posx>12</posx>
							<posy>354</posy>
							<width>204</width>
							<height>1-row</height>
							<aligny>center</aligny>
							<font>thumbTitle</font>
							<textcolor>textActive</textcolor>
							<label>[B]$INFO[ListItem.title][/B][CR]$INFO[ListItem.year]</label>
						</control>
						<control type="group">
							<visible>String.IsEmpty(ListItem.PlayCount)</visible>
							<posx>166</posx>
							<posy>6</posy>
							<control type="image">
								<posx>0</posx>
								<posy>0</posy>
								<width>56</width>
								<height>56</height>
								<aspectratio>stretch</aspectratio>
								<texture>masks/newContent.png</texture>
								<colordiffuse>highlight</colordiffuse>
							</control>
							<control type="label">
								<posx>28</posx>
								<posy>-4</posy>
								<width>36</width>
								<height>36</height>
								<aligny>center</aligny>
								<font>symbol</font>
								<textcolor>textActive</textcolor>
								<label></label>
							</control>
						</control>
					</control>
				</focusedlayout>
            </control>
        </control>
    </include>
</includes>