<?xml version="1.0" encoding="UTF-8"?>
<includes>
	<include name="movies">
		<control type="group">
			<visible>$EXP[isMovie]</visible>
			<control type="image">
				<visible>control.hasfocus(9103) | control.hasfocus(9102)</visible>
	            <include>dimensionsFullscreen</include>
	            <texture fallback="colors/black.png">$INFO[container(9103).listitem.art(fanart)]</texture>
	            <colordiffuse>FF555555</colordiffuse>
	            <aspectratio>scale</aspectratio>
				<fadetime>250</fadetime>
	        </control>
			<control type="group" id="9101">
				<visible>$EXP[isMovie] + !string.contains(container.folderpath,playlists) + !Skin.HasSetting(disableRecentMovies)</visible>
				<animation type="Conditional" condition="!controlgroup(9101).hasfocus">
	                <effect type="slide" start="0,0" end="0,-200" time="200"/>
					<effect type="fade" start="100" end="0" time="200"/>
	            </animation>
				<animation type="Conditional" condition="controlgroup(9101).hasfocus">
	                <effect type="slide" start="0,-200" end="0,0" time="200" delay="300"/>
	                <effect type="fade" start="0" end="100" time="300" delay="350"/>
	            </animation>
				<!--quick link selector-->
				<control type="list" id="9102">
	                <posx>col-1-begin</posx>
	                <posy>180</posy>
	                <width>24-col</width>
	                <height>2-row</height>
	                <onleft>9000</onleft>
	                <ondown>9103</ondown>
	                <onback>9000</onback>
	                <orientation>horizontal</orientation>
					<pulseonselect>true</pulseonselect>
	                <itemlayout width="4-col" height="2-row">
	                    <control type="label">
	                        <posx>0</posx>
	                        <posy>0</posy>
	                        <width>4-col</width>
	                        <height>2-row</height>
	                        <font>menuTitle</font>
	                        <aligny>center</aligny>
	                        <textcolor>textDisabled</textcolor>
	                        <shadowcolor></shadowcolor>
	                        <label>$INFO[ListItem.property(textTitle)]</label>
	                    </control>
	                </itemlayout>
	                <focusedlayout width="4-col" height="2-row">		
	                    <control type="label">
	                        <posx>0</posx>
	                        <posy>0</posy>
	                        <width>4-col</width>
	                        <height>2-row</height>
	                        <font>menuTitle</font>
	                        <aligny>center</aligny>
	                        <textcolor>textActive</textcolor>
	                        <shadowcolor></shadowcolor>
	                        <label>$INFO[ListItem.property(textTitle)]</label>
							<animation type="conditional" condition="control.hasfocus(9102)" loop="true">
	                            <effect type="fade" start="100" end="50" time="1000"/>
	                        </animation>
	                    </control>
	                </focusedlayout>
	                <content>
	                    <item>
	                        <label>special://skin/extras/playlists/recentMovies.xsp</label>
	                        <property name="textTitle">31176</property>
	                    </item>
	                    <item>
	                        <label>special://skin/extras/playlists/inprogressMovies.xsp</label>
	                        <property name="textTitle">31127</property>
	                    </item>
	                </content>
	            </control>
				<!--quick links-->			
				<control type="panel" id="9103">
	                <posx>90</posx>
	                <posy>288</posy>
	                <width>1740</width>
	                <height>11-row</height>
					<onup>9102</onup>
	                <ondown>51</ondown>
	                <onleft>9000</onleft>
	                <onback>9000</onback>
	                <orientation>horizontal</orientation>
	                <itemlayout width="586" height="5-col-gutter">
	                    <control type="image">
	                        <posx>0</posx>
	                        <posy>0</posy>
	                        <width>566</width>
	                        <height>318</height>
	                        <aspectratio>stretch</aspectratio>
	                        <texture>colors/black.png</texture>
	                        <bordersize>12</bordersize>
	                    </control>
						<control type="image">
							<visible>!string.isempty(ListItem.Art(fanart))</visible>
	                        <posx>0</posx>
	                        <posy>0</posy>
	                        <width>566</width>
	                        <height>318</height>
	                        <aspectratio>stretch</aspectratio>
	                        <texture>$INFO[ListItem.Art(fanart)]</texture>
	                        <bordersize>12</bordersize>
	                        <colordiffuse>99FFFFFF</colordiffuse>
	                    </control>
						<control type="image">
							<visible>string.isempty(ListItem.Art(fanart))</visible>
	                        <posx>0</posx>
	                        <posy>0</posy>
	                        <width>566</width>
	                        <height>318</height>
	                        <aspectratio>scale</aspectratio>
	                        <texture>$INFO[ListItem.Art(thumb)]</texture>
	                        <bordersize>6</bordersize>
	                        <colordiffuse>99ffffff</colordiffuse>
	                    </control>
	                    <control type="label">
	                        <visible>!controlgroup(9000).hasfocus</visible>
	                        <posx>12</posx>
	                        <posy>306</posy>
	                        <width>524</width>
	                        <height>2-row</height>
	                        <aligny>center</aligny>
	                        <font>thumbTitle</font>
	                        <textcolor>textActive</textcolor>
	                        <label>[B]$INFO[ListItem.Title][/B][CR]$INFO[ListItem.year]</label>
	                    </control>
	      				<control type="progress">
							<visible>ListItem.IsResumable</visible>
			                <description>Progress Bar</description>
			                <posx>12</posx>
			                <posy>294</posy>
			                <width>542</width>
			                <height>12</height>
			                <texturebg colordiffuse="textboxInactive">colors/offblack.png</texturebg>
			                <midtexture colordiffuse="highlight">colors/white.png</midtexture>
			                <info>ListItem.PercentPlayed</info>
			            </control>
	                </itemlayout>
	                <focusedlayout width="586" height="5-col-gutter">
	                    <control type="group">
	                        <include>focusThumb</include>
	                        <control type="image">
	                            <posx>0</posx>
	                            <posy>0</posy>
	                            <width>566</width>
	                            <height>318</height>
	                            <aspectratio>stretch</aspectratio>
	                            <texture>colors/black.png</texture>
	                            <bordertexture colordiffuse="ffFFFFFF">colors/white.png</bordertexture>
	                            <bordersize>6</bordersize>
	                            <colordiffuse>FF000000</colordiffuse>
	                        </control>
							<control type="image">
								<visible>!string.isempty(ListItem.Art(fanart))</visible>
		                        <posx>0</posx>
		                        <posy>0</posy>
		                        <width>566</width>
		                        <height>318</height>
		                        <aspectratio>stretch</aspectratio>
		                        <texture>$INFO[ListItem.Art(fanart)]</texture>
		                        <bordersize>6</bordersize>
		                        <colordiffuse>BBffffff</colordiffuse>
		                    </control>
							<control type="image">
								<visible>string.isempty(ListItem.Art(fanart))</visible>
		                        <posx>0</posx>
		                        <posy>0</posy>
		                        <width>566</width>
		                        <height>318</height>
		                        <aspectratio>scale</aspectratio>
		                        <texture>$INFO[ListItem.Art(thumb)]</texture>
		                        <bordersize>6</bordersize>
		                        <colordiffuse>BBffffff</colordiffuse>
		                    </control>
	                        <control type="label">
		                        <visible>!controlgroup(9000).hasfocus</visible>
		                        <posx>12</posx>
		                        <posy>316</posy>
		                        <width>524</width>
		                        <height>2-row</height>
		                        <aligny>center</aligny>
		                        <font>thumbTitle</font>
		                        <textcolor>textActive</textcolor>
		                        <label>[B]$INFO[ListItem.Title][/B][CR]$INFO[ListItem.year]</label>
								<scroll>false</scroll>
		                    </control>
		      				<control type="progress">
								<visible>ListItem.IsResumable</visible>
				                <description>Progress Bar</description>
				                <posx>12</posx>
				                <posy>294</posy>
				                <width>542</width>
				                <height>12</height>
				                <texturebg colordiffuse="textboxInactive">colors/offblack.png</texturebg>
				                <midtexture colordiffuse="highlight">colors/white.png</midtexture>
				                <info>ListItem.PercentPlayed</info>
				            </control>
	                    </control>
	                </focusedlayout>
					<content>$INFO[control.getlabel(9102)]</content>
	            </control>
			</control>
			<!--all movies-->
			<control type="group" id="9104">
				<animation type="Conditional" condition="controlgroup(9104).hasfocus | controlgroup(8000).hasfocus | controlgroup(9000).hasfocus | Skin.HasSetting(disableRecentMovies)">
	                <effect type="slide" start="0,0" end="0,-576" tween="sine" time="400"/>
	            </animation>
				<control type="label">
					<visible>!controlgroup(9000).hasfocus + !$EXP[isTVShow] + $EXP[isMovie] + !string.contains(container.folderpath,playlists)</visible>
	                <posx>col-1-begin</posx>
	                <posy>736</posy>
	                <width>12-col</width>
	                <height>2-row</height>
	                <aligny>center</aligny>
	                <font>menuTitle</font>
	                <textcolor>textActive</textcolor>
	                <label>$LOCALIZE[31224]</label>
	            </control>
				<control type="label">
					<visible>!controlgroup(9000).hasfocus + !$EXP[isTVShow] + $EXP[isMovie] + string.contains(container.folderpath,playlists)</visible>
	                <posx>col-1-begin</posx>
	                <posy>736</posy>
	                <width>12-col</width>
	                <height>2-row</height>
	                <aligny>center</aligny>
	                <font>menuTitle</font>
	                <textcolor>textActive</textcolor>
	                <label>$LOCALIZE[559]</label>
	            </control>
				<control type="panel" id="51">
					<visible>$EXP[isMovie]</visible>
					<posx>90</posx>
					<posy>828</posy>
					<width>1800</width>
					<height>23-row</height>
					<onleft>9000</onleft>
					<onright>60</onright>
					<onup>9103</onup>
					<onback>9103</onback>
					<pagecontrol>60</pagecontrol>
					<scrolltime tween="sine">250</scrolltime>
					<itemlayout width="252" height="438">
						<control type="image">
							<posx>-6</posx>
							<posy>-6</posy>
							<width>240</width>
							<height>354</height>
							<aspectratio>stretch</aspectratio>
							<texture>colors/black.png</texture>
							<bordersize>6</bordersize>
							<colordiffuse>11FFFFFF</colordiffuse>
						</control>
						<control type="image">
							<posx>0</posx>
							<posy>0</posy>
							<width>228</width>
							<height>342</height>
							<aspectratio>stretch</aspectratio>
							<texture>$INFO[ListItem.Art(poster)]</texture>
							<bordersize>6</bordersize>
							<colordiffuse>99FFFFFF</colordiffuse>
						</control>
						<control type="textbox">
							<visible>String.IsEmpty(listitem.title)</visible>
							<posx>24</posx>
							<posy>3-row</posy>
							<width>228</width>
							<height>6-row</height>
							<font>largeTitle</font>
							<wrapmultiline>true</wrapmultiline>
							<textcolor>textActive</textcolor>
							<label>$INFO[ListItem.label]</label>
						</control>
						<control type="label">
							<visible>!controlgroup(9000).hasfocus</visible>
							<posx>12</posx>
							<posy>350</posy>
							<width>204</width>
							<height>1-row</height>
							<aligny>center</aligny>
							<font>thumbTitle</font>
							<textcolor>textActive</textcolor>
							<label>[B]$INFO[ListItem.title][/B][CR]$INFO[ListItem.year]</label>
						</control>
						<control type="group">
							<visible>String.IsEmpty(ListItem.PlayCount)</visible>
							<animation condition="true" effect="fade" end="70" time="0">conditional</animation>
							<posx>166</posx>
							<posy>6</posy>
							<control type="image">
								<posx>0</posx>
								<posy>0</posy>
								<width>56</width>
								<height>56</height>
								<aspectratio>stretch</aspectratio>
								<texture>masks/newContent.png</texture>
								<colordiffuse>highlight</colordiffuse>
							</control>
							<control type="label">
								<posx>28</posx>
								<posy>-4</posy>
								<width>36</width>
								<height>36</height>
								<aligny>center</aligny>
								<font>symbol</font>
								<textcolor>textActive</textcolor>
								<label></label>
							</control>
						</control>
					</itemlayout>
					<focusedlayout width="252" height="438">
						<control type="group">
							<include>focusThumb</include>
							<control type="image">
								<posx>0</posx>
								<posy>0</posy>
								<width>228</width>
								<height>342</height>
								<aspectratio>stretch</aspectratio>
								<texture border="6">colors/black.png</texture>
								<bordertexture border="6" colordiffuse="FFFFFFFF">colors/white.png</bordertexture>
								<bordersize>6</bordersize>
								<colordiffuse>FF000000</colordiffuse>
							</control>
							<control type="image">
								<posx>0</posx>
								<posy>0</posy>
								<width>228</width>
								<height>342</height>
								<aspectratio>stretch</aspectratio>
								<texture>$INFO[ListItem.Art(poster)]</texture>
								<bordersize>6</bordersize>
							</control>
							<control type="textbox">
								<visible>String.IsEmpty(listitem.title)</visible>
								<posx>24</posx>
								<posy>3-row</posy>
								<width>228</width>
								<height>6-row</height>
								<font>largeTitle</font>
								<wrapmultiline>true</wrapmultiline>
								<textcolor>textActive</textcolor>
								<label>$INFO[ListItem.label]</label>
							</control>
							<control type="label">
								<posx>12</posx>
								<posy>354</posy>
								<width>204</width>
								<height>1-row</height>
								<aligny>center</aligny>
								<font>thumbTitle</font>
								<textcolor>textActive</textcolor>
								<label>[B]$INFO[ListItem.title][/B][CR]$INFO[ListItem.year]</label>
							</control>
							<control type="group">
								<visible>String.IsEmpty(ListItem.PlayCount)</visible>
								<posx>166</posx>
								<posy>6</posy>
								<control type="image">
									<posx>0</posx>
									<posy>0</posy>
									<width>56</width>
									<height>56</height>
									<aspectratio>stretch</aspectratio>
									<texture>masks/newContent.png</texture>
									<colordiffuse>highlight</colordiffuse>
								</control>
								<control type="label">
									<posx>28</posx>
									<posy>-4</posy>
									<width>36</width>
									<height>36</height>
									<aligny>center</aligny>
									<font>symbol</font>
									<textcolor>textActive</textcolor>
									<label></label>
								</control>
							</control>
						</control>
					</focusedlayout>
				</control>
			</control>
		</control>
	</include>
</includes>
