<?xml version="1.0" encoding="UTF-8"?>
<includes>
	<include name="Fanart Case Wrap">
		<control type="group">
			<visible>Control.IsVisible(543)</visible>
			<control type="image">
				<left>-10</left>
				<top>610</top>
				<width>1310</width>
				<height>120</height>
				<aspectratio>stretch</aspectratio>
				<texture background="true">ContentPanel.png</texture>
			</control>
			<control type="group">
				<visible>!Container(543).OnNext + !Container(543).OnPrevious</visible>
				<animation effect="fade" time="200">WindowClose</animation> 	
				<animation effect="fade" start="0" end="100" time="1000" delay="2000">WindowOpen</animation> 	
				<animation effect="fade" start="0" end="100" time="1000" delay="2000">Visible</animation>
				<control type="image">
					<left>0</left> 	
					<top>-30</top> 	
					<height>760</height> 	
					<width>1380</width>
					<texture>Black-Back.png</texture>
					<visible>!Container.Content(MusicVideos)</visible>
				</control>
			</control>
			<control type="wraplist" id="543">
				<camera x="640" y="360" /> 	
				<viewtype label="Fanart Case Wrap">bigwrap</viewtype> 	
				<visible>Container.Content(movies) | Container.Content(Musicvideos)</visible> 	
				<animation effect="fade" time="200">WindowClose</animation> 	
				<left>-256</left> 	
				<top>375</top> 	
				<width>1536</width> 	
				<height>345</height> 	
				<scrolltime>200</scrolltime> 	
				<focusposition>3</focusposition> 	
				<orientation>horizontal</orientation> 	
				<onleft>543</onleft> 	
				<onright>543</onright> 	
				<onup>2</onup> 	
				<ondown>73</ondown> 	
				<preloaditems>5</preloaditems> 	
				<pagecontrol>73</pagecontrol> 	
				<itemlayout height="375" width="256"> 	
					<control type="image"> 	
						<left>36</left> 	
						<top>25</top> 	
						<width>176</width> 	
						<height>240</height> 	
						<texture background="true">defaultdvdposter.png</texture> 	
						<aspectratio aligny="bottom">stretch</aspectratio> 	
					</control> 	
					<control type="image"> 	
						<left>36</left> 	
						<top>25</top> 	
						<width>176</width> 	
						<height>240</height> 	
						<texture background="true">$VAR[PosterThumb]</texture>
						<texture background="true"/> 	
						<aspectratio aligny="bottom">stretch</aspectratio> 	
					</control> 	
					<control type="image"> 	
						<left>36</left>	
						<top>0</top> 	
						<width>183</width> 	
						<height>272</height> 	
						<texture background="true">flagging/cases/560.png</texture> 	
						<aspectratio aligny="bottom">stretch</aspectratio> 	
					</control> 	
					<control type="image"> 	
						<left>36</left>	
						<top>0</top> 	
						<width>183</width> 	
						<height>272</height> 	
						<texture background="true">$INFO[ListItem.VideoResolution,flagging/cases/,.png]</texture> 	
						<aspectratio aligny="bottom">stretch</aspectratio> 	
					</control> 	
					<control type="image"> 	
						<left>36</left>	
						<top>281</top> 	
						<width>176</width> 	
						<height>240</height> 	
						<aspectratio aligny="top">stretch</aspectratio> 	
						<texture background="true" flipy="true" diffuse="Thumb_Mask.png">defaultdvdposter.png</texture> 	
						<colordiffuse>33FFFFFF</colordiffuse> 	
					</control> 	
					<control type="image"> 	
						<left>36</left>	
						<top>281</top> 	
						<width>176</width> 	
						<height>240</height> 	
						<texture background="true">$VAR[PosterThumb]</texture>
						<aspectratio aligny="top">stretch</aspectratio> 	
						<texture background="true" flipy="true" diffuse="Thumb_Mask.png"/> 	
						<colordiffuse>33FFFFFF</colordiffuse> 	
					</control> 	
					<control type="image"> 	
						<left>36</left>	
						<top>272</top> 	
						<width>183</width> 	
						<height>269</height> 	
						<aspectratio aligny="top">stretch</aspectratio> 	
						<texture background="true" flipy="true" diffuse="Thumb_Mask.png">flagging/cases/560.png</texture> 	
						<colordiffuse>white</colordiffuse> 	
					</control> 	
					<control type="image"> 	
						<left>36</left>	
						<top>272</top> 	
						<width>183</width> 	
						<height>269</height> 	
						<aspectratio aligny="top">stretch</aspectratio> 	
						<texture background="true" flipy="true" diffuse="Thumb_Mask.png">$INFO[ListItem.VideoResolution,flagging/cases/,.png]</texture> 	
						<colordiffuse>white</colordiffuse> 	
					</control> 	
					<control type="image"> 	
						<left>173</left> 	
						<top>239</top> 	
						<width>64</width> 	
						<height>45</height> 	
						<info>ListItem.Overlay</info> 	
						<visible>!Skin.HasSetting(menu-overlay)</visible> 	
					</control> 	
				</itemlayout> 	
				<focusedlayout height="375" width="256"> 	
					<control type="image"> 	
						<left>36</left>	
						<top>25</top> 	
						<width>176</width> 	
						<height>240</height> 	
						<texture background="true">$VAR[PosterThumb]</texture> 	
						<texture background="true">defaultdvdposter.png</texture> 	
						<aspectratio aligny="bottom">stretch</aspectratio> 	
						<animation type="Focus"> 	
							<effect type="zoom" tween="cubic" end="-1.77,-20,250.50,340.17" time="400"/> 
						</animation> 	
					</control> 	
					<control type="image"> 	
						<left>36</left>	
						<top>0</top> 	
						<width>183</width> 	
						<height>272</height> 	
						<texture background="true">flagging/cases/560.png</texture> 	
						<aspectratio aligny="bottom">stretch</aspectratio> 	
						<animation type="Focus"> 	
							<effect type="zoom" tween="cubic" end="-1.77,-53.75,259.55,383.42" time="400"/> 	
						</animation> 	
					</control> 	
					<control type="image"> 	
						<left>36</left>	
						<top>0</top> 	
						<width>183</width> 	
						<height>272</height> 	
						<texture background="true">$INFO[ListItem.VideoResolution,flagging/cases/,.png]</texture> 	
						<aspectratio aligny="bottom">stretch</aspectratio> 	
						<animation type="Focus"> 	
							<effect type="zoom" tween="cubic" end="-1.77,-53.75,259.55,383.42" time="400"/> 	
						</animation> 	
					</control> 	
					<control type="image"> 	
						<left>36</left>	
						<top>281</top> 	
						<width>176</width> 	
						<height>240</height> 	
						<texture background="true">$VAR[PosterThumb]</texture>
						<aspectratio aligny="top">stretch</aspectratio> 	
						<texture background="true" flipy="true" diffuse="Thumb_Mask.png">defaultdvdposter.png</texture> 	
						<colordiffuse>33FFFFFF</colordiffuse> 	
						<animation type="Focus"> 	
							<effect type="zoom" tween="cubic" end="-1.77,339.37,250.50,340.17" time="400"/> 	
						</animation> 	
					</control> 	
					<control type="image"> 	
						<left>36</left>	
						<top>269</top> 	
						<width>183</width> 	
						<height>269</height> 	
						<aspectratio aligny="top">stretch</aspectratio> 	
						<texture background="true" flipy="true" diffuse="Thumb_Mask.png">flagging/cases/560.png</texture> 	
						<colordiffuse>33FFFFFF</colordiffuse> 	
						<animation type="Focus"> 	
							<effect type="zoom" tween="cubic" end="-1.77,327.80,259.55,382.17" time="400"/> 	
						</animation> 	
					</control> 	
					<control type="image"> 	
						<left>36</left>	
						<top>269</top> 	
						<width>183</width> 	
						<height>269</height> 	
						<aspectratio aligny="top">stretch</aspectratio> 	
						<texture background="true" flipy="true" diffuse="Thumb_Mask.png">$INFO[ListItem.VideoResolution,flagging/cases/,.png]</texture> 	
						<colordiffuse>33FFFFFF</colordiffuse> 	
						<animation type="Focus"> 	
							<effect type="zoom" tween="cubic" end="-1.77,327.80,259.55,382.17" time="400"/> 	
						</animation> 	
					</control> 	
					<control type="image"> 	
						<left>173.33</left> 	
						<top>239</top> 	
						<width>64</width> 	
						<height>45</height> 	
						<info>ListItem.Overlay</info> 	
						<visible>!Skin.HasSetting(menu-overlay)</visible> 	
						<animation effect="zoom" tween="cubic" end="197.33,278.12,88.88,62.50" time="400">Focus</animation> 	
					</control>
                
				</focusedlayout> 	
			</control>
			<control type="image">
				<left>-10</left>
				<top>675</top>
				<width>1310</width>
				<height>50</height>
				<aspectratio>stretch</aspectratio>
				<texture background="true">HomeNowPlayingBack.png</texture>
			</control>
			<control type="grouplist">
				<description>Media Codec Flagging Images</description>
				<left>-60</left>
				<top>670</top>
				<width>690</width>
				<align>left</align>
				<itemgap>4</itemgap>
				<orientation>horizontal</orientation>
				      <include>VideoTypeHackFlaggingConditions</include>
				       <include>VideoCodecFlaggingConditions</include>
				       <include>VideoStereoscopicsFlaggingConditions</include>
				       <include>VideoHDRFlaggingConditions</include>
				       <include>AspectCodecFlaggingConditions</include>
				      <include>AudioChannelsFlaggingConditions</include>
				       <include>AudioCodecFlaggingConditions</include>
					   <include>VideoMPAAFlaggingConditions</include>
						<include>VideoBBFCFlaggingConditions</include>	
			</control>
             
			<control type="group">
				<visible>!Skin.HasSetting(fullinfo)</visible>
				<visible>!Container(543).OnNext + !Container(543).OnPrevious + Control.IsVisible(543) + !Container.Content(MusicVideos)</visible>
				<animation effect="fade" start="0" end="100" time="1000" delay="2500">Visible</animation>
				<control type="label">
					<left>30</left>
					<top>80</top>
					<width>1220</width>
					<height>35</height>
					<font>font30_title</font>
					<textcolor>white</textcolor>
					<shadowcolor>black</shadowcolor>
					<scroll>true</scroll>
					<align>center</align>
					<aligny>center</aligny>
					<label>$INFO[ListItem.Label]</label>
				</control>
				<control type="label">
					<left>0</left>
					<top>115</top>
					<width>1280</width>
					<height>35</height>
					<font>font30</font>
					<textcolor>white</textcolor>
					<shadowcolor>black</shadowcolor>
					<scroll>true</scroll>
					<align>center</align>
					<aligny>center</aligny>
					<label>$INFO[ListItem.Year]</label>
				</control>
				<control type="image">
					<description>Rating value</description>
					<left>580</left>
					<top>150</top>
					<width>120</width>
					<height>30</height>
					<aspectratio>keep</aspectratio>
					<texture>CenterRating/$INFO[ListItem.StarRating]</texture>
				</control>
				<control type="label">
					<left>0</left>
					<top>185</top>
					<width>1280</width>
					<height>35</height>
					<font>font13caps</font>
					<textcolor>white</textcolor>
					<shadowcolor>black</shadowcolor>
					<scroll>true</scroll>
					<align>center</align>
					<aligny>center</aligny>
					<label>$INFO[ListItem.Duration,$LOCALIZE[2050] , $LOCALIZE[12391]]</label>
				</control>
			</control>
			<control type="group"> 
				<left>0</left> 	
				<top>0</top>
				<visible>Skin.HasSetting(fullinfo)</visible>
				<visible>!Container(543).OnNext + !Container(543).OnPrevious + Control.IsVisible(543) + !Container.Content(MusicVideos)</visible> 
				<animation effect="fade" time="200">WindowClose</animation> 	
				<animation effect="fade" start="0" end="100" time="1000" delay="2500">WindowOpen</animation> 	
				<animation effect="fade" start="0" end="100" time="1000" delay="2500">Visible</animation>
				<control type="label">
					<left>0</left> 	
					<top>80</top> 	
					<height>25</height> 	
					<width>1280</width> 	
					<textcolor>white</textcolor> 	
					<scroll>true</scroll> 	
					<font>font30_title</font>
					<label>$INFO[ListItem.label]</label>			
					<align>center</align> 	
					<aligny>center</aligny> 	
					<scroll>true</scroll> 	
				</control> 
				<control type="label">
					<left>150</left> 	
					<top>130</top> 	
					<height>25</height> 	
					<width>1280</width> 	
					<textcolor>white</textcolor> 	
					<scroll>true</scroll> 	
					<font>font13</font>
					<label>[COLOR=blue] $LOCALIZE[20339]: [/COLOR] $INFO[ListItem.Director]</label>			
					<align>left</align> 	
					<aligny>left</aligny> 	
					<scroll>true</scroll> 	
				</control>
				<control type="label">
					<left>150</left> 	
					<top>170</top> 	
					<height>25</height> 	
					<width>1280</width> 	
					<textcolor>white</textcolor> 	
					<scroll>true</scroll> 	
					<font>font13</font>
					<label>[COLOR=blue] $LOCALIZE[2050]: [/COLOR] $INFO[ListItem.duration] $LOCALIZE[12391]</label>			
					<align>left</align> 	
					<aligny>left</aligny> 	
					<scroll>true</scroll> 	
				</control>
				<control type="label">
					<left>150</left> 	
					<top>210</top> 	
					<height>25</height> 	
					<width>1280</width> 	
					<textcolor>white</textcolor> 	
					<scroll>true</scroll> 	
					<font>font13</font>
					<label>[COLOR=blue] $LOCALIZE[13408]: [/COLOR] $INFO[ListItem.IsCollection]</label>			
					<align>left</align> 	
					<aligny>left</aligny> 	
					<scroll>true</scroll> 	
				</control>
				<control type="label">
					<left>150</left> 	
					<top>250</top> 	
					<height>25</height> 	
					<width>1280</width> 	
					<textcolor>white</textcolor> 	
					<scroll>true</scroll> 	
					<font>font13</font>
					<label>[COLOR=blue] $LOCALIZE[40025]: [/COLOR] $INFO[ListItem.mpaa]</label>			
					<align>left</align> 	
					<aligny>left</aligny> 	
					<scroll>true</scroll> 	
				</control>
				<control type="label">
					<left>150</left> 	
					<top>290</top> 	
					<height>25</height> 	
					<width>480</width> 	
					<textcolor>white</textcolor> 	
					<scroll>false</scroll> 	
					<font>font13</font>
					<label>[COLOR=blue] $LOCALIZE[40026]: [/COLOR] $INFO[ListItem.genre]</label>			
					<align>left</align> 	
					<aligny>left</aligny> 	
					<scroll>true</scroll> 	
				</control>
				<control type="textbox">
					<left>750</left> 	
					<top>125</top> 	
					<height>190</height> 	
					<width>480</width> 	
					<textcolor>white</textcolor> 	
					<autoscroll time="2000" delay="3000" repeat="5000">Skin.HasSetting(AutoScroll)</autoscroll> 	
					<font>font13</font>
					<label>[COLOR=blue] $LOCALIZE[40027]: [/COLOR] $INFO[ListItem.plot]</label>			
					<align>left</align> 	
					<aligny>left</aligny> 	
					<scroll>true</scroll> 	
				</control>
				
			</control>
		</control>
	</include> 	 
</includes>